venta_id,fecha,hora,cliente_id,cliente_nombre,producto_id,cantidad,precio_unitario,descuento,metodo_pago
VTA-000001,2026-01-01,07:35:00,CLI-001,Rosa Mendoza,PROD-011,4,4.23,2.42,PLIN
VTA-000001,2026-01-01,07:35:00,CLI-001,Rosa Mendoza,PROD-007,6,3.29,0.00,PLIN
VTA-000001,2026-01-01,07:35:00,CLI-001,Rosa Mendoza,PROD-033,3,9.31,0.00,PLIN
VTA-000002,2026-01-01,21:17:28,CLI-002,José Mendoza,PROD-011,3,4.23,0.00,YAPE
VTA-000003,2026-01-01,16:09:11,CLI-003,María Mendoza,PROD-016,3,10.81,0.00,EFECTIVO
VTA-000003,2026-01-01,16:09:11,CLI-003,María Mendoza,PROD-017,5,7.99,2.53,EFECTIVO
VTA-000004,2026-01-01,19:09:19,CLI-004,Luis Mendoza,PROD-005,1,6.49,0.00,YAPE
VTA-000005,2026-01-01,14:56:17,CLI-005,Carmen Mendoza,PROD-029,2,2.63,0.00,EFECTIVO
VTA-000005,2026-01-01,14:56:17,CLI-005,Carmen Mendoza,PROD-018,3,3.95,0.00,EFECTIVO
VTA-000005,2026-01-01,14:56:17,CLI-005,Carmen Mendoza,PROD-008,6,3.01,0.98,EFECTIVO
VTA-000006,2026-01-01,14:20:44,CLI-006,Carlos Mendoza,PROD-029,4,2.63,0.00,EFECTIVO
VTA-000006,2026-01-01,14:20:44,CLI-006,Carlos Mendoza,PROD-031,16,0.38,0.17,EFECTIVO
VTA-000007,2026-01-01,12:03:46,CLI-007,Ana Mendoza,PROD-012,1,7.43,0.00,YAPE
VTA-000008,2026-01-01,12:23:39,CLI-008,Jorge Mendoza,PROD-013,3,2.07,0.00,TARJETA
VTA-000008,2026-01-01,12:23:39,CLI-008,Jorge Mendoza,PROD-005,3,6.49,0.00,TARJETA
VTA-000008,2026-01-01,12:23:39,CLI-008,Jorge Mendoza,PROD-010,6,3.76,0.00,TARJETA
VTA-000009,2026-01-01,19:48:00,CLI-009,Lucía Mendoza,PROD-004,2,3.29,0.00,EFECTIVO
VTA-000009,2026-01-01,19:48:00,CLI-009,Lucía Mendoza,PROD-013,2,2.07,0.00,EFECTIVO
VTA-000010,2026-01-01,14:19:09,CLI-010,Miguel Mendoza,PROD-004,4,3.29,0.00,EFECTIVO
VTA-000010,2026-01-01,14:19:09,CLI-010,Miguel Mendoza,PROD-031,15,0.38,0.00,EFECTIVO
VTA-000011,2026-01-01,07:24:01,CLI-011,Elena Mendoza,PROD-006,4,1.88,0.00,PLIN
VTA-000012,2026-01-01,15:10:06,CLI-012,Pedro Mendoza,PROD-006,4,1.88,0.00,EFECTIVO
VTA-000012,2026-01-01,15:10:06,CLI-012,Pedro Mendoza,PROD-013,1,2.07,0.00,EFECTIVO
VTA-000012,2026-01-01,15:10:06,CLI-012,Pedro Mendoza,PROD-016,2,10.81,0.00,EFECTIVO
VTA-000012,2026-01-01,15:10:06,CLI-012,Pedro Mendoza,PROD-002,5,4.51,0.00,EFECTIVO
VTA-000013,2026-01-01,11:56:14,CLI-013,Patricia Mendoza,PROD-003,3,10.25,0.00,EFECTIVO
VTA-000013,2026-01-01,11:56:14,CLI-013,Patricia Mendoza,PROD-006,1,1.88,0.00,EFECTIVO
VTA-000013,2026-01-01,11:56:14,CLI-013,Patricia Mendoza,PROD-026,3,1.41,0.00,EFECTIVO
VTA-000013,2026-01-01,11:56:14,CLI-013,Patricia Mendoza,PROD-013,5,2.07,0.00,EFECTIVO
VTA-000014,2026-01-01,17:55:43,CLI-014,Juan Mendoza,PROD-028,6,1.88,0.00,YAPE
VTA-000014,2026-01-01,17:55:43,CLI-014,Juan Mendoza,PROD-008,6,3.01,0.00,YAPE
VTA-000015,2026-01-01,09:14:41,CLI-015,Milagros Mendoza,PROD-007,3,3.29,0.00,YAPE
VTA-000015,2026-01-01,09:14:41,CLI-015,Milagros Mendoza,PROD-013,5,2.07,0.00,YAPE
VTA-000016,2026-01-01,14:19:37,CLI-016,Víctor Mendoza,PROD-022,6,3.01,0.00,EFECTIVO
VTA-000016,2026-01-01,14:19:37,CLI-016,Víctor Mendoza,PROD-019,5,8.37,0.00,EFECTIVO
VTA-000016,2026-01-01,14:19:37,CLI-016,Víctor Mendoza,PROD-031,12,0.38,0.00,EFECTIVO
VTA-000016,2026-01-01,14:19:37,CLI-016,Víctor Mendoza,PROD-008,3,3.01,0.46,EFECTIVO
VTA-000016,2026-01-01,14:19:37,CLI-016,Víctor Mendoza,PROD-006,2,1.88,0.00,EFECTIVO
VTA-000017,2026-01-01,10:03:12,CLI-017,Claudia Mendoza,PROD-007,2,3.29,0.00,EFECTIVO
VTA-000017,2026-01-01,10:03:12,CLI-017,Claudia Mendoza,PROD-015,5,8.37,0.00,EFECTIVO
VTA-000018,2026-01-01,20:20:50,CLI-018,Renzo Mendoza,PROD-008,6,3.01,0.00,YAPE
VTA-000018,2026-01-01,20:20:50,CLI-018,Renzo Mendoza,PROD-028,1,1.88,0.00,YAPE
VTA-000018,2026-01-01,20:20:50,CLI-018,Renzo Mendoza,PROD-004,6,3.29,0.00,YAPE
VTA-000019,2026-01-02,09:32:31,CLI-019,Diana Mendoza,PROD-005,1,6.49,0.00,EFECTIVO
VTA-000019,2026-01-02,09:32:31,CLI-019,Diana Mendoza,PROD-031,13,0.38,0.73,EFECTIVO
VTA-000020,2026-01-02,12:36:44,CLI-020,Marco Mendoza,PROD-006,4,1.88,0.00,YAPE
VTA-000020,2026-01-02,12:36:44,CLI-020,Marco Mendoza,PROD-008,3,3.01,0.00,YAPE
VTA-000021,2026-01-02,18:10:13,CLI-021,Rosa García,PROD-013,6,2.07,0.00,EFECTIVO
VTA-000021,2026-01-02,18:10:13,CLI-021,Rosa García,PROD-008,5,3.01,0.00,EFECTIVO
VTA-000021,2026-01-02,18:10:13,CLI-021,Rosa García,PROD-020,6,6.11,0.00,EFECTIVO
VTA-000022,2026-01-02,11:51:03,CLI-022,José García,PROD-028,1,1.88,0.00,EFECTIVO
VTA-000022,2026-01-02,11:51:03,CLI-022,José García,PROD-029,6,2.63,0.54,EFECTIVO
VTA-000023,2026-01-02,08:54:23,CLI-023,María García,PROD-004,3,3.29,0.44,EFECTIVO
VTA-000023,2026-01-02,08:54:23,CLI-023,María García,PROD-019,5,8.37,0.00,EFECTIVO
VTA-000023,2026-01-02,08:54:23,CLI-023,María García,PROD-007,1,3.29,0.00,EFECTIVO
VTA-000023,2026-01-02,08:54:23,CLI-023,María García,PROD-014,2,8.93,0.53,EFECTIVO
VTA-000024,2026-01-02,12:41:39,CLI-024,Luis García,PROD-001,5,4.89,0.00,YAPE
VTA-000024,2026-01-02,12:41:39,CLI-024,Luis García,PROD-004,6,3.29,0.00,YAPE
VTA-000024,2026-01-02,12:41:39,CLI-024,Luis García,PROD-028,1,1.88,0.26,YAPE
VTA-000024,2026-01-02,12:41:39,CLI-024,Luis García,PROD-006,6,1.88,0.00,YAPE
VTA-000025,2026-01-02,20:58:11,CLI-025,Carmen García,PROD-009,3,5.55,0.00,YAPE
VTA-000026,2026-01-02,08:45:02,CLI-026,Carlos García,PROD-031,7,0.38,0.00,TARJETA
VTA-000026,2026-01-02,08:45:02,CLI-026,Carlos García,PROD-032,5,6.11,0.00,TARJETA
VTA-000027,2026-01-02,18:52:21,CLI-027,Ana García,PROD-009,3,5.55,0.00,YAPE
VTA-000028,2026-01-02,17:48:45,CLI-028,Jorge García,PROD-022,5,3.01,0.00,YAPE
VTA-000028,2026-01-02,17:48:45,CLI-028,Jorge García,PROD-013,4,2.07,0.00,YAPE
VTA-000028,2026-01-02,17:48:45,CLI-028,Jorge García,PROD-026,6,1.41,0.00,YAPE
VTA-000028,2026-01-02,17:48:45,CLI-028,Jorge García,PROD-029,6,2.63,0.00,YAPE
VTA-000029,2026-01-02,17:31:34,CLI-029,Lucía García,PROD-008,5,3.01,0.00,PLIN
VTA-000030,2026-01-02,14:45:24,CLI-030,Miguel García,PROD-033,3,9.31,0.00,EFECTIVO
VTA-000031,2026-01-02,12:10:45,CLI-031,Elena García,PROD-011,6,4.23,0.00,YAPE
VTA-000031,2026-01-02,12:10:45,CLI-031,Elena García,PROD-001,3,4.89,0.00,YAPE
VTA-000031,2026-01-02,12:10:45,CLI-031,Elena García,PROD-013,1,2.07,0.00,YAPE
VTA-000032,2026-01-02,12:52:18,CLI-032,Pedro García,PROD-029,6,2.63,0.00,YAPE
VTA-000032,2026-01-02,12:52:18,CLI-032,Pedro García,PROD-017,6,7.99,0.00,YAPE
VTA-000032,2026-01-02,12:52:18,CLI-032,Pedro García,PROD-016,1,10.81,0.00,YAPE
VTA-000032,2026-01-02,12:52:18,CLI-032,Pedro García,PROD-001,2,4.89,0.46,YAPE
VTA-000032,2026-01-02,12:52:18,CLI-032,Pedro García,PROD-019,2,8.37,0.00,YAPE
VTA-000033,2026-01-02,13:42:45,CLI-033,Patricia García,PROD-009,6,5.55,4.67,EFECTIVO
VTA-000033,2026-01-02,13:42:45,CLI-033,Patricia García,PROD-004,5,3.29,0.61,EFECTIVO
VTA-000033,2026-01-02,13:42:45,CLI-033,Patricia García,PROD-002,6,4.51,0.00,EFECTIVO
VTA-000034,2026-01-02,09:26:37,CLI-034,Juan García,PROD-006,1,1.88,0.00,YAPE
VTA-000035,2026-01-02,09:32:13,CLI-035,Milagros García,PROD-009,3,5.55,0.00,EFECTIVO
VTA-000036,2026-01-02,08:16:23,CLI-036,Víctor García,PROD-003,6,10.25,4.90,EFECTIVO
VTA-000036,2026-01-02,08:16:23,CLI-036,Víctor García,PROD-031,8,0.38,0.00,EFECTIVO
VTA-000037,2026-01-02,18:34:17,CLI-037,Claudia García,PROD-013,5,2.07,0.25,TARJETA
VTA-000037,2026-01-02,18:34:17,CLI-037,Claudia García,PROD-026,4,1.41,0.00,TARJETA
VTA-000038,2026-01-02,19:15:15,CLI-038,Renzo García,PROD-033,4,9.31,0.00,EFECTIVO
VTA-000039,2026-01-02,18:45:08,CLI-039,Diana García,PROD-022,5,3.01,0.00,EFECTIVO
VTA-000039,2026-01-02,18:45:08,CLI-039,Diana García,PROD-006,4,1.88,0.00,EFECTIVO
VTA-000039,2026-01-02,18:45:08,CLI-039,Diana García,PROD-011,6,4.23,2.68,EFECTIVO
VTA-000039,2026-01-02,18:45:08,CLI-039,Diana García,PROD-028,1,1.88,0.00,EFECTIVO
VTA-000040,2026-01-02,16:55:07,CLI-040,Marco García,PROD-026,2,1.41,0.00,TARJETA
VTA-000040,2026-01-02,16:55:07,CLI-040,Marco García,PROD-029,6,2.63,0.00,TARJETA
VTA-000040,2026-01-02,16:55:07,CLI-040,Marco García,PROD-003,1,10.25,0.00,TARJETA
VTA-000041,2026-01-02,16:43:31,CLI-041,Rosa Castro,PROD-010,6,3.76,0.00,EFECTIVO
VTA-000041,2026-01-02,16:43:31,CLI-041,Rosa Castro,PROD-013,5,2.07,0.00,EFECTIVO
VTA-000041,2026-01-02,16:43:31,CLI-041,Rosa Castro,PROD-007,1,3.29,0.00,EFECTIVO
VTA-000042,2026-01-02,18:01:43,CLI-042,José Castro,PROD-012,3,7.43,0.00,EFECTIVO
VTA-000043,2026-01-02,09:28:53,CLI-043,María Castro,PROD-012,1,7.43,0.00,TARJETA
VTA-000043,2026-01-02,09:28:53,CLI-043,María Castro,PROD-005,3,6.49,1.50,TARJETA
VTA-000043,2026-01-02,09:28:53,CLI-043,María Castro,PROD-029,2,2.63,0.00,TARJETA
VTA-000043,2026-01-02,09:28:53,CLI-043,María Castro,PROD-006,1,1.88,0.00,TARJETA
VTA-000043,2026-01-02,09:28:53,CLI-043,María Castro,PROD-008,5,3.01,0.00,TARJETA
VTA-000044,2026-01-02,11:07:15,CLI-044,Luis Castro,PROD-001,3,4.89,0.00,PLIN
VTA-000045,2026-01-02,21:32:11,CLI-045,Carmen Castro,PROD-008,4,3.01,0.00,YAPE
VTA-000045,2026-01-02,21:32:11,CLI-045,Carmen Castro,PROD-009,5,5.55,0.00,YAPE
VTA-000045,2026-01-02,21:32:11,CLI-045,Carmen Castro,PROD-022,6,3.01,0.00,YAPE
VTA-000046,2026-01-02,14:45:55,CLI-046,Carlos Castro,PROD-023,4,7.05,0.00,YAPE
VTA-000047,2026-01-02,10:14:40,CLI-047,Ana Castro,PROD-009,4,5.55,0.00,PLIN
VTA-000047,2026-01-02,10:14:40,CLI-047,Ana Castro,PROD-002,6,4.51,0.00,PLIN
VTA-000048,2026-01-03,11:23:55,CLI-048,Jorge Castro,PROD-011,5,4.23,0.00,TARJETA
VTA-000049,2026-01-03,12:40:40,CLI-049,Lucía Castro,PROD-014,6,8.93,0.00,EFECTIVO
VTA-000049,2026-01-03,12:40:40,CLI-049,Lucía Castro,PROD-003,1,10.25,1.27,EFECTIVO
VTA-000049,2026-01-03,12:40:40,CLI-049,Lucía Castro,PROD-031,11,0.38,0.00,EFECTIVO
VTA-000049,2026-01-03,12:40:40,CLI-049,Lucía Castro,PROD-027,4,2.35,0.00,EFECTIVO
VTA-000049,2026-01-03,12:40:40,CLI-049,Lucía Castro,PROD-011,3,4.23,0.00,EFECTIVO
VTA-000050,2026-01-03,11:49:37,CLI-050,Miguel Castro,PROD-009,3,5.55,0.00,PLIN
VTA-000050,2026-01-03,11:49:37,CLI-050,Miguel Castro,PROD-001,3,4.89,0.00,PLIN
VTA-000050,2026-01-03,11:49:37,CLI-050,Miguel Castro,PROD-026,6,1.41,0.00,PLIN
VTA-000050,2026-01-03,11:49:37,CLI-050,Miguel Castro,PROD-006,6,1.88,0.00,PLIN
VTA-000051,2026-01-03,11:24:53,CLI-051,Elena Castro,PROD-011,5,4.23,0.00,EFECTIVO
VTA-000051,2026-01-03,11:24:53,CLI-051,Elena Castro,PROD-006,3,1.88,0.00,EFECTIVO
VTA-000052,2026-01-03,15:39:07,CLI-052,Pedro Castro,PROD-026,6,1.41,0.00,PLIN
VTA-000052,2026-01-03,15:39:07,CLI-052,Pedro Castro,PROD-003,6,10.25,0.00,PLIN
VTA-000052,2026-01-03,15:39:07,CLI-052,Pedro Castro,PROD-008,2,3.01,0.00,PLIN
VTA-000052,2026-01-03,15:39:07,CLI-052,Pedro Castro,PROD-010,5,3.76,0.00,PLIN
VTA-000053,2026-01-03,15:08:45,CLI-053,Patricia Castro,PROD-005,2,6.49,0.00,EFECTIVO
VTA-000053,2026-01-03,15:08:45,CLI-053,Patricia Castro,PROD-018,1,3.95,0.00,EFECTIVO
VTA-000054,2026-01-03,18:48:30,CLI-054,Juan Castro,PROD-018,2,3.95,1.13,YAPE
VTA-000054,2026-01-03,18:48:30,CLI-054,Juan Castro,PROD-026,1,1.41,0.00,YAPE
VTA-000054,2026-01-03,18:48:30,CLI-054,Juan Castro,PROD-006,6,1.88,0.00,YAPE
VTA-000054,2026-01-03,18:48:30,CLI-054,Juan Castro,PROD-013,5,2.07,0.00,YAPE
VTA-000054,2026-01-03,18:48:30,CLI-054,Juan Castro,PROD-027,4,2.35,0.00,YAPE
VTA-000055,2026-01-03,20:39:00,CLI-055,Milagros Castro,PROD-034,3,4.23,0.00,YAPE
VTA-000056,2026-01-03,18:13:08,CLI-056,Víctor Castro,PROD-004,5,3.29,0.00,EFECTIVO
VTA-000057,2026-01-03,14:26:07,CLI-057,Claudia Castro,PROD-028,4,1.88,0.00,PLIN
VTA-000057,2026-01-03,14:26:07,CLI-057,Claudia Castro,PROD-007,1,3.29,0.00,PLIN
VTA-000058,2026-01-03,17:58:44,CLI-058,Renzo Castro,PROD-027,4,2.35,0.23,EFECTIVO
VTA-000059,2026-01-03,11:14:05,CLI-059,Diana Castro,PROD-001,5,4.89,0.00,EFECTIVO
VTA-000060,2026-01-03,09:23:40,CLI-060,Marco Castro,PROD-026,3,1.41,0.00,PLIN
VTA-000060,2026-01-03,09:23:40,CLI-060,Marco Castro,PROD-006,1,1.88,0.00,PLIN
VTA-000060,2026-01-03,09:23:40,CLI-060,Marco Castro,PROD-004,4,3.29,0.00,PLIN
VTA-000060,2026-01-03,09:23:40,CLI-060,Marco Castro,PROD-010,3,3.76,0.00,PLIN
VTA-000060,2026-01-03,09:23:40,CLI-060,Marco Castro,PROD-007,4,3.29,0.00,PLIN
VTA-000061,2026-01-03,11:35:12,CLI-061,Rosa Díaz,PROD-003,2,10.25,0.00,EFECTIVO
VTA-000062,2026-01-03,11:56:17,CLI-062,José Díaz,PROD-028,2,1.88,0.00,EFECTIVO
VTA-000062,2026-01-03,11:56:17,CLI-062,José Díaz,PROD-002,3,4.51,0.00,EFECTIVO
VTA-000062,2026-01-03,11:56:17,CLI-062,José Díaz,PROD-022,2,3.01,0.00,EFECTIVO
VTA-000063,2026-01-03,09:03:31,CLI-063,María Díaz,PROD-013,3,2.07,0.00,TARJETA
VTA-000063,2026-01-03,09:03:31,CLI-063,María Díaz,PROD-015,6,8.37,0.00,TARJETA
VTA-000063,2026-01-03,09:03:31,CLI-063,María Díaz,PROD-001,3,4.89,0.00,TARJETA
VTA-000064,2026-01-03,16:52:39,CLI-064,Luis Díaz,PROD-010,5,3.76,0.00,EFECTIVO
VTA-000065,2026-01-03,13:26:09,CLI-065,Carmen Díaz,PROD-031,7,0.38,0.00,YAPE
VTA-000065,2026-01-03,13:26:09,CLI-065,Carmen Díaz,PROD-018,6,3.95,0.00,YAPE
VTA-000065,2026-01-03,13:26:09,CLI-065,Carmen Díaz,PROD-028,1,1.88,0.00,YAPE
VTA-000065,2026-01-03,13:26:09,CLI-065,Carmen Díaz,PROD-013,4,2.07,0.00,YAPE
VTA-000066,2026-01-03,10:09:26,CLI-066,Carlos Díaz,PROD-031,5,0.38,0.00,EFECTIVO
VTA-000067,2026-01-03,11:45:46,CLI-067,Ana Díaz,PROD-006,2,1.88,0.00,YAPE
VTA-000067,2026-01-03,11:45:46,CLI-067,Ana Díaz,PROD-028,5,1.88,0.00,YAPE
VTA-000067,2026-01-03,11:45:46,CLI-067,Ana Díaz,PROD-023,4,7.05,0.00,YAPE
VTA-000067,2026-01-03,11:45:46,CLI-067,Ana Díaz,PROD-002,6,4.51,0.00,YAPE
VTA-000068,2026-01-03,19:42:17,CLI-068,Jorge Díaz,PROD-004,3,3.29,1.31,EFECTIVO
VTA-000068,2026-01-03,19:42:17,CLI-068,Jorge Díaz,PROD-029,2,2.63,0.00,EFECTIVO
VTA-000069,2026-01-04,15:47:25,CLI-069,Lucía Díaz,PROD-006,6,1.88,0.00,EFECTIVO
VTA-000070,2026-01-04,15:05:57,CLI-070,Miguel Díaz,PROD-020,2,6.11,0.00,TARJETA
VTA-000070,2026-01-04,15:05:57,CLI-070,Miguel Díaz,PROD-006,3,1.88,0.00,TARJETA
VTA-000070,2026-01-04,15:05:57,CLI-070,Miguel Díaz,PROD-012,6,7.43,0.00,TARJETA
VTA-000071,2026-01-04,13:58:16,CLI-071,Elena Díaz,PROD-010,3,3.76,1.60,PLIN
VTA-000072,2026-01-04,12:18:54,CLI-072,Pedro Díaz,PROD-031,14,0.38,0.00,TARJETA
VTA-000072,2026-01-04,12:18:54,CLI-072,Pedro Díaz,PROD-029,5,2.63,0.00,TARJETA
VTA-000072,2026-01-04,12:18:54,CLI-072,Pedro Díaz,PROD-008,1,3.01,0.00,TARJETA
VTA-000072,2026-01-04,12:18:54,CLI-072,Pedro Díaz,PROD-028,2,1.88,0.00,TARJETA
VTA-000073,2026-01-04,19:04:17,CLI-073,Patricia Díaz,PROD-026,3,1.41,0.00,EFECTIVO
VTA-000074,2026-01-04,15:48:47,CLI-074,Juan Díaz,PROD-004,1,3.29,0.00,EFECTIVO
VTA-000074,2026-01-04,15:48:47,CLI-074,Juan Díaz,PROD-012,3,7.43,1.32,EFECTIVO
VTA-000074,2026-01-04,15:48:47,CLI-074,Juan Díaz,PROD-007,1,3.29,0.00,EFECTIVO
VTA-000075,2026-01-04,20:25:07,CLI-075,Milagros Díaz,PROD-006,5,1.88,0.00,PLIN
VTA-000075,2026-01-04,20:25:07,CLI-075,Milagros Díaz,PROD-005,5,6.49,0.00,PLIN
VTA-000075,2026-01-04,20:25:07,CLI-075,Milagros Díaz,PROD-009,1,5.55,0.00,PLIN
VTA-000076,2026-01-04,14:57:08,CLI-076,Víctor Díaz,PROD-026,1,1.41,0.00,EFECTIVO
VTA-000076,2026-01-04,14:57:08,CLI-076,Víctor Díaz,PROD-004,5,3.29,0.00,EFECTIVO
VTA-000076,2026-01-04,14:57:08,CLI-076,Víctor Díaz,PROD-027,6,2.35,0.00,EFECTIVO
VTA-000077,2026-01-04,16:22:41,CLI-077,Claudia Díaz,PROD-007,4,3.29,0.00,EFECTIVO
VTA-000077,2026-01-04,16:22:41,CLI-077,Claudia Díaz,PROD-018,4,3.95,0.00,EFECTIVO
VTA-000077,2026-01-04,16:22:41,CLI-077,Claudia Díaz,PROD-027,4,2.35,0.00,EFECTIVO
VTA-000077,2026-01-04,16:22:41,CLI-077,Claudia Díaz,PROD-031,11,0.38,0.00,EFECTIVO
VTA-000078,2026-01-04,16:17:24,CLI-078,Renzo Díaz,PROD-007,4,3.29,0.00,EFECTIVO
VTA-000079,2026-01-04,18:37:08,CLI-079,Diana Díaz,PROD-007,4,3.29,0.00,EFECTIVO
VTA-000079,2026-01-04,18:37:08,CLI-079,Diana Díaz,PROD-002,6,4.51,0.00,EFECTIVO
VTA-000079,2026-01-04,18:37:08,CLI-079,Diana Díaz,PROD-032,2,6.11,0.00,EFECTIVO
VTA-000079,2026-01-04,18:37:08,CLI-079,Diana Díaz,PROD-008,1,3.01,0.00,EFECTIVO
VTA-000079,2026-01-04,18:37:08,CLI-079,Diana Díaz,PROD-022,1,3.01,0.15,EFECTIVO
VTA-000080,2026-01-04,21:38:37,CLI-080,Marco Díaz,PROD-013,5,2.07,0.00,PLIN
VTA-000080,2026-01-04,21:38:37,CLI-080,Marco Díaz,PROD-018,6,3.95,2.41,PLIN
VTA-000081,2026-01-04,14:21:20,CLI-081,Rosa Rojas,PROD-031,8,0.38,0.00,EFECTIVO
VTA-000081,2026-01-04,14:21:20,CLI-081,Rosa Rojas,PROD-006,1,1.88,0.14,EFECTIVO
VTA-000082,2026-01-04,11:29:18,CLI-082,José Rojas,PROD-022,6,3.01,0.00,EFECTIVO
VTA-000082,2026-01-04,11:29:18,CLI-082,José Rojas,PROD-007,1,3.29,0.00,EFECTIVO
VTA-000082,2026-01-04,11:29:18,CLI-082,José Rojas,PROD-029,1,2.63,0.00,EFECTIVO
VTA-000083,2026-01-04,07:39:53,CLI-083,María Rojas,PROD-009,5,5.55,0.00,PLIN
VTA-000083,2026-01-04,07:39:53,CLI-083,María Rojas,PROD-016,1,10.81,0.00,PLIN
VTA-000083,2026-01-04,07:39:53,CLI-083,María Rojas,PROD-019,6,8.37,0.00,PLIN
VTA-000083,2026-01-04,07:39:53,CLI-083,María Rojas,PROD-023,5,7.05,0.00,PLIN
VTA-000084,2026-01-04,08:17:59,CLI-084,Luis Rojas,PROD-008,3,3.01,0.21,EFECTIVO
VTA-000085,2026-01-04,14:11:20,CLI-085,Carmen Rojas,PROD-008,1,3.01,0.00,EFECTIVO
VTA-000086,2026-01-04,11:39:39,CLI-086,Carlos Rojas,PROD-011,1,4.23,0.00,YAPE
VTA-000086,2026-01-04,11:39:39,CLI-086,Carlos Rojas,PROD-028,5,1.88,0.00,YAPE
VTA-000086,2026-01-04,11:39:39,CLI-086,Carlos Rojas,PROD-006,2,1.88,0.00,YAPE
VTA-000087,2026-01-04,21:37:12,CLI-087,Ana Rojas,PROD-027,2,2.35,0.00,EFECTIVO
VTA-000087,2026-01-04,21:37:12,CLI-087,Ana Rojas,PROD-029,2,2.63,0.00,EFECTIVO
VTA-000088,2026-01-04,21:21:59,CLI-088,Jorge Rojas,PROD-002,4,4.51,0.00,PLIN
VTA-000088,2026-01-04,21:21:59,CLI-088,Jorge Rojas,PROD-033,5,9.31,0.00,PLIN
VTA-000089,2026-01-05,21:38:23,CLI-089,Lucía Rojas,PROD-028,5,1.88,0.00,EFECTIVO
VTA-000089,2026-01-05,21:38:23,CLI-089,Lucía Rojas,PROD-016,1,10.81,0.00,EFECTIVO
VTA-000089,2026-01-05,21:38:23,CLI-089,Lucía Rojas,PROD-031,4,0.38,0.00,EFECTIVO
VTA-000090,2026-01-05,16:14:22,CLI-090,Miguel Rojas,PROD-008,2,3.01,0.00,YAPE
VTA-000090,2026-01-05,16:14:22,CLI-090,Miguel Rojas,PROD-007,4,3.29,0.00,YAPE
VTA-000091,2026-01-05,16:55:50,CLI-091,Elena Rojas,PROD-013,5,2.07,0.00,PLIN
VTA-000092,2026-01-05,16:15:30,CLI-092,Pedro Rojas,PROD-006,5,1.88,0.22,EFECTIVO
VTA-000092,2026-01-05,16:15:30,CLI-092,Pedro Rojas,PROD-009,4,5.55,0.00,EFECTIVO
VTA-000093,2026-01-05,18:18:40,CLI-093,Patricia Rojas,PROD-026,2,1.41,0.00,EFECTIVO
VTA-000093,2026-01-05,18:18:40,CLI-093,Patricia Rojas,PROD-028,5,1.88,0.00,EFECTIVO
VTA-000093,2026-01-05,18:18:40,CLI-093,Patricia Rojas,PROD-033,4,9.31,0.00,EFECTIVO
VTA-000094,2026-01-05,19:06:24,CLI-094,Juan Rojas,PROD-002,4,4.51,0.00,EFECTIVO
VTA-000095,2026-01-05,10:38:53,CLI-095,Milagros Rojas,PROD-007,4,3.29,0.00,YAPE
VTA-000096,2026-01-05,17:52:49,CLI-096,Víctor Rojas,PROD-029,5,2.63,0.00,YAPE
VTA-000097,2026-01-05,12:16:02,CLI-097,Claudia Rojas,PROD-001,3,4.89,0.00,YAPE
VTA-000098,2026-01-05,07:02:02,CLI-098,Renzo Rojas,PROD-010,4,3.76,0.00,EFECTIVO
VTA-000099,2026-01-05,16:48:32,CLI-099,Diana Rojas,PROD-009,1,5.55,0.00,PLIN
VTA-000100,2026-01-05,10:44:43,CLI-100,Marco Rojas,PROD-017,4,7.99,0.00,YAPE
VTA-000100,2026-01-05,10:44:43,CLI-100,Marco Rojas,PROD-012,6,7.43,0.00,YAPE
VTA-000101,2026-01-05,10:26:04,CLI-011,Elena Mendoza,PROD-015,3,8.37,0.00,YAPE
VTA-000102,2026-01-05,18:29:41,CLI-065,Carmen Díaz,PROD-032,1,6.11,0.00,YAPE
VTA-000102,2026-01-05,18:29:41,CLI-065,Carmen Díaz,PROD-010,4,3.76,0.00,YAPE
VTA-000103,2026-01-06,08:49:22,CLI-009,Lucía Mendoza,PROD-031,20,0.38,0.00,EFECTIVO
VTA-000103,2026-01-06,08:49:22,CLI-009,Lucía Mendoza,PROD-007,5,3.29,0.00,EFECTIVO
VTA-000103,2026-01-06,08:49:22,CLI-009,Lucía Mendoza,PROD-006,4,1.88,0.00,EFECTIVO
VTA-000103,2026-01-06,08:49:22,CLI-009,Lucía Mendoza,PROD-012,3,7.43,0.00,EFECTIVO
VTA-000104,2026-01-06,11:04:18,CLI-007,Ana Mendoza,PROD-010,4,3.76,0.00,YAPE
VTA-000105,2026-01-06,17:37:43,CLI-005,Carmen Mendoza,PROD-008,2,3.01,0.00,YAPE
VTA-000106,2026-01-06,10:13:11,CLI-061,Rosa Díaz,PROD-006,6,1.88,0.00,YAPE
VTA-000107,2026-01-06,09:42:19,CLI-010,Miguel Mendoza,PROD-004,5,3.29,0.00,YAPE
VTA-000107,2026-01-06,09:42:19,CLI-010,Miguel Mendoza,PROD-011,3,4.23,0.00,YAPE
VTA-000107,2026-01-06,09:42:19,CLI-010,Miguel Mendoza,PROD-020,2,6.11,0.00,YAPE
VTA-000108,2026-01-06,13:32:20,CLI-060,Marco Castro,PROD-032,4,6.11,0.00,EFECTIVO
VTA-000109,2026-01-06,16:57:38,CLI-062,José Díaz,PROD-023,2,7.05,0.00,YAPE
VTA-000109,2026-01-06,16:57:38,CLI-062,José Díaz,PROD-010,3,3.76,0.00,YAPE
VTA-000110,2026-01-06,14:42:57,CLI-037,Claudia García,PROD-009,5,5.55,0.00,PLIN
VTA-000110,2026-01-06,14:42:57,CLI-037,Claudia García,PROD-018,2,3.95,0.00,PLIN
VTA-000111,2026-01-06,16:22:34,CLI-013,Patricia Mendoza,PROD-006,4,1.88,0.00,EFECTIVO
VTA-000111,2026-01-06,16:22:34,CLI-013,Patricia Mendoza,PROD-001,5,4.89,0.00,EFECTIVO
VTA-000111,2026-01-06,16:22:34,CLI-013,Patricia Mendoza,PROD-028,3,1.88,0.00,EFECTIVO
VTA-000111,2026-01-06,16:22:34,CLI-013,Patricia Mendoza,PROD-018,5,3.95,0.00,EFECTIVO
VTA-000112,2026-01-06,12:30:56,CLI-008,Jorge Mendoza,PROD-023,6,7.05,0.00,TARJETA
VTA-000112,2026-01-06,12:30:56,CLI-008,Jorge Mendoza,PROD-028,6,1.88,0.00,TARJETA
VTA-000113,2026-01-06,09:53:49,CLI-039,Diana García,PROD-017,4,7.99,0.00,EFECTIVO
VTA-000113,2026-01-06,09:53:49,CLI-039,Diana García,PROD-012,6,7.43,0.00,EFECTIVO
VTA-000113,2026-01-06,09:53:49,CLI-039,Diana García,PROD-031,6,0.38,0.00,EFECTIVO
VTA-000114,2026-01-06,15:07:13,CLI-065,Carmen Díaz,PROD-002,1,4.51,0.15,EFECTIVO
VTA-000114,2026-01-06,15:07:13,CLI-065,Carmen Díaz,PROD-010,4,3.76,0.00,EFECTIVO
VTA-000114,2026-01-06,15:07:13,CLI-065,Carmen Díaz,PROD-005,5,6.49,0.00,EFECTIVO
VTA-000114,2026-01-06,15:07:13,CLI-065,Carmen Díaz,PROD-007,2,3.29,0.00,EFECTIVO
VTA-000115,2026-01-06,08:29:34,CLI-011,Elena Mendoza,PROD-012,3,7.43,0.73,EFECTIVO
VTA-000116,2026-01-06,17:40:01,CLI-064,Luis Díaz,PROD-022,4,3.01,0.00,EFECTIVO
VTA-000116,2026-01-06,17:40:01,CLI-064,Luis Díaz,PROD-016,2,10.81,0.00,EFECTIVO
VTA-000116,2026-01-06,17:40:01,CLI-064,Luis Díaz,PROD-011,2,4.23,0.00,EFECTIVO
VTA-000116,2026-01-06,17:40:01,CLI-064,Luis Díaz,PROD-005,6,6.49,0.00,EFECTIVO
VTA-000117,2026-01-06,15:47:50,CLI-051,Elena Castro,PROD-004,1,3.29,0.00,EFECTIVO
VTA-000117,2026-01-06,15:47:50,CLI-051,Elena Castro,PROD-003,3,10.25,0.00,EFECTIVO
VTA-000118,2026-01-06,14:56:09,CLI-029,Lucía García,PROD-007,4,3.29,0.00,YAPE
VTA-000119,2026-01-06,07:48:03,CLI-050,Miguel Castro,PROD-016,5,10.81,0.00,YAPE
VTA-000119,2026-01-06,07:48:03,CLI-050,Miguel Castro,PROD-008,1,3.01,0.00,YAPE
VTA-000120,2026-01-06,13:12:40,CLI-012,Pedro Mendoza,PROD-002,5,4.51,0.00,EFECTIVO
VTA-000120,2026-01-06,13:12:40,CLI-012,Pedro Mendoza,PROD-006,3,1.88,0.00,EFECTIVO
VTA-000121,2026-01-06,08:09:52,CLI-097,Claudia Rojas,PROD-031,10,0.38,0.00,YAPE
VTA-000121,2026-01-06,08:09:52,CLI-097,Claudia Rojas,PROD-006,1,1.88,0.00,YAPE
VTA-000121,2026-01-06,08:09:52,CLI-097,Claudia Rojas,PROD-029,6,2.63,0.00,YAPE
VTA-000122,2026-01-06,08:37:45,CLI-023,María García,PROD-022,1,3.01,0.00,EFECTIVO
VTA-000122,2026-01-06,08:37:45,CLI-023,María García,PROD-010,3,3.76,0.00,EFECTIVO
VTA-000123,2026-01-07,18:45:30,CLI-027,Ana García,PROD-006,6,1.88,0.00,YAPE
VTA-000124,2026-01-07,18:47:31,CLI-008,Jorge Mendoza,PROD-008,3,3.01,0.00,PLIN
VTA-000124,2026-01-07,18:47:31,CLI-008,Jorge Mendoza,PROD-019,3,8.37,0.00,PLIN
VTA-000124,2026-01-07,18:47:31,CLI-008,Jorge Mendoza,PROD-006,4,1.88,0.00,PLIN
VTA-000125,2026-01-07,16:42:35,CLI-006,Carlos Mendoza,PROD-005,2,6.49,0.73,EFECTIVO
VTA-000126,2026-01-07,21:28:47,CLI-015,Milagros Mendoza,PROD-027,6,2.35,0.00,PLIN
VTA-000126,2026-01-07,21:28:47,CLI-015,Milagros Mendoza,PROD-007,1,3.29,0.00,PLIN
VTA-000126,2026-01-07,21:28:47,CLI-015,Milagros Mendoza,PROD-011,3,4.23,0.00,PLIN
VTA-000126,2026-01-07,21:28:47,CLI-015,Milagros Mendoza,PROD-004,5,3.29,2.13,PLIN
VTA-000127,2026-01-07,20:10:42,CLI-069,Lucía Díaz,PROD-020,3,6.11,0.00,EFECTIVO
VTA-000128,2026-01-07,15:35:43,CLI-069,Lucía Díaz,PROD-008,1,3.01,0.00,PLIN
VTA-000128,2026-01-07,15:35:43,CLI-069,Lucía Díaz,PROD-029,3,2.63,0.00,PLIN
VTA-000129,2026-01-07,14:52:48,CLI-019,Diana Mendoza,PROD-007,4,3.29,0.00,EFECTIVO
VTA-000129,2026-01-07,14:52:48,CLI-019,Diana Mendoza,PROD-009,1,5.55,0.00,EFECTIVO
VTA-000130,2026-01-07,19:53:50,CLI-023,María García,PROD-034,4,4.23,0.00,YAPE
VTA-000130,2026-01-07,19:53:50,CLI-023,María García,PROD-032,5,6.11,0.00,YAPE
VTA-000130,2026-01-07,19:53:50,CLI-023,María García,PROD-001,2,4.89,0.00,YAPE
VTA-000131,2026-01-07,13:30:05,CLI-009,Lucía Mendoza,PROD-008,5,3.01,0.00,YAPE
VTA-000131,2026-01-07,13:30:05,CLI-009,Lucía Mendoza,PROD-013,4,2.07,0.00,YAPE
VTA-000132,2026-01-07,17:24:13,CLI-096,Víctor Rojas,PROD-010,3,3.76,0.00,YAPE
VTA-000132,2026-01-07,17:24:13,CLI-096,Víctor Rojas,PROD-031,11,0.38,0.00,YAPE
VTA-000133,2026-01-07,07:42:55,CLI-083,María Rojas,PROD-010,5,3.76,0.00,YAPE
VTA-000133,2026-01-07,07:42:55,CLI-083,María Rojas,PROD-009,2,5.55,0.00,YAPE
VTA-000134,2026-01-07,19:55:07,CLI-076,Víctor Díaz,PROD-016,2,10.81,0.00,EFECTIVO
VTA-000134,2026-01-07,19:55:07,CLI-076,Víctor Díaz,PROD-004,5,3.29,0.00,EFECTIVO
VTA-000134,2026-01-07,19:55:07,CLI-076,Víctor Díaz,PROD-006,5,1.88,1.05,EFECTIVO
VTA-000134,2026-01-07,19:55:07,CLI-076,Víctor Díaz,PROD-034,5,4.23,0.95,EFECTIVO
VTA-000134,2026-01-07,19:55:07,CLI-076,Víctor Díaz,PROD-001,5,4.89,0.00,EFECTIVO
VTA-000135,2026-01-07,11:03:36,CLI-048,Jorge Castro,PROD-006,3,1.88,0.00,PLIN
VTA-000135,2026-01-07,11:03:36,CLI-048,Jorge Castro,PROD-031,7,0.38,0.00,PLIN
VTA-000135,2026-01-07,11:03:36,CLI-048,Jorge Castro,PROD-019,5,8.37,0.00,PLIN
VTA-000136,2026-01-08,18:15:06,CLI-063,María Díaz,PROD-006,5,1.88,0.00,EFECTIVO
VTA-000137,2026-01-08,21:38:04,CLI-044,Luis Castro,PROD-007,4,3.29,0.00,EFECTIVO
VTA-000137,2026-01-08,21:38:04,CLI-044,Luis Castro,PROD-014,6,8.93,0.00,EFECTIVO
VTA-000137,2026-01-08,21:38:04,CLI-044,Luis Castro,PROD-027,1,2.35,0.00,EFECTIVO
VTA-000137,2026-01-08,21:38:04,CLI-044,Luis Castro,PROD-026,6,1.41,0.00,EFECTIVO
VTA-000137,2026-01-08,21:38:04,CLI-044,Luis Castro,PROD-028,6,1.88,1.13,EFECTIVO
VTA-000138,2026-01-08,12:15:47,CLI-068,Jorge Díaz,PROD-008,4,3.01,0.00,YAPE
VTA-000138,2026-01-08,12:15:47,CLI-068,Jorge Díaz,PROD-010,2,3.76,0.49,YAPE
VTA-000139,2026-01-08,09:52:49,CLI-016,Víctor Mendoza,PROD-010,4,3.76,0.00,EFECTIVO
VTA-000139,2026-01-08,09:52:49,CLI-016,Víctor Mendoza,PROD-007,1,3.29,0.00,EFECTIVO
VTA-000140,2026-01-08,15:01:32,CLI-032,Pedro García,PROD-018,3,3.95,0.00,YAPE
VTA-000140,2026-01-08,15:01:32,CLI-032,Pedro García,PROD-006,4,1.88,0.00,YAPE
VTA-000141,2026-01-08,10:00:28,CLI-007,Ana Mendoza,PROD-018,2,3.95,0.00,EFECTIVO
VTA-000141,2026-01-08,10:00:28,CLI-007,Ana Mendoza,PROD-010,3,3.76,1.33,EFECTIVO
VTA-000142,2026-01-08,11:03:00,CLI-060,Marco Castro,PROD-028,1,1.88,0.00,EFECTIVO
VTA-000142,2026-01-08,11:03:00,CLI-060,Marco Castro,PROD-005,6,6.49,0.00,EFECTIVO
VTA-000143,2026-01-08,17:50:32,CLI-078,Renzo Díaz,PROD-028,5,1.88,0.00,YAPE
VTA-000144,2026-01-08,10:42:06,CLI-070,Miguel Díaz,PROD-004,4,3.29,0.00,YAPE
VTA-000144,2026-01-08,10:42:06,CLI-070,Miguel Díaz,PROD-007,2,3.29,0.00,YAPE
VTA-000145,2026-01-08,18:38:42,CLI-002,José Mendoza,PROD-006,3,1.88,0.00,EFECTIVO
VTA-000145,2026-01-08,18:38:42,CLI-002,José Mendoza,PROD-029,2,2.63,0.00,EFECTIVO
VTA-000146,2026-01-08,11:42:43,CLI-010,Miguel Mendoza,PROD-009,5,5.55,0.00,EFECTIVO
VTA-000147,2026-01-08,15:30:36,CLI-005,Carmen Mendoza,PROD-006,6,1.88,0.00,EFECTIVO
VTA-000147,2026-01-08,15:30:36,CLI-005,Carmen Mendoza,PROD-009,6,5.55,0.00,EFECTIVO
VTA-000148,2026-01-08,09:55:58,CLI-063,María Díaz,PROD-007,4,3.29,1.36,YAPE
VTA-000148,2026-01-08,09:55:58,CLI-063,María Díaz,PROD-006,6,1.88,0.00,YAPE
VTA-000148,2026-01-08,09:55:58,CLI-063,María Díaz,PROD-013,6,2.07,0.00,YAPE
VTA-000149,2026-01-08,14:12:16,CLI-008,Jorge Mendoza,PROD-026,5,1.41,0.00,EFECTIVO
VTA-000149,2026-01-08,14:12:16,CLI-008,Jorge Mendoza,PROD-008,6,3.01,0.00,EFECTIVO
VTA-000150,2026-01-09,16:36:41,CLI-046,Carlos Castro,PROD-011,4,4.23,0.00,PLIN
VTA-000150,2026-01-09,16:36:41,CLI-046,Carlos Castro,PROD-004,5,3.29,0.00,PLIN
VTA-000150,2026-01-09,16:36:41,CLI-046,Carlos Castro,PROD-007,6,3.29,1.61,PLIN
VTA-000150,2026-01-09,16:36:41,CLI-046,Carlos Castro,PROD-026,5,1.41,0.90,PLIN
VTA-000151,2026-01-09,20:03:12,CLI-032,Pedro García,PROD-014,5,8.93,0.00,YAPE
VTA-000152,2026-01-09,13:50:55,CLI-049,Lucía Castro,PROD-026,4,1.41,0.00,EFECTIVO
VTA-000153,2026-01-09,09:44:28,CLI-052,Pedro Castro,PROD-011,6,4.23,0.00,EFECTIVO
VTA-000153,2026-01-09,09:44:28,CLI-052,Pedro Castro,PROD-003,2,10.25,2.58,EFECTIVO
VTA-000154,2026-01-09,08:21:51,CLI-004,Luis Mendoza,PROD-004,5,3.29,0.00,PLIN
VTA-000155,2026-01-09,19:31:52,CLI-040,Marco García,PROD-001,1,4.89,0.00,EFECTIVO
VTA-000155,2026-01-09,19:31:52,CLI-040,Marco García,PROD-007,4,3.29,0.00,EFECTIVO
VTA-000156,2026-01-09,10:04:44,CLI-073,Patricia Díaz,PROD-004,4,3.29,0.00,PLIN
VTA-000156,2026-01-09,10:04:44,CLI-073,Patricia Díaz,PROD-006,5,1.88,0.00,PLIN
VTA-000157,2026-01-09,10:11:04,CLI-009,Lucía Mendoza,PROD-002,4,4.51,0.00,YAPE
VTA-000157,2026-01-09,10:11:04,CLI-009,Lucía Mendoza,PROD-029,6,2.63,0.00,YAPE
VTA-000157,2026-01-09,10:11:04,CLI-009,Lucía Mendoza,PROD-034,2,4.23,0.00,YAPE
VTA-000157,2026-01-09,10:11:04,CLI-009,Lucía Mendoza,PROD-007,5,3.29,0.00,YAPE
VTA-000158,2026-01-09,12:10:24,CLI-002,José Mendoza,PROD-013,1,2.07,0.00,YAPE
VTA-000158,2026-01-09,12:10:24,CLI-002,José Mendoza,PROD-006,1,1.88,0.00,YAPE
VTA-000158,2026-01-09,12:10:24,CLI-002,José Mendoza,PROD-015,1,8.37,0.00,YAPE
VTA-000158,2026-01-09,12:10:24,CLI-002,José Mendoza,PROD-028,2,1.88,0.00,YAPE
VTA-000158,2026-01-09,12:10:24,CLI-002,José Mendoza,PROD-003,4,10.25,2.90,YAPE
VTA-000159,2026-01-09,20:38:39,CLI-059,Diana Castro,PROD-008,1,3.01,0.00,YAPE
VTA-000159,2026-01-09,20:38:39,CLI-059,Diana Castro,PROD-026,5,1.41,0.80,YAPE
VTA-000160,2026-01-09,09:00:25,CLI-055,Milagros Castro,PROD-008,5,3.01,0.00,YAPE
VTA-000160,2026-01-09,09:00:25,CLI-055,Milagros Castro,PROD-001,3,4.89,0.00,YAPE
VTA-000161,2026-01-09,09:14:46,CLI-065,Carmen Díaz,PROD-003,1,10.25,0.00,EFECTIVO
VTA-000162,2026-01-09,20:47:16,CLI-045,Carmen Castro,PROD-029,6,2.63,0.00,YAPE
VTA-000163,2026-01-09,08:23:55,CLI-056,Víctor Castro,PROD-028,5,1.88,0.00,TARJETA
VTA-000163,2026-01-09,08:23:55,CLI-056,Víctor Castro,PROD-007,1,3.29,0.00,TARJETA
VTA-000164,2026-01-09,18:05:59,CLI-006,Carlos Mendoza,PROD-004,5,3.29,0.00,EFECTIVO
VTA-000165,2026-01-09,12:19:47,CLI-022,José García,PROD-027,5,2.35,0.00,YAPE
VTA-000166,2026-01-09,07:14:56,CLI-056,Víctor Castro,PROD-008,6,3.01,0.00,YAPE
VTA-000167,2026-01-09,11:36:59,CLI-005,Carmen Mendoza,PROD-026,4,1.41,0.00,EFECTIVO
VTA-000167,2026-01-09,11:36:59,CLI-005,Carmen Mendoza,PROD-032,4,6.11,0.00,EFECTIVO
VTA-000167,2026-01-09,11:36:59,CLI-005,Carmen Mendoza,PROD-002,5,4.51,0.00,EFECTIVO
VTA-000167,2026-01-09,11:36:59,CLI-005,Carmen Mendoza,PROD-028,5,1.88,0.00,EFECTIVO
VTA-000168,2026-01-09,20:57:44,CLI-017,Claudia Mendoza,PROD-004,6,3.29,0.00,EFECTIVO
VTA-000169,2026-01-09,09:19:01,CLI-014,Juan Mendoza,PROD-006,1,1.88,0.00,EFECTIVO
VTA-000169,2026-01-09,09:19:01,CLI-014,Juan Mendoza,PROD-003,4,10.25,0.00,EFECTIVO
VTA-000170,2026-01-09,18:33:29,CLI-006,Carlos Mendoza,PROD-003,1,10.25,0.00,EFECTIVO
VTA-000170,2026-01-09,18:33:29,CLI-006,Carlos Mendoza,PROD-017,1,7.99,0.00,EFECTIVO
VTA-000171,2026-01-09,09:11:52,CLI-009,Lucía Mendoza,PROD-031,12,0.38,0.00,YAPE
VTA-000172,2026-01-09,20:20:18,CLI-030,Miguel García,PROD-034,3,4.23,0.00,PLIN
VTA-000173,2026-01-09,20:07:44,CLI-099,Diana Rojas,PROD-019,4,8.37,0.00,EFECTIVO
VTA-000173,2026-01-09,20:07:44,CLI-099,Diana Rojas,PROD-032,2,6.11,0.00,EFECTIVO
VTA-000173,2026-01-09,20:07:44,CLI-099,Diana Rojas,PROD-013,3,2.07,0.00,EFECTIVO
VTA-000174,2026-01-09,19:33:51,CLI-033,Patricia García,PROD-028,5,1.88,0.00,YAPE
VTA-000174,2026-01-09,19:33:51,CLI-033,Patricia García,PROD-027,2,2.35,0.00,YAPE
VTA-000175,2026-01-10,09:25:50,CLI-069,Lucía Díaz,PROD-006,4,1.88,0.00,EFECTIVO
VTA-000175,2026-01-10,09:25:50,CLI-069,Lucía Díaz,PROD-026,4,1.41,0.00,EFECTIVO
VTA-000175,2026-01-10,09:25:50,CLI-069,Lucía Díaz,PROD-028,1,1.88,0.00,EFECTIVO
VTA-000176,2026-01-10,07:35:25,CLI-009,Lucía Mendoza,PROD-003,3,10.25,0.00,EFECTIVO
VTA-000176,2026-01-10,07:35:25,CLI-009,Lucía Mendoza,PROD-016,2,10.81,0.00,EFECTIVO
VTA-000177,2026-01-10,12:06:55,CLI-066,Carlos Díaz,PROD-027,2,2.35,0.00,TARJETA
VTA-000178,2026-01-10,13:44:55,CLI-012,Pedro Mendoza,PROD-022,1,3.01,0.37,EFECTIVO
VTA-000178,2026-01-10,13:44:55,CLI-012,Pedro Mendoza,PROD-006,5,1.88,0.55,EFECTIVO
VTA-000179,2026-01-10,20:14:51,CLI-011,Elena Mendoza,PROD-005,4,6.49,0.00,EFECTIVO
VTA-000179,2026-01-10,20:14:51,CLI-011,Elena Mendoza,PROD-008,3,3.01,0.00,EFECTIVO
VTA-000179,2026-01-10,20:14:51,CLI-011,Elena Mendoza,PROD-009,5,5.55,0.71,EFECTIVO
VTA-000180,2026-01-10,07:13:47,CLI-019,Diana Mendoza,PROD-031,19,0.38,0.00,EFECTIVO
VTA-000180,2026-01-10,07:13:47,CLI-019,Diana Mendoza,PROD-011,3,4.23,0.00,EFECTIVO
VTA-000180,2026-01-10,07:13:47,CLI-019,Diana Mendoza,PROD-010,5,3.76,0.00,EFECTIVO
VTA-000180,2026-01-10,07:13:47,CLI-019,Diana Mendoza,PROD-027,6,2.35,0.00,EFECTIVO
VTA-000181,2026-01-10,08:29:13,CLI-012,Pedro Mendoza,PROD-014,3,8.93,0.00,YAPE
VTA-000181,2026-01-10,08:29:13,CLI-012,Pedro Mendoza,PROD-010,5,3.76,0.00,YAPE
VTA-000181,2026-01-10,08:29:13,CLI-012,Pedro Mendoza,PROD-026,6,1.41,0.00,YAPE
VTA-000182,2026-01-10,20:16:20,CLI-042,José Castro,PROD-007,6,3.29,0.00,EFECTIVO
VTA-000182,2026-01-10,20:16:20,CLI-042,José Castro,PROD-020,2,6.11,0.00,EFECTIVO
VTA-000183,2026-01-10,17:52:55,CLI-055,Milagros Castro,PROD-005,6,6.49,5.49,EFECTIVO
VTA-000184,2026-01-10,16:35:59,CLI-008,Jorge Mendoza,PROD-009,1,5.55,0.00,EFECTIVO
VTA-000184,2026-01-10,16:35:59,CLI-008,Jorge Mendoza,PROD-022,4,3.01,0.00,EFECTIVO
VTA-000185,2026-01-10,09:29:55,CLI-017,Claudia Mendoza,PROD-010,2,3.76,0.00,EFECTIVO
VTA-000185,2026-01-10,09:29:55,CLI-017,Claudia Mendoza,PROD-011,6,4.23,0.00,EFECTIVO
VTA-000185,2026-01-10,09:29:55,CLI-017,Claudia Mendoza,PROD-005,2,6.49,0.00,EFECTIVO
VTA-000186,2026-01-10,18:49:23,CLI-040,Marco García,PROD-020,4,6.11,0.00,YAPE
VTA-000187,2026-01-10,13:04:42,CLI-065,Carmen Díaz,PROD-029,4,2.63,0.00,PLIN
VTA-000188,2026-01-10,19:41:15,CLI-082,José Rojas,PROD-003,4,10.25,0.00,TARJETA
VTA-000188,2026-01-10,19:41:15,CLI-082,José Rojas,PROD-002,4,4.51,0.00,TARJETA
VTA-000188,2026-01-10,19:41:15,CLI-082,José Rojas,PROD-010,3,3.76,0.00,TARJETA
VTA-000188,2026-01-10,19:41:15,CLI-082,José Rojas,PROD-013,2,2.07,0.00,TARJETA
VTA-000188,2026-01-10,19:41:15,CLI-082,José Rojas,PROD-031,14,0.38,0.00,TARJETA
VTA-000189,2026-01-10,13:33:49,CLI-065,Carmen Díaz,PROD-029,5,2.63,0.00,YAPE
VTA-000189,2026-01-10,13:33:49,CLI-065,Carmen Díaz,PROD-006,5,1.88,0.00,YAPE
VTA-000190,2026-01-10,13:00:28,CLI-043,María Castro,PROD-005,3,6.49,0.00,EFECTIVO
VTA-000190,2026-01-10,13:00:28,CLI-043,María Castro,PROD-001,1,4.89,0.00,EFECTIVO
VTA-000190,2026-01-10,13:00:28,CLI-043,María Castro,PROD-006,5,1.88,0.88,EFECTIVO
VTA-000191,2026-01-10,17:39:07,CLI-005,Carmen Mendoza,PROD-018,1,3.95,0.00,EFECTIVO
VTA-000191,2026-01-10,17:39:07,CLI-005,Carmen Mendoza,PROD-027,1,2.35,0.00,EFECTIVO
VTA-000191,2026-01-10,17:39:07,CLI-005,Carmen Mendoza,PROD-031,4,0.38,0.00,EFECTIVO
VTA-000191,2026-01-10,17:39:07,CLI-005,Carmen Mendoza,PROD-008,6,3.01,0.00,EFECTIVO
VTA-000192,2026-01-10,13:13:24,CLI-025,Carmen García,PROD-008,3,3.01,0.00,YAPE
VTA-000193,2026-01-11,20:09:14,CLI-082,José Rojas,PROD-019,3,8.37,0.00,PLIN
VTA-000193,2026-01-11,20:09:14,CLI-082,José Rojas,PROD-004,3,3.29,0.00,PLIN
VTA-000194,2026-01-11,18:55:57,CLI-039,Diana García,PROD-027,4,2.35,0.00,EFECTIVO
VTA-000194,2026-01-11,18:55:57,CLI-039,Diana García,PROD-013,6,2.07,0.00,EFECTIVO
VTA-000194,2026-01-11,18:55:57,CLI-039,Diana García,PROD-007,5,3.29,0.00,EFECTIVO
VTA-000195,2026-01-11,21:59:43,CLI-001,Rosa Mendoza,PROD-033,5,9.31,0.00,TARJETA
VTA-000196,2026-01-11,08:05:07,CLI-061,Rosa Díaz,PROD-031,16,0.38,0.00,EFECTIVO
VTA-000196,2026-01-11,08:05:07,CLI-061,Rosa Díaz,PROD-006,2,1.88,0.19,EFECTIVO
VTA-000197,2026-01-11,08:49:45,CLI-015,Milagros Mendoza,PROD-019,4,8.37,0.00,EFECTIVO
VTA-000197,2026-01-11,08:49:45,CLI-015,Milagros Mendoza,PROD-001,6,4.89,0.00,EFECTIVO
VTA-000197,2026-01-11,08:49:45,CLI-015,Milagros Mendoza,PROD-010,6,3.76,2.14,EFECTIVO
VTA-000198,2026-01-11,11:29:11,CLI-001,Rosa Mendoza,PROD-007,3,3.29,0.00,EFECTIVO
VTA-000198,2026-01-11,11:29:11,CLI-001,Rosa Mendoza,PROD-006,3,1.88,0.00,EFECTIVO
VTA-000198,2026-01-11,11:29:11,CLI-001,Rosa Mendoza,PROD-027,6,2.35,0.00,EFECTIVO
VTA-000198,2026-01-11,11:29:11,CLI-001,Rosa Mendoza,PROD-026,5,1.41,0.00,EFECTIVO
VTA-000199,2026-01-11,16:40:56,CLI-035,Milagros García,PROD-013,5,2.07,0.00,PLIN
VTA-000199,2026-01-11,16:40:56,CLI-035,Milagros García,PROD-001,2,4.89,0.00,PLIN
VTA-000199,2026-01-11,16:40:56,CLI-035,Milagros García,PROD-031,5,0.38,0.00,PLIN
VTA-000200,2026-01-11,13:28:29,CLI-009,Lucía Mendoza,PROD-007,4,3.29,0.00,YAPE
VTA-000201,2026-01-11,14:02:07,CLI-024,Luis García,PROD-006,4,1.88,0.00,YAPE
VTA-000201,2026-01-11,14:02:07,CLI-024,Luis García,PROD-027,1,2.35,0.18,YAPE
VTA-000202,2026-01-11,11:16:11,CLI-054,Juan Castro,PROD-008,3,3.01,0.67,EFECTIVO
VTA-000203,2026-01-11,17:07:01,CLI-051,Elena Castro,PROD-026,1,1.41,0.00,YAPE
VTA-000203,2026-01-11,17:07:01,CLI-051,Elena Castro,PROD-022,6,3.01,0.00,YAPE
VTA-000204,2026-01-11,15:32:44,CLI-040,Marco García,PROD-006,1,1.88,0.00,EFECTIVO
VTA-000204,2026-01-11,15:32:44,CLI-040,Marco García,PROD-014,5,8.93,0.00,EFECTIVO
VTA-000205,2026-01-11,08:07:13,CLI-055,Milagros Castro,PROD-022,5,3.01,1.16,TARJETA
VTA-000205,2026-01-11,08:07:13,CLI-055,Milagros Castro,PROD-026,1,1.41,0.00,TARJETA
VTA-000205,2026-01-11,08:07:13,CLI-055,Milagros Castro,PROD-006,1,1.88,0.00,TARJETA
VTA-000206,2026-01-11,18:16:12,CLI-033,Patricia García,PROD-027,2,2.35,0.00,PLIN
VTA-000207,2026-01-11,13:15:46,CLI-013,Patricia Mendoza,PROD-001,2,4.89,0.00,YAPE
VTA-000207,2026-01-11,13:15:46,CLI-013,Patricia Mendoza,PROD-028,5,1.88,0.00,YAPE
VTA-000208,2026-01-11,15:03:56,CLI-080,Marco Díaz,PROD-023,5,7.05,0.00,EFECTIVO
VTA-000208,2026-01-11,15:03:56,CLI-080,Marco Díaz,PROD-012,2,7.43,0.00,EFECTIVO
VTA-000209,2026-01-11,12:00:20,CLI-058,Renzo Castro,PROD-031,10,0.38,0.00,TARJETA
VTA-000210,2026-01-11,11:53:10,CLI-014,Juan Mendoza,PROD-011,4,4.23,0.00,EFECTIVO
VTA-000211,2026-01-11,08:27:17,CLI-011,Elena Mendoza,PROD-027,1,2.35,0.00,YAPE
VTA-000211,2026-01-11,08:27:17,CLI-011,Elena Mendoza,PROD-002,4,4.51,0.00,YAPE
VTA-000212,2026-01-11,20:28:41,CLI-023,María García,PROD-010,6,3.76,0.00,PLIN
VTA-000212,2026-01-11,20:28:41,CLI-023,María García,PROD-031,14,0.38,0.00,PLIN
VTA-000212,2026-01-11,20:28:41,CLI-023,María García,PROD-015,6,8.37,0.00,PLIN
VTA-000213,2026-01-11,17:48:08,CLI-042,José Castro,PROD-020,5,6.11,0.00,TARJETA
VTA-000213,2026-01-11,17:48:08,CLI-042,José Castro,PROD-007,3,3.29,0.00,TARJETA
VTA-000213,2026-01-11,17:48:08,CLI-042,José Castro,PROD-008,4,3.01,0.00,TARJETA
VTA-000213,2026-01-11,17:48:08,CLI-042,José Castro,PROD-006,2,1.88,0.00,TARJETA
VTA-000213,2026-01-11,17:48:08,CLI-042,José Castro,PROD-002,1,4.51,0.00,TARJETA
VTA-000214,2026-01-12,14:52:32,CLI-026,Carlos García,PROD-008,4,3.01,1.48,YAPE
VTA-000215,2026-01-12,12:43:09,CLI-034,Juan García,PROD-011,1,4.23,0.44,PLIN
VTA-000215,2026-01-12,12:43:09,CLI-034,Juan García,PROD-004,4,3.29,0.00,PLIN
VTA-000215,2026-01-12,12:43:09,CLI-034,Juan García,PROD-010,1,3.76,0.00,PLIN
VTA-000215,2026-01-12,12:43:09,CLI-034,Juan García,PROD-015,2,8.37,0.00,PLIN
VTA-000216,2026-01-12,13:01:14,CLI-026,Carlos García,PROD-005,3,6.49,0.00,EFECTIVO
VTA-000216,2026-01-12,13:01:14,CLI-026,Carlos García,PROD-008,3,3.01,0.00,EFECTIVO
VTA-000217,2026-01-12,13:23:36,CLI-005,Carmen Mendoza,PROD-009,1,5.55,0.00,YAPE
VTA-000217,2026-01-12,13:23:36,CLI-005,Carmen Mendoza,PROD-010,5,3.76,0.00,YAPE
VTA-000218,2026-01-12,20:50:21,CLI-054,Juan Castro,PROD-007,5,3.29,0.00,EFECTIVO
VTA-000218,2026-01-12,20:50:21,CLI-054,Juan Castro,PROD-031,3,0.38,0.00,EFECTIVO
VTA-000218,2026-01-12,20:50:21,CLI-054,Juan Castro,PROD-010,4,3.76,0.00,EFECTIVO
VTA-000218,2026-01-12,20:50:21,CLI-054,Juan Castro,PROD-006,2,1.88,0.26,EFECTIVO
VTA-000218,2026-01-12,20:50:21,CLI-054,Juan Castro,PROD-019,2,8.37,0.00,EFECTIVO
VTA-000219,2026-01-12,18:55:43,CLI-051,Elena Castro,PROD-011,3,4.23,0.00,PLIN
VTA-000219,2026-01-12,18:55:43,CLI-051,Elena Castro,PROD-008,1,3.01,0.00,PLIN
VTA-000220,2026-01-12,08:34:42,CLI-032,Pedro García,PROD-009,2,5.55,0.00,EFECTIVO
VTA-000220,2026-01-12,08:34:42,CLI-032,Pedro García,PROD-020,4,6.11,0.00,EFECTIVO
VTA-000220,2026-01-12,08:34:42,CLI-032,Pedro García,PROD-028,3,1.88,0.00,EFECTIVO
VTA-000221,2026-01-12,14:38:26,CLI-073,Patricia Díaz,PROD-017,4,7.99,0.00,PLIN
VTA-000221,2026-01-12,14:38:26,CLI-073,Patricia Díaz,PROD-002,6,4.51,0.00,PLIN
VTA-000221,2026-01-12,14:38:26,CLI-073,Patricia Díaz,PROD-031,13,0.38,0.00,PLIN
VTA-000222,2026-01-12,12:48:55,CLI-006,Carlos Mendoza,PROD-013,3,2.07,0.00,YAPE
VTA-000222,2026-01-12,12:48:55,CLI-006,Carlos Mendoza,PROD-029,5,2.63,0.00,YAPE
VTA-000223,2026-01-12,15:12:22,CLI-049,Lucía Castro,PROD-031,11,0.38,0.00,YAPE
VTA-000223,2026-01-12,15:12:22,CLI-049,Lucía Castro,PROD-026,2,1.41,0.28,YAPE
VTA-000224,2026-01-12,13:46:44,CLI-094,Juan Rojas,PROD-010,5,3.76,0.00,EFECTIVO
VTA-000224,2026-01-12,13:46:44,CLI-094,Juan Rojas,PROD-009,2,5.55,0.00,EFECTIVO
VTA-000225,2026-01-12,07:06:19,CLI-073,Patricia Díaz,PROD-011,3,4.23,0.00,YAPE
VTA-000225,2026-01-12,07:06:19,CLI-073,Patricia Díaz,PROD-009,5,5.55,0.00,YAPE
VTA-000226,2026-01-12,13:28:10,CLI-078,Renzo Díaz,PROD-028,6,1.88,0.00,YAPE
VTA-000226,2026-01-12,13:28:10,CLI-078,Renzo Díaz,PROD-010,1,3.76,0.00,YAPE
VTA-000227,2026-01-12,21:10:44,CLI-003,María Mendoza,PROD-008,6,3.01,0.00,TARJETA
VTA-000227,2026-01-12,21:10:44,CLI-003,María Mendoza,PROD-017,6,7.99,0.00,TARJETA
VTA-000227,2026-01-12,21:10:44,CLI-003,María Mendoza,PROD-028,1,1.88,0.00,TARJETA
VTA-000228,2026-01-12,12:51:36,CLI-008,Jorge Mendoza,PROD-001,2,4.89,0.00,EFECTIVO
VTA-000228,2026-01-12,12:51:36,CLI-008,Jorge Mendoza,PROD-011,1,4.23,0.00,EFECTIVO
VTA-000228,2026-01-12,12:51:36,CLI-008,Jorge Mendoza,PROD-026,6,1.41,0.00,EFECTIVO
VTA-000228,2026-01-12,12:51:36,CLI-008,Jorge Mendoza,PROD-031,13,0.38,0.72,EFECTIVO
VTA-000229,2026-01-12,15:17:09,CLI-013,Patricia Mendoza,PROD-031,4,0.38,0.00,EFECTIVO
VTA-000229,2026-01-12,15:17:09,CLI-013,Patricia Mendoza,PROD-019,6,8.37,0.00,EFECTIVO
VTA-000230,2026-01-12,12:33:33,CLI-068,Jorge Díaz,PROD-003,6,10.25,0.00,EFECTIVO
VTA-000231,2026-01-12,09:58:19,CLI-004,Luis Mendoza,PROD-002,6,4.51,0.00,YAPE
VTA-000231,2026-01-12,09:58:19,CLI-004,Luis Mendoza,PROD-006,4,1.88,0.00,YAPE
VTA-000231,2026-01-12,09:58:19,CLI-004,Luis Mendoza,PROD-015,2,8.37,0.00,YAPE
VTA-000231,2026-01-12,09:58:19,CLI-004,Luis Mendoza,PROD-007,6,3.29,0.00,YAPE
VTA-000232,2026-01-12,20:09:59,CLI-070,Miguel Díaz,PROD-007,1,3.29,0.00,YAPE
VTA-000232,2026-01-12,20:09:59,CLI-070,Miguel Díaz,PROD-002,5,4.51,0.00,YAPE
VTA-000233,2026-01-12,11:49:24,CLI-054,Juan Castro,PROD-007,5,3.29,0.00,YAPE
VTA-000233,2026-01-12,11:49:24,CLI-054,Juan Castro,PROD-029,3,2.63,0.00,YAPE
VTA-000234,2026-01-13,08:55:37,CLI-010,Miguel Mendoza,PROD-008,5,3.01,0.00,EFECTIVO
VTA-000235,2026-01-13,11:32:36,CLI-030,Miguel García,PROD-032,2,6.11,0.00,EFECTIVO
VTA-000235,2026-01-13,11:32:36,CLI-030,Miguel García,PROD-009,3,5.55,0.00,EFECTIVO
VTA-000235,2026-01-13,11:32:36,CLI-030,Miguel García,PROD-011,2,4.23,0.00,EFECTIVO
VTA-000235,2026-01-13,11:32:36,CLI-030,Miguel García,PROD-018,2,3.95,0.00,EFECTIVO
VTA-000236,2026-01-13,12:02:02,CLI-023,María García,PROD-027,2,2.35,0.00,EFECTIVO
VTA-000237,2026-01-13,19:34:30,CLI-042,José Castro,PROD-027,5,2.35,1.20,EFECTIVO
VTA-000237,2026-01-13,19:34:30,CLI-042,José Castro,PROD-001,1,4.89,0.00,EFECTIVO
VTA-000238,2026-01-13,20:24:21,CLI-030,Miguel García,PROD-015,3,8.37,0.00,PLIN
VTA-000238,2026-01-13,20:24:21,CLI-030,Miguel García,PROD-007,3,3.29,0.00,PLIN
VTA-000239,2026-01-13,10:30:30,CLI-032,Pedro García,PROD-012,5,7.43,0.00,EFECTIVO
VTA-000239,2026-01-13,10:30:30,CLI-032,Pedro García,PROD-008,4,3.01,0.00,EFECTIVO
VTA-000240,2026-01-13,14:19:42,CLI-029,Lucía García,PROD-004,5,3.29,0.00,EFECTIVO
VTA-000240,2026-01-13,14:19:42,CLI-029,Lucía García,PROD-028,2,1.88,0.15,EFECTIVO
VTA-000240,2026-01-13,14:19:42,CLI-029,Lucía García,PROD-001,2,4.89,0.00,EFECTIVO
VTA-000241,2026-01-13,12:21:13,CLI-068,Jorge Díaz,PROD-009,6,5.55,0.00,YAPE
VTA-000241,2026-01-13,12:21:13,CLI-068,Jorge Díaz,PROD-013,1,2.07,0.00,YAPE
VTA-000242,2026-01-13,16:00:16,CLI-053,Patricia Castro,PROD-031,2,0.38,0.00,YAPE
VTA-000242,2026-01-13,16:00:16,CLI-053,Patricia Castro,PROD-017,5,7.99,0.00,YAPE
VTA-000242,2026-01-13,16:00:16,CLI-053,Patricia Castro,PROD-023,4,7.05,0.00,YAPE
VTA-000242,2026-01-13,16:00:16,CLI-053,Patricia Castro,PROD-015,3,8.37,0.00,YAPE
VTA-000243,2026-01-13,07:57:19,CLI-001,Rosa Mendoza,PROD-008,2,3.01,0.00,EFECTIVO
VTA-000243,2026-01-13,07:57:19,CLI-001,Rosa Mendoza,PROD-002,3,4.51,0.00,EFECTIVO
VTA-000244,2026-01-13,17:02:52,CLI-014,Juan Mendoza,PROD-019,6,8.37,0.00,EFECTIVO
VTA-000245,2026-01-13,10:55:35,CLI-034,Juan García,PROD-003,3,10.25,4.44,TARJETA
VTA-000245,2026-01-13,10:55:35,CLI-034,Juan García,PROD-031,8,0.38,0.00,TARJETA
VTA-000246,2026-01-13,20:56:40,CLI-049,Lucía Castro,PROD-031,9,0.38,0.00,YAPE
VTA-000246,2026-01-13,20:56:40,CLI-049,Lucía Castro,PROD-019,2,8.37,0.00,YAPE
VTA-000247,2026-01-13,12:58:23,CLI-051,Elena Castro,PROD-004,3,3.29,0.00,EFECTIVO
VTA-000248,2026-01-13,11:34:47,CLI-057,Claudia Castro,PROD-011,3,4.23,0.00,EFECTIVO
VTA-000248,2026-01-13,11:34:47,CLI-057,Claudia Castro,PROD-007,3,3.29,0.00,EFECTIVO
VTA-000249,2026-01-13,15:28:44,CLI-100,Marco Rojas,PROD-010,4,3.76,0.00,EFECTIVO
VTA-000249,2026-01-13,15:28:44,CLI-100,Marco Rojas,PROD-006,5,1.88,0.00,EFECTIVO
VTA-000249,2026-01-13,15:28:44,CLI-100,Marco Rojas,PROD-004,5,3.29,0.00,EFECTIVO
VTA-000249,2026-01-13,15:28:44,CLI-100,Marco Rojas,PROD-015,2,8.37,0.00,EFECTIVO
VTA-000250,2026-01-14,10:42:08,CLI-043,María Castro,PROD-028,6,1.88,0.00,YAPE
VTA-000250,2026-01-14,10:42:08,CLI-043,María Castro,PROD-029,4,2.63,0.00,YAPE
VTA-000251,2026-01-14,17:15:28,CLI-004,Luis Mendoza,PROD-008,5,3.01,0.00,TARJETA
VTA-000251,2026-01-14,17:15:28,CLI-004,Luis Mendoza,PROD-029,6,2.63,0.00,TARJETA
VTA-000251,2026-01-14,17:15:28,CLI-004,Luis Mendoza,PROD-031,16,0.38,0.00,TARJETA
VTA-000251,2026-01-14,17:15:28,CLI-004,Luis Mendoza,PROD-004,2,3.29,0.00,TARJETA
VTA-000252,2026-01-14,07:49:35,CLI-063,María Díaz,PROD-012,5,7.43,0.00,YAPE
VTA-000252,2026-01-14,07:49:35,CLI-063,María Díaz,PROD-002,2,4.51,0.00,YAPE
VTA-000252,2026-01-14,07:49:35,CLI-063,María Díaz,PROD-028,6,1.88,0.00,YAPE
VTA-000253,2026-01-14,08:28:27,CLI-008,Jorge Mendoza,PROD-019,6,8.37,0.00,EFECTIVO
VTA-000253,2026-01-14,08:28:27,CLI-008,Jorge Mendoza,PROD-029,4,2.63,0.00,EFECTIVO
VTA-000253,2026-01-14,08:28:27,CLI-008,Jorge Mendoza,PROD-007,2,3.29,0.00,EFECTIVO
VTA-000254,2026-01-14,09:24:12,CLI-043,María Castro,PROD-011,6,4.23,0.71,EFECTIVO
VTA-000254,2026-01-14,09:24:12,CLI-043,María Castro,PROD-001,2,4.89,0.00,EFECTIVO
VTA-000255,2026-01-14,12:09:43,CLI-064,Luis Díaz,PROD-010,4,3.76,0.00,YAPE
VTA-000256,2026-01-14,20:16:43,CLI-034,Juan García,PROD-004,2,3.29,0.00,EFECTIVO
VTA-000257,2026-01-14,15:27:25,CLI-043,María Castro,PROD-026,4,1.41,0.00,EFECTIVO
VTA-000257,2026-01-14,15:27:25,CLI-043,María Castro,PROD-003,1,10.25,0.00,EFECTIVO
VTA-000258,2026-01-14,16:36:32,CLI-073,Patricia Díaz,PROD-007,2,3.29,0.00,YAPE
VTA-000258,2026-01-14,16:36:32,CLI-073,Patricia Díaz,PROD-004,3,3.29,0.00,YAPE
VTA-000259,2026-01-14,20:17:53,CLI-032,Pedro García,PROD-011,4,4.23,0.00,PLIN
VTA-000259,2026-01-14,20:17:53,CLI-032,Pedro García,PROD-019,6,8.37,0.00,PLIN
VTA-000260,2026-01-14,07:42:18,CLI-036,Víctor García,PROD-007,1,3.29,0.00,PLIN
VTA-000260,2026-01-14,07:42:18,CLI-036,Víctor García,PROD-013,4,2.07,0.00,PLIN
VTA-000260,2026-01-14,07:42:18,CLI-036,Víctor García,PROD-034,2,4.23,0.00,PLIN
VTA-000260,2026-01-14,07:42:18,CLI-036,Víctor García,PROD-018,6,3.95,0.00,PLIN
VTA-000261,2026-01-14,17:14:02,CLI-001,Rosa Mendoza,PROD-009,2,5.55,0.00,EFECTIVO
VTA-000261,2026-01-14,17:14:02,CLI-001,Rosa Mendoza,PROD-015,4,8.37,0.00,EFECTIVO
VTA-000261,2026-01-14,17:14:02,CLI-001,Rosa Mendoza,PROD-018,5,3.95,0.00,EFECTIVO
VTA-000261,2026-01-14,17:14:02,CLI-001,Rosa Mendoza,PROD-006,6,1.88,0.00,EFECTIVO
VTA-000262,2026-01-14,09:50:49,CLI-009,Lucía Mendoza,PROD-017,1,7.99,0.00,YAPE
VTA-000262,2026-01-14,09:50:49,CLI-009,Lucía Mendoza,PROD-022,1,3.01,0.00,YAPE
VTA-000262,2026-01-14,09:50:49,CLI-009,Lucía Mendoza,PROD-032,5,6.11,0.00,YAPE
VTA-000262,2026-01-14,09:50:49,CLI-009,Lucía Mendoza,PROD-027,5,2.35,0.00,YAPE
VTA-000263,2026-01-14,17:18:57,CLI-062,José Díaz,PROD-018,5,3.95,0.00,PLIN
VTA-000263,2026-01-14,17:18:57,CLI-062,José Díaz,PROD-013,1,2.07,0.00,PLIN
VTA-000263,2026-01-14,17:18:57,CLI-062,José Díaz,PROD-008,6,3.01,0.00,PLIN
VTA-000264,2026-01-14,20:44:02,CLI-058,Renzo Castro,PROD-027,6,2.35,0.76,YAPE
VTA-000264,2026-01-14,20:44:02,CLI-058,Renzo Castro,PROD-011,5,4.23,0.00,YAPE
VTA-000264,2026-01-14,20:44:02,CLI-058,Renzo Castro,PROD-006,4,1.88,0.00,YAPE
VTA-000265,2026-01-14,10:15:58,CLI-022,José García,PROD-001,5,4.89,0.00,EFECTIVO
VTA-000265,2026-01-14,10:15:58,CLI-022,José García,PROD-003,5,10.25,0.00,EFECTIVO
VTA-000266,2026-01-14,18:38:17,CLI-076,Víctor Díaz,PROD-019,3,8.37,0.00,PLIN
VTA-000266,2026-01-14,18:38:17,CLI-076,Víctor Díaz,PROD-006,5,1.88,0.00,PLIN
VTA-000266,2026-01-14,18:38:17,CLI-076,Víctor Díaz,PROD-008,6,3.01,0.00,PLIN
VTA-000266,2026-01-14,18:38:17,CLI-076,Víctor Díaz,PROD-005,5,6.49,0.00,PLIN
VTA-000266,2026-01-14,18:38:17,CLI-076,Víctor Díaz,PROD-012,1,7.43,0.00,PLIN
VTA-000267,2026-01-14,09:40:51,CLI-086,Carlos Rojas,PROD-022,2,3.01,0.00,EFECTIVO
VTA-000268,2026-01-14,09:31:35,CLI-065,Carmen Díaz,PROD-001,3,4.89,1.00,TARJETA
VTA-000269,2026-01-15,20:26:07,CLI-004,Luis Mendoza,PROD-006,5,1.88,0.00,YAPE
VTA-000269,2026-01-15,20:26:07,CLI-004,Luis Mendoza,PROD-008,3,3.01,0.00,YAPE
VTA-000270,2026-01-15,21:01:05,CLI-039,Diana García,PROD-015,2,8.37,0.00,TARJETA
VTA-000270,2026-01-15,21:01:05,CLI-039,Diana García,PROD-019,5,8.37,0.00,TARJETA
VTA-000271,2026-01-15,13:28:36,CLI-005,Carmen Mendoza,PROD-034,5,4.23,0.00,EFECTIVO
VTA-000271,2026-01-15,13:28:36,CLI-005,Carmen Mendoza,PROD-001,1,4.89,0.00,EFECTIVO
VTA-000271,2026-01-15,13:28:36,CLI-005,Carmen Mendoza,PROD-028,1,1.88,0.00,EFECTIVO
VTA-000272,2026-01-15,19:42:18,CLI-003,María Mendoza,PROD-013,1,2.07,0.00,EFECTIVO
VTA-000272,2026-01-15,19:42:18,CLI-003,María Mendoza,PROD-019,5,8.37,0.00,EFECTIVO
VTA-000272,2026-01-15,19:42:18,CLI-003,María Mendoza,PROD-022,2,3.01,0.00,EFECTIVO
VTA-000272,2026-01-15,19:42:18,CLI-003,María Mendoza,PROD-002,6,4.51,0.00,EFECTIVO
VTA-000273,2026-01-15,18:51:41,CLI-063,María Díaz,PROD-012,6,7.43,0.00,EFECTIVO
VTA-000273,2026-01-15,18:51:41,CLI-063,María Díaz,PROD-008,6,3.01,0.00,EFECTIVO
VTA-000274,2026-01-15,08:43:22,CLI-036,Víctor García,PROD-026,4,1.41,0.33,EFECTIVO
VTA-000274,2026-01-15,08:43:22,CLI-036,Víctor García,PROD-001,2,4.89,0.00,EFECTIVO
VTA-000275,2026-01-15,11:13:39,CLI-014,Juan Mendoza,PROD-019,3,8.37,0.00,YAPE
VTA-000275,2026-01-15,11:13:39,CLI-014,Juan Mendoza,PROD-005,6,6.49,4.03,YAPE
VTA-000275,2026-01-15,11:13:39,CLI-014,Juan Mendoza,PROD-020,6,6.11,0.00,YAPE
VTA-000276,2026-01-15,18:32:44,CLI-056,Víctor Castro,PROD-019,4,8.37,0.00,TARJETA
VTA-000276,2026-01-15,18:32:44,CLI-056,Víctor Castro,PROD-011,5,4.23,0.00,TARJETA
VTA-000276,2026-01-15,18:32:44,CLI-056,Víctor Castro,PROD-032,1,6.11,0.00,TARJETA
VTA-000277,2026-01-15,19:48:42,CLI-014,Juan Mendoza,PROD-002,6,4.51,0.00,YAPE
VTA-000277,2026-01-15,19:48:42,CLI-014,Juan Mendoza,PROD-012,5,7.43,0.00,YAPE
VTA-000277,2026-01-15,19:48:42,CLI-014,Juan Mendoza,PROD-011,6,4.23,0.00,YAPE
VTA-000278,2026-01-15,10:53:03,CLI-042,José Castro,PROD-008,4,3.01,0.00,EFECTIVO
VTA-000279,2026-01-15,13:35:33,CLI-052,Pedro Castro,PROD-001,1,4.89,0.00,EFECTIVO
VTA-000280,2026-01-15,11:00:41,CLI-071,Elena Díaz,PROD-022,4,3.01,1.78,EFECTIVO
VTA-000280,2026-01-15,11:00:41,CLI-071,Elena Díaz,PROD-018,1,3.95,0.00,EFECTIVO
VTA-000281,2026-01-15,08:41:47,CLI-062,José Díaz,PROD-028,4,1.88,0.00,EFECTIVO
VTA-000281,2026-01-15,08:41:47,CLI-062,José Díaz,PROD-004,4,3.29,0.00,EFECTIVO
VTA-000282,2026-01-16,21:52:18,CLI-047,Ana Castro,PROD-003,2,10.25,0.00,PLIN
VTA-000282,2026-01-16,21:52:18,CLI-047,Ana Castro,PROD-023,1,7.05,0.00,PLIN
VTA-000283,2026-01-16,18:59:33,CLI-010,Miguel Mendoza,PROD-026,6,1.41,0.00,PLIN
VTA-000283,2026-01-16,18:59:33,CLI-010,Miguel Mendoza,PROD-003,6,10.25,0.00,PLIN
VTA-000283,2026-01-16,18:59:33,CLI-010,Miguel Mendoza,PROD-019,4,8.37,2.52,PLIN
VTA-000284,2026-01-16,21:14:53,CLI-008,Jorge Mendoza,PROD-026,6,1.41,0.00,EFECTIVO
VTA-000284,2026-01-16,21:14:53,CLI-008,Jorge Mendoza,PROD-016,4,10.81,0.00,EFECTIVO
VTA-000285,2026-01-16,16:02:19,CLI-001,Rosa Mendoza,PROD-017,4,7.99,0.00,EFECTIVO
VTA-000285,2026-01-16,16:02:19,CLI-001,Rosa Mendoza,PROD-013,1,2.07,0.00,EFECTIVO
VTA-000285,2026-01-16,16:02:19,CLI-001,Rosa Mendoza,PROD-010,6,3.76,2.73,EFECTIVO
VTA-000285,2026-01-16,16:02:19,CLI-001,Rosa Mendoza,PROD-008,5,3.01,0.00,EFECTIVO
VTA-000286,2026-01-16,09:04:57,CLI-007,Ana Mendoza,PROD-031,8,0.38,0.00,YAPE
VTA-000287,2026-01-16,07:22:22,CLI-011,Elena Mendoza,PROD-028,1,1.88,0.00,PLIN
VTA-000287,2026-01-16,07:22:22,CLI-011,Elena Mendoza,PROD-010,1,3.76,0.00,PLIN
VTA-000287,2026-01-16,07:22:22,CLI-011,Elena Mendoza,PROD-031,19,0.38,0.00,PLIN
VTA-000288,2026-01-16,21:27:40,CLI-038,Renzo García,PROD-010,6,3.76,0.00,EFECTIVO
VTA-000288,2026-01-16,21:27:40,CLI-038,Renzo García,PROD-006,3,1.88,0.00,EFECTIVO
VTA-000289,2026-01-16,20:57:48,CLI-058,Renzo Castro,PROD-003,2,10.25,1.74,PLIN
VTA-000289,2026-01-16,20:57:48,CLI-058,Renzo Castro,PROD-031,12,0.38,0.00,PLIN
VTA-000289,2026-01-16,20:57:48,CLI-058,Renzo Castro,PROD-022,2,3.01,0.00,PLIN
VTA-000290,2026-01-16,16:18:14,CLI-051,Elena Castro,PROD-017,2,7.99,0.00,EFECTIVO
VTA-000290,2026-01-16,16:18:14,CLI-051,Elena Castro,PROD-022,4,3.01,0.00,EFECTIVO
VTA-000291,2026-01-16,10:36:03,CLI-022,José García,PROD-003,1,10.25,0.00,PLIN
VTA-000292,2026-01-16,08:34:27,CLI-059,Diana Castro,PROD-010,5,3.76,0.00,EFECTIVO
VTA-000293,2026-01-16,10:07:54,CLI-068,Jorge Díaz,PROD-026,2,1.41,0.00,PLIN
VTA-000293,2026-01-16,10:07:54,CLI-068,Jorge Díaz,PROD-013,3,2.07,0.00,PLIN
VTA-000293,2026-01-16,10:07:54,CLI-068,Jorge Díaz,PROD-029,5,2.63,0.00,PLIN
VTA-000294,2026-01-16,09:02:35,CLI-038,Renzo García,PROD-031,9,0.38,0.00,EFECTIVO
VTA-000294,2026-01-16,09:02:35,CLI-038,Renzo García,PROD-015,1,8.37,0.00,EFECTIVO
VTA-000295,2026-01-16,08:45:53,CLI-055,Milagros Castro,PROD-012,1,7.43,0.00,PLIN
VTA-000295,2026-01-16,08:45:53,CLI-055,Milagros Castro,PROD-013,6,2.07,0.00,PLIN
VTA-000295,2026-01-16,08:45:53,CLI-055,Milagros Castro,PROD-029,6,2.63,1.59,PLIN
VTA-000296,2026-01-16,11:14:57,CLI-052,Pedro Castro,PROD-018,1,3.95,0.00,EFECTIVO
VTA-000296,2026-01-16,11:14:57,CLI-052,Pedro Castro,PROD-006,5,1.88,0.00,EFECTIVO
VTA-000296,2026-01-16,11:14:57,CLI-052,Pedro Castro,PROD-010,3,3.76,1.43,EFECTIVO
VTA-000297,2026-01-16,19:28:49,CLI-066,Carlos Díaz,PROD-010,3,3.76,0.00,YAPE
VTA-000298,2026-01-16,07:07:57,CLI-030,Miguel García,PROD-007,6,3.29,0.00,TARJETA
VTA-000298,2026-01-16,07:07:57,CLI-030,Miguel García,PROD-012,6,7.43,0.00,TARJETA
VTA-000299,2026-01-16,15:09:26,CLI-004,Luis Mendoza,PROD-010,3,3.76,0.00,EFECTIVO
VTA-000300,2026-01-17,10:43:47,CLI-024,Luis García,PROD-016,5,10.81,3.79,PLIN
VTA-000300,2026-01-17,10:43:47,CLI-024,Luis García,PROD-007,5,3.29,0.00,PLIN
VTA-000300,2026-01-17,10:43:47,CLI-024,Luis García,PROD-033,4,9.31,0.00,PLIN
VTA-000300,2026-01-17,10:43:47,CLI-024,Luis García,PROD-001,1,4.89,0.00,PLIN
VTA-000301,2026-01-17,16:51:04,CLI-001,Rosa Mendoza,PROD-034,2,4.23,0.00,YAPE
VTA-000301,2026-01-17,16:51:04,CLI-001,Rosa Mendoza,PROD-017,1,7.99,0.00,YAPE
VTA-000301,2026-01-17,16:51:04,CLI-001,Rosa Mendoza,PROD-031,19,0.38,0.00,YAPE
VTA-000302,2026-01-17,13:56:27,CLI-037,Claudia García,PROD-028,1,1.88,0.00,EFECTIVO
VTA-000302,2026-01-17,13:56:27,CLI-037,Claudia García,PROD-004,5,3.29,0.00,EFECTIVO
VTA-000302,2026-01-17,13:56:27,CLI-037,Claudia García,PROD-010,1,3.76,0.00,EFECTIVO
VTA-000303,2026-01-17,10:28:01,CLI-027,Ana García,PROD-026,3,1.41,0.00,EFECTIVO
VTA-000303,2026-01-17,10:28:01,CLI-027,Ana García,PROD-006,5,1.88,0.00,EFECTIVO
VTA-000304,2026-01-17,13:50:30,CLI-048,Jorge Castro,PROD-028,1,1.88,0.24,TARJETA
VTA-000304,2026-01-17,13:50:30,CLI-048,Jorge Castro,PROD-007,3,3.29,0.00,TARJETA
VTA-000304,2026-01-17,13:50:30,CLI-048,Jorge Castro,PROD-012,2,7.43,0.00,TARJETA
VTA-000304,2026-01-17,13:50:30,CLI-048,Jorge Castro,PROD-009,3,5.55,0.00,TARJETA
VTA-000305,2026-01-17,21:57:53,CLI-004,Luis Mendoza,PROD-006,6,1.88,0.00,EFECTIVO
VTA-000305,2026-01-17,21:57:53,CLI-004,Luis Mendoza,PROD-001,1,4.89,0.00,EFECTIVO
VTA-000306,2026-01-17,17:58:20,CLI-013,Patricia Mendoza,PROD-013,1,2.07,0.00,TARJETA
VTA-000307,2026-01-17,14:10:04,CLI-006,Carlos Mendoza,PROD-032,5,6.11,1.80,EFECTIVO
VTA-000307,2026-01-17,14:10:04,CLI-006,Carlos Mendoza,PROD-012,1,7.43,0.00,EFECTIVO
VTA-000307,2026-01-17,14:10:04,CLI-006,Carlos Mendoza,PROD-010,2,3.76,0.70,EFECTIVO
VTA-000307,2026-01-17,14:10:04,CLI-006,Carlos Mendoza,PROD-007,5,3.29,0.00,EFECTIVO
VTA-000307,2026-01-17,14:10:04,CLI-006,Carlos Mendoza,PROD-022,4,3.01,0.00,EFECTIVO
VTA-000308,2026-01-17,21:48:00,CLI-032,Pedro García,PROD-001,5,4.89,0.00,YAPE
VTA-000309,2026-01-17,20:05:26,CLI-013,Patricia Mendoza,PROD-016,2,10.81,0.00,EFECTIVO
VTA-000310,2026-01-17,07:52:20,CLI-042,José Castro,PROD-001,1,4.89,0.00,PLIN
VTA-000310,2026-01-17,07:52:20,CLI-042,José Castro,PROD-008,4,3.01,0.00,PLIN
VTA-000310,2026-01-17,07:52:20,CLI-042,José Castro,PROD-006,2,1.88,0.00,PLIN
VTA-000310,2026-01-17,07:52:20,CLI-042,José Castro,PROD-029,6,2.63,0.00,PLIN
VTA-000310,2026-01-17,07:52:20,CLI-042,José Castro,PROD-003,3,10.25,0.00,PLIN
VTA-000311,2026-01-17,20:58:04,CLI-013,Patricia Mendoza,PROD-011,5,4.23,1.82,YAPE
VTA-000311,2026-01-17,20:58:04,CLI-013,Patricia Mendoza,PROD-026,5,1.41,0.00,YAPE
VTA-000312,2026-01-17,07:46:19,CLI-072,Pedro Díaz,PROD-001,3,4.89,0.00,EFECTIVO
VTA-000313,2026-01-17,16:38:44,CLI-013,Patricia Mendoza,PROD-020,1,6.11,0.71,TARJETA
VTA-000314,2026-01-17,13:04:20,CLI-099,Diana Rojas,PROD-010,2,3.76,0.00,YAPE
VTA-000314,2026-01-17,13:04:20,CLI-099,Diana Rojas,PROD-001,5,4.89,0.00,YAPE
VTA-000315,2026-01-17,16:04:38,CLI-047,Ana Castro,PROD-008,4,3.01,0.97,YAPE
VTA-000316,2026-01-17,17:59:20,CLI-012,Pedro Mendoza,PROD-008,3,3.01,0.00,EFECTIVO
VTA-000317,2026-01-17,12:59:14,CLI-039,Diana García,PROD-005,4,6.49,0.00,EFECTIVO
VTA-000318,2026-01-17,13:37:35,CLI-002,José Mendoza,PROD-006,2,1.88,0.40,EFECTIVO
VTA-000318,2026-01-17,13:37:35,CLI-002,José Mendoza,PROD-022,3,3.01,0.00,EFECTIVO
VTA-000318,2026-01-17,13:37:35,CLI-002,José Mendoza,PROD-011,2,4.23,0.00,EFECTIVO
VTA-000318,2026-01-17,13:37:35,CLI-002,José Mendoza,PROD-028,6,1.88,0.00,EFECTIVO
VTA-000319,2026-01-17,15:27:40,CLI-007,Ana Mendoza,PROD-019,4,8.37,0.00,PLIN
VTA-000319,2026-01-17,15:27:40,CLI-007,Ana Mendoza,PROD-003,1,10.25,0.00,PLIN
VTA-000320,2026-01-17,20:19:00,CLI-011,Elena Mendoza,PROD-006,6,1.88,1.26,YAPE
VTA-000321,2026-01-17,10:22:48,CLI-071,Elena Díaz,PROD-027,1,2.35,0.00,EFECTIVO
VTA-000321,2026-01-17,10:22:48,CLI-071,Elena Díaz,PROD-011,3,4.23,0.62,EFECTIVO
VTA-000322,2026-01-17,15:21:27,CLI-020,Marco Mendoza,PROD-015,2,8.37,0.00,PLIN
VTA-000322,2026-01-17,15:21:27,CLI-020,Marco Mendoza,PROD-010,4,3.76,0.00,PLIN
VTA-000322,2026-01-17,15:21:27,CLI-020,Marco Mendoza,PROD-023,6,7.05,0.00,PLIN
VTA-000323,2026-01-17,13:08:23,CLI-024,Luis García,PROD-028,2,1.88,0.26,YAPE
VTA-000323,2026-01-17,13:08:23,CLI-024,Luis García,PROD-029,2,2.63,0.00,YAPE
VTA-000323,2026-01-17,13:08:23,CLI-024,Luis García,PROD-008,5,3.01,0.00,YAPE
VTA-000324,2026-01-17,08:59:20,CLI-091,Elena Rojas,PROD-015,2,8.37,0.00,EFECTIVO
VTA-000324,2026-01-17,08:59:20,CLI-091,Elena Rojas,PROD-029,3,2.63,0.00,EFECTIVO
VTA-000325,2026-01-17,21:50:21,CLI-023,María García,PROD-033,3,9.31,0.00,YAPE
VTA-000325,2026-01-17,21:50:21,CLI-023,María García,PROD-010,3,3.76,0.00,YAPE
VTA-000325,2026-01-17,21:50:21,CLI-023,María García,PROD-002,3,4.51,0.00,YAPE
VTA-000326,2026-01-17,07:28:32,CLI-047,Ana Castro,PROD-029,3,2.63,0.00,EFECTIVO
VTA-000326,2026-01-17,07:28:32,CLI-047,Ana Castro,PROD-019,3,8.37,0.00,EFECTIVO
VTA-000326,2026-01-17,07:28:32,CLI-047,Ana Castro,PROD-013,4,2.07,0.00,EFECTIVO
VTA-000326,2026-01-17,07:28:32,CLI-047,Ana Castro,PROD-034,3,4.23,0.00,EFECTIVO
VTA-000326,2026-01-17,07:28:32,CLI-047,Ana Castro,PROD-007,2,3.29,0.39,EFECTIVO
VTA-000327,2026-01-18,13:40:02,CLI-047,Ana Castro,PROD-027,6,2.35,0.00,EFECTIVO
VTA-000327,2026-01-18,13:40:02,CLI-047,Ana Castro,PROD-007,5,3.29,0.00,EFECTIVO
VTA-000327,2026-01-18,13:40:02,CLI-047,Ana Castro,PROD-006,4,1.88,0.00,EFECTIVO
VTA-000328,2026-01-18,09:47:27,CLI-027,Ana García,PROD-031,4,0.38,0.00,YAPE
VTA-000328,2026-01-18,09:47:27,CLI-027,Ana García,PROD-004,6,3.29,0.00,YAPE
VTA-000328,2026-01-18,09:47:27,CLI-027,Ana García,PROD-010,2,3.76,0.00,YAPE
VTA-000329,2026-01-18,21:17:48,CLI-077,Claudia Díaz,PROD-004,5,3.29,0.00,PLIN
VTA-000329,2026-01-18,21:17:48,CLI-077,Claudia Díaz,PROD-022,1,3.01,0.00,PLIN
VTA-000330,2026-01-18,11:14:36,CLI-031,Elena García,PROD-028,5,1.88,0.00,TARJETA
VTA-000331,2026-01-18,13:50:11,CLI-025,Carmen García,PROD-001,1,4.89,0.00,EFECTIVO
VTA-000331,2026-01-18,13:50:11,CLI-025,Carmen García,PROD-014,4,8.93,0.00,EFECTIVO
VTA-000331,2026-01-18,13:50:11,CLI-025,Carmen García,PROD-007,4,3.29,0.00,EFECTIVO
VTA-000332,2026-01-18,20:23:36,CLI-038,Renzo García,PROD-006,6,1.88,0.00,YAPE
VTA-000332,2026-01-18,20:23:36,CLI-038,Renzo García,PROD-027,5,2.35,0.00,YAPE
VTA-000332,2026-01-18,20:23:36,CLI-038,Renzo García,PROD-007,3,3.29,0.00,YAPE
VTA-000332,2026-01-18,20:23:36,CLI-038,Renzo García,PROD-031,3,0.38,0.00,YAPE
VTA-000333,2026-01-18,13:04:18,CLI-034,Juan García,PROD-011,5,4.23,2.37,YAPE
VTA-000333,2026-01-18,13:04:18,CLI-034,Juan García,PROD-007,1,3.29,0.00,YAPE
VTA-000334,2026-01-18,18:31:53,CLI-007,Ana Mendoza,PROD-005,4,6.49,3.62,YAPE
VTA-000334,2026-01-18,18:31:53,CLI-007,Ana Mendoza,PROD-007,5,3.29,0.00,YAPE
VTA-000335,2026-01-18,13:55:13,CLI-089,Lucía Rojas,PROD-012,1,7.43,0.91,EFECTIVO
VTA-000336,2026-01-18,12:21:03,CLI-068,Jorge Díaz,PROD-019,1,8.37,0.00,EFECTIVO
VTA-000336,2026-01-18,12:21:03,CLI-068,Jorge Díaz,PROD-006,6,1.88,0.00,EFECTIVO
VTA-000337,2026-01-18,10:09:04,CLI-088,Jorge Rojas,PROD-003,6,10.25,0.00,EFECTIVO
VTA-000338,2026-01-18,08:33:26,CLI-018,Renzo Mendoza,PROD-031,17,0.38,0.00,YAPE
VTA-000338,2026-01-18,08:33:26,CLI-018,Renzo Mendoza,PROD-003,3,10.25,0.00,YAPE
VTA-000338,2026-01-18,08:33:26,CLI-018,Renzo Mendoza,PROD-004,4,3.29,0.00,YAPE
VTA-000338,2026-01-18,08:33:26,CLI-018,Renzo Mendoza,PROD-033,2,9.31,0.00,YAPE
VTA-000338,2026-01-18,08:33:26,CLI-018,Renzo Mendoza,PROD-027,4,2.35,0.00,YAPE
VTA-000339,2026-01-18,11:38:20,CLI-003,María Mendoza,PROD-013,4,2.07,0.00,PLIN
VTA-000339,2026-01-18,11:38:20,CLI-003,María Mendoza,PROD-007,3,3.29,0.00,PLIN
VTA-000340,2026-01-18,11:21:12,CLI-017,Claudia Mendoza,PROD-022,1,3.01,0.00,YAPE
VTA-000340,2026-01-18,11:21:12,CLI-017,Claudia Mendoza,PROD-028,4,1.88,0.00,YAPE
VTA-000340,2026-01-18,11:21:12,CLI-017,Claudia Mendoza,PROD-005,1,6.49,0.84,YAPE
VTA-000340,2026-01-18,11:21:12,CLI-017,Claudia Mendoza,PROD-019,2,8.37,0.00,YAPE
VTA-000341,2026-01-18,11:43:53,CLI-086,Carlos Rojas,PROD-001,2,4.89,0.00,EFECTIVO
VTA-000341,2026-01-18,11:43:53,CLI-086,Carlos Rojas,PROD-007,1,3.29,0.00,EFECTIVO
VTA-000341,2026-01-18,11:43:53,CLI-086,Carlos Rojas,PROD-016,4,10.81,0.00,EFECTIVO
VTA-000341,2026-01-18,11:43:53,CLI-086,Carlos Rojas,PROD-008,1,3.01,0.00,EFECTIVO
VTA-000342,2026-01-18,12:19:13,CLI-057,Claudia Castro,PROD-009,4,5.55,3.15,EFECTIVO
VTA-000343,2026-01-18,10:21:06,CLI-010,Miguel Mendoza,PROD-007,3,3.29,0.98,TARJETA
VTA-000343,2026-01-18,10:21:06,CLI-010,Miguel Mendoza,PROD-022,3,3.01,0.00,TARJETA
VTA-000343,2026-01-18,10:21:06,CLI-010,Miguel Mendoza,PROD-018,2,3.95,0.00,TARJETA
VTA-000344,2026-01-18,21:05:51,CLI-031,Elena García,PROD-001,2,4.89,0.44,YAPE
VTA-000344,2026-01-18,21:05:51,CLI-031,Elena García,PROD-007,5,3.29,0.00,YAPE
VTA-000344,2026-01-18,21:05:51,CLI-031,Elena García,PROD-013,3,2.07,0.00,YAPE
VTA-000344,2026-01-18,21:05:51,CLI-031,Elena García,PROD-009,4,5.55,0.00,YAPE
VTA-000345,2026-01-18,09:38:03,CLI-056,Víctor Castro,PROD-029,2,2.63,0.00,YAPE
VTA-000345,2026-01-18,09:38:03,CLI-056,Víctor Castro,PROD-028,6,1.88,0.00,YAPE
VTA-000345,2026-01-18,09:38:03,CLI-056,Víctor Castro,PROD-007,2,3.29,0.00,YAPE
VTA-000346,2026-01-19,13:40:14,CLI-025,Carmen García,PROD-007,5,3.29,0.00,EFECTIVO
VTA-000346,2026-01-19,13:40:14,CLI-025,Carmen García,PROD-027,3,2.35,0.00,EFECTIVO
VTA-000346,2026-01-19,13:40:14,CLI-025,Carmen García,PROD-017,2,7.99,0.00,EFECTIVO
VTA-000346,2026-01-19,13:40:14,CLI-025,Carmen García,PROD-004,4,3.29,0.00,EFECTIVO
VTA-000347,2026-01-19,19:23:42,CLI-011,Elena Mendoza,PROD-001,1,4.89,0.00,PLIN
VTA-000347,2026-01-19,19:23:42,CLI-011,Elena Mendoza,PROD-006,3,1.88,0.00,PLIN
VTA-000347,2026-01-19,19:23:42,CLI-011,Elena Mendoza,PROD-004,3,3.29,0.00,PLIN
VTA-000347,2026-01-19,19:23:42,CLI-011,Elena Mendoza,PROD-011,6,4.23,0.00,PLIN
VTA-000347,2026-01-19,19:23:42,CLI-011,Elena Mendoza,PROD-008,2,3.01,0.00,PLIN
VTA-000348,2026-01-19,13:46:42,CLI-056,Víctor Castro,PROD-003,2,10.25,0.00,EFECTIVO
VTA-000348,2026-01-19,13:46:42,CLI-056,Víctor Castro,PROD-016,2,10.81,0.00,EFECTIVO
VTA-000348,2026-01-19,13:46:42,CLI-056,Víctor Castro,PROD-006,1,1.88,0.00,EFECTIVO
VTA-000348,2026-01-19,13:46:42,CLI-056,Víctor Castro,PROD-008,3,3.01,0.77,EFECTIVO
VTA-000348,2026-01-19,13:46:42,CLI-056,Víctor Castro,PROD-009,6,5.55,0.00,EFECTIVO
VTA-000349,2026-01-19,20:03:38,CLI-044,Luis Castro,PROD-022,1,3.01,0.00,PLIN
VTA-000349,2026-01-19,20:03:38,CLI-044,Luis Castro,PROD-008,4,3.01,0.00,PLIN
VTA-000349,2026-01-19,20:03:38,CLI-044,Luis Castro,PROD-003,3,10.25,0.00,PLIN
VTA-000350,2026-01-19,11:02:14,CLI-007,Ana Mendoza,PROD-016,2,10.81,0.00,PLIN
VTA-000350,2026-01-19,11:02:14,CLI-007,Ana Mendoza,PROD-017,3,7.99,0.00,PLIN
VTA-000351,2026-01-19,21:44:01,CLI-017,Claudia Mendoza,PROD-006,4,1.88,0.00,YAPE
VTA-000351,2026-01-19,21:44:01,CLI-017,Claudia Mendoza,PROD-007,4,3.29,0.00,YAPE
VTA-000352,2026-01-19,13:51:42,CLI-008,Jorge Mendoza,PROD-031,7,0.38,0.00,EFECTIVO
VTA-000352,2026-01-19,13:51:42,CLI-008,Jorge Mendoza,PROD-027,6,2.35,0.00,EFECTIVO
VTA-000352,2026-01-19,13:51:42,CLI-008,Jorge Mendoza,PROD-012,3,7.43,0.49,EFECTIVO
VTA-000353,2026-01-19,07:13:14,CLI-047,Ana Castro,PROD-029,5,2.63,0.00,TARJETA
VTA-000353,2026-01-19,07:13:14,CLI-047,Ana Castro,PROD-033,1,9.31,0.00,TARJETA
VTA-000354,2026-01-19,11:22:13,CLI-002,José Mendoza,PROD-033,3,9.31,0.00,YAPE
VTA-000354,2026-01-19,11:22:13,CLI-002,José Mendoza,PROD-005,2,6.49,0.00,YAPE
VTA-000355,2026-01-19,16:44:30,CLI-011,Elena Mendoza,PROD-015,1,8.37,1.16,EFECTIVO
VTA-000355,2026-01-19,16:44:30,CLI-011,Elena Mendoza,PROD-001,1,4.89,0.00,EFECTIVO
VTA-000356,2026-01-19,16:07:03,CLI-008,Jorge Mendoza,PROD-001,6,4.89,0.00,EFECTIVO
VTA-000356,2026-01-19,16:07:03,CLI-008,Jorge Mendoza,PROD-029,1,2.63,0.00,EFECTIVO
VTA-000357,2026-01-19,07:37:15,CLI-032,Pedro García,PROD-004,6,3.29,0.00,EFECTIVO
VTA-000358,2026-01-19,16:18:02,CLI-006,Carlos Mendoza,PROD-011,6,4.23,0.00,EFECTIVO
VTA-000358,2026-01-19,16:18:02,CLI-006,Carlos Mendoza,PROD-013,6,2.07,0.46,EFECTIVO
VTA-000359,2026-01-20,21:26:00,CLI-016,Víctor Mendoza,PROD-015,5,8.37,0.00,EFECTIVO
VTA-000360,2026-01-20,08:48:41,CLI-028,Jorge García,PROD-006,6,1.88,0.00,PLIN
VTA-000360,2026-01-20,08:48:41,CLI-028,Jorge García,PROD-018,3,3.95,0.00,PLIN
VTA-000360,2026-01-20,08:48:41,CLI-028,Jorge García,PROD-009,3,5.55,0.00,PLIN
VTA-000360,2026-01-20,08:48:41,CLI-028,Jorge García,PROD-027,3,2.35,0.00,PLIN
VTA-000361,2026-01-20,14:43:03,CLI-015,Milagros Mendoza,PROD-006,1,1.88,0.00,EFECTIVO
VTA-000361,2026-01-20,14:43:03,CLI-015,Milagros Mendoza,PROD-028,6,1.88,0.00,EFECTIVO
VTA-000362,2026-01-20,18:14:50,CLI-022,José García,PROD-008,6,3.01,0.00,PLIN
VTA-000363,2026-01-20,14:06:55,CLI-053,Patricia Castro,PROD-012,1,7.43,0.78,EFECTIVO
VTA-000363,2026-01-20,14:06:55,CLI-053,Patricia Castro,PROD-009,4,5.55,0.00,EFECTIVO
VTA-000364,2026-01-20,13:57:32,CLI-012,Pedro Mendoza,PROD-032,6,6.11,2.90,EFECTIVO
VTA-000365,2026-01-20,18:47:25,CLI-005,Carmen Mendoza,PROD-029,2,2.63,0.00,YAPE
VTA-000365,2026-01-20,18:47:25,CLI-005,Carmen Mendoza,PROD-028,2,1.88,0.00,YAPE
VTA-000366,2026-01-20,16:34:29,CLI-011,Elena Mendoza,PROD-006,1,1.88,0.00,YAPE
VTA-000367,2026-01-20,10:51:46,CLI-043,María Castro,PROD-027,2,2.35,0.00,EFECTIVO
VTA-000367,2026-01-20,10:51:46,CLI-043,María Castro,PROD-018,1,3.95,0.00,EFECTIVO
VTA-000367,2026-01-20,10:51:46,CLI-043,María Castro,PROD-010,6,3.76,0.00,EFECTIVO
VTA-000367,2026-01-20,10:51:46,CLI-043,María Castro,PROD-029,4,2.63,0.00,EFECTIVO
VTA-000368,2026-01-20,19:58:03,CLI-019,Diana Mendoza,PROD-023,5,7.05,0.00,PLIN
VTA-000368,2026-01-20,19:58:03,CLI-019,Diana Mendoza,PROD-001,2,4.89,0.00,PLIN
VTA-000368,2026-01-20,19:58:03,CLI-019,Diana Mendoza,PROD-031,11,0.38,0.00,PLIN
VTA-000369,2026-01-20,09:17:09,CLI-023,María García,PROD-002,2,4.51,0.00,YAPE
VTA-000370,2026-01-20,17:09:59,CLI-042,José Castro,PROD-008,3,3.01,0.00,YAPE
VTA-000370,2026-01-20,17:09:59,CLI-042,José Castro,PROD-007,6,3.29,0.77,YAPE
VTA-000371,2026-01-21,21:43:28,CLI-012,Pedro Mendoza,PROD-028,3,1.88,0.00,PLIN
VTA-000371,2026-01-21,21:43:28,CLI-012,Pedro Mendoza,PROD-031,14,0.38,0.00,PLIN
VTA-000372,2026-01-21,12:21:10,CLI-053,Patricia Castro,PROD-018,5,3.95,0.00,EFECTIVO
VTA-000373,2026-01-21,08:53:11,CLI-001,Rosa Mendoza,PROD-003,4,10.25,0.00,EFECTIVO
VTA-000373,2026-01-21,08:53:11,CLI-001,Rosa Mendoza,PROD-001,3,4.89,0.00,EFECTIVO
VTA-000374,2026-01-21,20:51:46,CLI-071,Elena Díaz,PROD-019,1,8.37,0.00,YAPE
VTA-000374,2026-01-21,20:51:46,CLI-071,Elena Díaz,PROD-031,15,0.38,0.00,YAPE
VTA-000374,2026-01-21,20:51:46,CLI-071,Elena Díaz,PROD-013,5,2.07,0.00,YAPE
VTA-000374,2026-01-21,20:51:46,CLI-071,Elena Díaz,PROD-026,2,1.41,0.00,YAPE
VTA-000375,2026-01-21,19:34:29,CLI-009,Lucía Mendoza,PROD-013,3,2.07,0.00,PLIN
VTA-000375,2026-01-21,19:34:29,CLI-009,Lucía Mendoza,PROD-029,4,2.63,0.00,PLIN
VTA-000376,2026-01-21,15:27:20,CLI-008,Jorge Mendoza,PROD-008,1,3.01,0.00,EFECTIVO
VTA-000377,2026-01-21,09:50:22,CLI-025,Carmen García,PROD-004,5,3.29,0.00,EFECTIVO
VTA-000377,2026-01-21,09:50:22,CLI-025,Carmen García,PROD-003,6,10.25,0.00,EFECTIVO
VTA-000378,2026-01-21,15:48:34,CLI-018,Renzo Mendoza,PROD-027,6,2.35,0.00,EFECTIVO
VTA-000378,2026-01-21,15:48:34,CLI-018,Renzo Mendoza,PROD-011,6,4.23,0.00,EFECTIVO
VTA-000378,2026-01-21,15:48:34,CLI-018,Renzo Mendoza,PROD-008,1,3.01,0.00,EFECTIVO
VTA-000378,2026-01-21,15:48:34,CLI-018,Renzo Mendoza,PROD-007,6,3.29,0.00,EFECTIVO
VTA-000379,2026-01-21,15:19:08,CLI-067,Ana Díaz,PROD-031,19,0.38,0.00,EFECTIVO
VTA-000379,2026-01-21,15:19:08,CLI-067,Ana Díaz,PROD-018,5,3.95,0.00,EFECTIVO
VTA-000380,2026-01-21,17:12:44,CLI-038,Renzo García,PROD-006,6,1.88,0.00,EFECTIVO
VTA-000380,2026-01-21,17:12:44,CLI-038,Renzo García,PROD-019,4,8.37,0.00,EFECTIVO
VTA-000381,2026-01-21,14:07:23,CLI-032,Pedro García,PROD-006,2,1.88,0.00,YAPE
VTA-000381,2026-01-21,14:07:23,CLI-032,Pedro García,PROD-013,6,2.07,0.00,YAPE
VTA-000381,2026-01-21,14:07:23,CLI-032,Pedro García,PROD-010,1,3.76,0.00,YAPE
VTA-000382,2026-01-21,17:10:15,CLI-046,Carlos Castro,PROD-001,3,4.89,0.00,YAPE
VTA-000382,2026-01-21,17:10:15,CLI-046,Carlos Castro,PROD-022,3,3.01,0.41,YAPE
VTA-000382,2026-01-21,17:10:15,CLI-046,Carlos Castro,PROD-007,3,3.29,0.00,YAPE
VTA-000383,2026-01-21,08:13:50,CLI-047,Ana Castro,PROD-008,2,3.01,0.00,EFECTIVO
VTA-000383,2026-01-21,08:13:50,CLI-047,Ana Castro,PROD-026,2,1.41,0.00,EFECTIVO
VTA-000384,2026-01-21,17:41:45,CLI-003,María Mendoza,PROD-006,4,1.88,0.00,EFECTIVO
VTA-000384,2026-01-21,17:41:45,CLI-003,María Mendoza,PROD-001,2,4.89,0.00,EFECTIVO
VTA-000384,2026-01-21,17:41:45,CLI-003,María Mendoza,PROD-015,2,8.37,0.00,EFECTIVO
VTA-000385,2026-01-21,09:14:19,CLI-010,Miguel Mendoza,PROD-016,4,10.81,0.00,EFECTIVO
VTA-000386,2026-01-21,19:29:38,CLI-070,Miguel Díaz,PROD-028,5,1.88,0.00,YAPE
VTA-000386,2026-01-21,19:29:38,CLI-070,Miguel Díaz,PROD-001,1,4.89,0.00,YAPE
VTA-000387,2026-01-21,21:56:34,CLI-013,Patricia Mendoza,PROD-006,6,1.88,0.00,TARJETA
VTA-000387,2026-01-21,21:56:34,CLI-013,Patricia Mendoza,PROD-004,1,3.29,0.00,TARJETA
VTA-000387,2026-01-21,21:56:34,CLI-013,Patricia Mendoza,PROD-033,5,9.31,0.00,TARJETA
VTA-000388,2026-01-21,07:16:15,CLI-058,Renzo Castro,PROD-007,6,3.29,0.00,YAPE
VTA-000388,2026-01-21,07:16:15,CLI-058,Renzo Castro,PROD-022,2,3.01,0.00,YAPE
VTA-000389,2026-01-22,16:13:52,CLI-047,Ana Castro,PROD-027,5,2.35,0.00,YAPE
VTA-000390,2026-01-22,13:28:46,CLI-014,Juan Mendoza,PROD-011,6,4.23,0.00,PLIN
VTA-000390,2026-01-22,13:28:46,CLI-014,Juan Mendoza,PROD-001,5,4.89,0.00,PLIN
VTA-000391,2026-01-22,07:20:10,CLI-052,Pedro Castro,PROD-023,2,7.05,0.00,EFECTIVO
VTA-000391,2026-01-22,07:20:10,CLI-052,Pedro Castro,PROD-028,2,1.88,0.00,EFECTIVO
VTA-000392,2026-01-22,07:26:55,CLI-047,Ana Castro,PROD-008,6,3.01,0.00,YAPE
VTA-000393,2026-01-22,14:54:45,CLI-049,Lucía Castro,PROD-003,3,10.25,0.00,YAPE
VTA-000393,2026-01-22,14:54:45,CLI-049,Lucía Castro,PROD-002,1,4.51,0.00,YAPE
VTA-000393,2026-01-22,14:54:45,CLI-049,Lucía Castro,PROD-026,5,1.41,0.00,YAPE
VTA-000393,2026-01-22,14:54:45,CLI-049,Lucía Castro,PROD-034,4,4.23,0.00,YAPE
VTA-000393,2026-01-22,14:54:45,CLI-049,Lucía Castro,PROD-015,1,8.37,0.00,YAPE
VTA-000394,2026-01-22,15:46:51,CLI-002,José Mendoza,PROD-026,1,1.41,0.00,EFECTIVO
VTA-000394,2026-01-22,15:46:51,CLI-002,José Mendoza,PROD-029,4,2.63,1.09,EFECTIVO
VTA-000395,2026-01-22,13:25:39,CLI-004,Luis Mendoza,PROD-031,17,0.38,0.00,YAPE
VTA-000395,2026-01-22,13:25:39,CLI-004,Luis Mendoza,PROD-027,2,2.35,0.00,YAPE
VTA-000395,2026-01-22,13:25:39,CLI-004,Luis Mendoza,PROD-007,5,3.29,0.00,YAPE
VTA-000395,2026-01-22,13:25:39,CLI-004,Luis Mendoza,PROD-016,5,10.81,0.00,YAPE
VTA-000396,2026-01-22,08:17:29,CLI-051,Elena Castro,PROD-007,4,3.29,0.00,YAPE
VTA-000396,2026-01-22,08:17:29,CLI-051,Elena Castro,PROD-029,3,2.63,0.00,YAPE
VTA-000397,2026-01-22,21:48:41,CLI-061,Rosa Díaz,PROD-031,18,0.38,0.00,PLIN
VTA-000397,2026-01-22,21:48:41,CLI-061,Rosa Díaz,PROD-006,6,1.88,0.00,PLIN
VTA-000397,2026-01-22,21:48:41,CLI-061,Rosa Díaz,PROD-020,6,6.11,0.00,PLIN
VTA-000397,2026-01-22,21:48:41,CLI-061,Rosa Díaz,PROD-007,5,3.29,0.00,PLIN
VTA-000398,2026-01-22,12:30:00,CLI-092,Pedro Rojas,PROD-018,2,3.95,0.00,EFECTIVO
VTA-000398,2026-01-22,12:30:00,CLI-092,Pedro Rojas,PROD-022,6,3.01,0.00,EFECTIVO
VTA-000398,2026-01-22,12:30:00,CLI-092,Pedro Rojas,PROD-006,2,1.88,0.00,EFECTIVO
VTA-000398,2026-01-22,12:30:00,CLI-092,Pedro Rojas,PROD-011,3,4.23,0.00,EFECTIVO
VTA-000399,2026-01-22,16:27:39,CLI-061,Rosa Díaz,PROD-016,1,10.81,0.00,YAPE
VTA-000399,2026-01-22,16:27:39,CLI-061,Rosa Díaz,PROD-010,3,3.76,0.00,YAPE
VTA-000399,2026-01-22,16:27:39,CLI-061,Rosa Díaz,PROD-006,5,1.88,0.00,YAPE
VTA-000400,2026-01-22,18:30:48,CLI-030,Miguel García,PROD-019,5,8.37,0.00,PLIN
VTA-000400,2026-01-22,18:30:48,CLI-030,Miguel García,PROD-013,1,2.07,0.00,PLIN
VTA-000400,2026-01-22,18:30:48,CLI-030,Miguel García,PROD-006,3,1.88,0.00,PLIN
VTA-000400,2026-01-22,18:30:48,CLI-030,Miguel García,PROD-026,1,1.41,0.00,PLIN
VTA-000401,2026-01-22,12:40:14,CLI-063,María Díaz,PROD-028,6,1.88,0.00,YAPE
VTA-000402,2026-01-22,07:14:49,CLI-011,Elena Mendoza,PROD-032,3,6.11,0.00,EFECTIVO
VTA-000402,2026-01-22,07:14:49,CLI-011,Elena Mendoza,PROD-034,3,4.23,0.40,EFECTIVO
VTA-000403,2026-01-22,21:20:02,CLI-044,Luis Castro,PROD-022,5,3.01,0.00,YAPE
VTA-000403,2026-01-22,21:20:02,CLI-044,Luis Castro,PROD-026,6,1.41,0.00,YAPE
VTA-000404,2026-01-23,20:58:32,CLI-049,Lucía Castro,PROD-031,19,0.38,0.00,PLIN
VTA-000405,2026-01-23,07:04:27,CLI-056,Víctor Castro,PROD-019,4,8.37,0.00,EFECTIVO
VTA-000406,2026-01-23,17:19:45,CLI-001,Rosa Mendoza,PROD-028,6,1.88,1.48,EFECTIVO
VTA-000407,2026-01-23,09:17:48,CLI-067,Ana Díaz,PROD-001,1,4.89,0.00,YAPE
VTA-000407,2026-01-23,09:17:48,CLI-067,Ana Díaz,PROD-007,6,3.29,0.00,YAPE
VTA-000408,2026-01-23,12:30:19,CLI-043,María Castro,PROD-001,1,4.89,0.00,PLIN
VTA-000408,2026-01-23,12:30:19,CLI-043,María Castro,PROD-009,2,5.55,0.00,PLIN
VTA-000409,2026-01-23,13:13:33,CLI-011,Elena Mendoza,PROD-018,3,3.95,0.00,EFECTIVO
VTA-000410,2026-01-23,12:46:53,CLI-040,Marco García,PROD-008,5,3.01,0.00,EFECTIVO
VTA-000410,2026-01-23,12:46:53,CLI-040,Marco García,PROD-004,5,3.29,0.94,EFECTIVO
VTA-000410,2026-01-23,12:46:53,CLI-040,Marco García,PROD-007,1,3.29,0.00,EFECTIVO
VTA-000411,2026-01-23,19:20:38,CLI-065,Carmen Díaz,PROD-001,6,4.89,0.00,EFECTIVO
VTA-000412,2026-01-23,09:53:33,CLI-026,Carlos García,PROD-012,4,7.43,0.00,YAPE
VTA-000413,2026-01-23,09:37:08,CLI-058,Renzo Castro,PROD-027,3,2.35,0.00,EFECTIVO
VTA-000414,2026-01-23,15:14:19,CLI-006,Carlos Mendoza,PROD-031,3,0.38,0.00,YAPE
VTA-000414,2026-01-23,15:14:19,CLI-006,Carlos Mendoza,PROD-007,5,3.29,0.00,YAPE
VTA-000415,2026-01-23,20:46:36,CLI-028,Jorge García,PROD-011,1,4.23,0.00,EFECTIVO
VTA-000415,2026-01-23,20:46:36,CLI-028,Jorge García,PROD-006,2,1.88,0.00,EFECTIVO
VTA-000416,2026-01-23,11:51:17,CLI-051,Elena Castro,PROD-008,1,3.01,0.00,YAPE
VTA-000416,2026-01-23,11:51:17,CLI-051,Elena Castro,PROD-007,2,3.29,0.79,YAPE
VTA-000417,2026-01-23,08:02:55,CLI-042,José Castro,PROD-013,5,2.07,0.00,EFECTIVO
VTA-000417,2026-01-23,08:02:55,CLI-042,José Castro,PROD-028,1,1.88,0.21,EFECTIVO
VTA-000417,2026-01-23,08:02:55,CLI-042,José Castro,PROD-022,3,3.01,0.00,EFECTIVO
VTA-000417,2026-01-23,08:02:55,CLI-042,José Castro,PROD-010,4,3.76,0.00,EFECTIVO
VTA-000418,2026-01-23,13:34:07,CLI-003,María Mendoza,PROD-034,5,4.23,0.00,YAPE
VTA-000418,2026-01-23,13:34:07,CLI-003,María Mendoza,PROD-013,2,2.07,0.00,YAPE
VTA-000418,2026-01-23,13:34:07,CLI-003,María Mendoza,PROD-006,5,1.88,0.00,YAPE
VTA-000419,2026-01-23,14:52:12,CLI-066,Carlos Díaz,PROD-029,1,2.63,0.00,YAPE
VTA-000419,2026-01-23,14:52:12,CLI-066,Carlos Díaz,PROD-009,6,5.55,0.00,YAPE
VTA-000419,2026-01-23,14:52:12,CLI-066,Carlos Díaz,PROD-018,5,3.95,0.45,YAPE
VTA-000419,2026-01-23,14:52:12,CLI-066,Carlos Díaz,PROD-031,6,0.38,0.00,YAPE
VTA-000419,2026-01-23,14:52:12,CLI-066,Carlos Díaz,PROD-001,4,4.89,0.00,YAPE
VTA-000420,2026-01-23,13:22:23,CLI-047,Ana Castro,PROD-026,2,1.41,0.00,EFECTIVO
VTA-000421,2026-01-23,20:10:47,CLI-067,Ana Díaz,PROD-031,9,0.38,0.00,EFECTIVO
VTA-000422,2026-01-23,17:07:47,CLI-003,María Mendoza,PROD-002,1,4.51,0.00,YAPE
VTA-000422,2026-01-23,17:07:47,CLI-003,María Mendoza,PROD-016,3,10.81,0.00,YAPE
VTA-000422,2026-01-23,17:07:47,CLI-003,María Mendoza,PROD-009,4,5.55,0.00,YAPE
VTA-000423,2026-01-23,08:01:34,CLI-004,Luis Mendoza,PROD-007,3,3.29,0.00,YAPE
VTA-000423,2026-01-23,08:01:34,CLI-004,Luis Mendoza,PROD-028,1,1.88,0.00,YAPE
VTA-000424,2026-01-23,09:25:22,CLI-031,Elena García,PROD-008,4,3.01,0.00,PLIN
VTA-000425,2026-01-23,10:58:34,CLI-010,Miguel Mendoza,PROD-031,15,0.38,0.00,EFECTIVO
VTA-000425,2026-01-23,10:58:34,CLI-010,Miguel Mendoza,PROD-002,2,4.51,0.00,EFECTIVO
VTA-000425,2026-01-23,10:58:34,CLI-010,Miguel Mendoza,PROD-006,6,1.88,0.00,EFECTIVO
VTA-000425,2026-01-23,10:58:34,CLI-010,Miguel Mendoza,PROD-008,4,3.01,0.00,EFECTIVO
VTA-000425,2026-01-23,10:58:34,CLI-010,Miguel Mendoza,PROD-029,3,2.63,0.00,EFECTIVO
VTA-000426,2026-01-23,21:36:36,CLI-012,Pedro Mendoza,PROD-017,4,7.99,0.00,EFECTIVO
VTA-000426,2026-01-23,21:36:36,CLI-012,Pedro Mendoza,PROD-007,3,3.29,0.00,EFECTIVO
VTA-000427,2026-01-24,09:45:54,CLI-084,Luis Rojas,PROD-029,5,2.63,0.00,EFECTIVO
VTA-000427,2026-01-24,09:45:54,CLI-084,Luis Rojas,PROD-002,4,4.51,0.00,EFECTIVO
VTA-000427,2026-01-24,09:45:54,CLI-084,Luis Rojas,PROD-006,6,1.88,0.72,EFECTIVO
VTA-000428,2026-01-24,14:28:01,CLI-008,Jorge Mendoza,PROD-026,1,1.41,0.00,PLIN
VTA-000429,2026-01-24,18:25:19,CLI-015,Milagros Mendoza,PROD-028,5,1.88,0.00,EFECTIVO
VTA-000429,2026-01-24,18:25:19,CLI-015,Milagros Mendoza,PROD-012,1,7.43,0.00,EFECTIVO
VTA-000429,2026-01-24,18:25:19,CLI-015,Milagros Mendoza,PROD-019,3,8.37,0.00,EFECTIVO
VTA-000429,2026-01-24,18:25:19,CLI-015,Milagros Mendoza,PROD-014,2,8.93,0.00,EFECTIVO
VTA-000429,2026-01-24,18:25:19,CLI-015,Milagros Mendoza,PROD-005,6,6.49,0.00,EFECTIVO
VTA-000430,2026-01-24,11:06:57,CLI-046,Carlos Castro,PROD-015,1,8.37,0.00,YAPE
VTA-000430,2026-01-24,11:06:57,CLI-046,Carlos Castro,PROD-011,4,4.23,0.00,YAPE
VTA-000430,2026-01-24,11:06:57,CLI-046,Carlos Castro,PROD-028,5,1.88,0.00,YAPE
VTA-000431,2026-01-24,08:27:20,CLI-072,Pedro Díaz,PROD-031,7,0.38,0.00,EFECTIVO
VTA-000432,2026-01-24,14:31:33,CLI-098,Renzo Rojas,PROD-011,1,4.23,0.00,PLIN
VTA-000433,2026-01-24,13:31:42,CLI-007,Ana Mendoza,PROD-010,1,3.76,0.00,EFECTIVO
VTA-000433,2026-01-24,13:31:42,CLI-007,Ana Mendoza,PROD-014,6,8.93,0.00,EFECTIVO
VTA-000433,2026-01-24,13:31:42,CLI-007,Ana Mendoza,PROD-004,2,3.29,0.00,EFECTIVO
VTA-000433,2026-01-24,13:31:42,CLI-007,Ana Mendoza,PROD-006,6,1.88,0.00,EFECTIVO
VTA-000434,2026-01-24,19:28:46,CLI-047,Ana Castro,PROD-012,6,7.43,0.00,YAPE
VTA-000434,2026-01-24,19:28:46,CLI-047,Ana Castro,PROD-032,4,6.11,0.00,YAPE
VTA-000434,2026-01-24,19:28:46,CLI-047,Ana Castro,PROD-007,2,3.29,0.00,YAPE
VTA-000435,2026-01-24,21:18:43,CLI-038,Renzo García,PROD-010,6,3.76,0.00,EFECTIVO
VTA-000435,2026-01-24,21:18:43,CLI-038,Renzo García,PROD-013,2,2.07,0.00,EFECTIVO
VTA-000436,2026-01-24,11:54:02,CLI-012,Pedro Mendoza,PROD-011,6,4.23,0.00,YAPE
VTA-000436,2026-01-24,11:54:02,CLI-012,Pedro Mendoza,PROD-006,4,1.88,0.00,YAPE
VTA-000436,2026-01-24,11:54:02,CLI-012,Pedro Mendoza,PROD-005,1,6.49,0.00,YAPE
VTA-000436,2026-01-24,11:54:02,CLI-012,Pedro Mendoza,PROD-002,6,4.51,0.00,YAPE
VTA-000437,2026-01-24,13:12:42,CLI-065,Carmen Díaz,PROD-006,3,1.88,0.00,EFECTIVO
VTA-000438,2026-01-24,10:05:14,CLI-001,Rosa Mendoza,PROD-026,4,1.41,0.00,EFECTIVO
VTA-000438,2026-01-24,10:05:14,CLI-001,Rosa Mendoza,PROD-001,3,4.89,0.00,EFECTIVO
VTA-000439,2026-01-24,09:35:20,CLI-030,Miguel García,PROD-031,2,0.38,0.00,EFECTIVO
VTA-000439,2026-01-24,09:35:20,CLI-030,Miguel García,PROD-013,1,2.07,0.00,EFECTIVO
VTA-000439,2026-01-24,09:35:20,CLI-030,Miguel García,PROD-011,2,4.23,0.00,EFECTIVO
VTA-000439,2026-01-24,09:35:20,CLI-030,Miguel García,PROD-008,5,3.01,0.00,EFECTIVO
VTA-000440,2026-01-24,08:56:49,CLI-052,Pedro Castro,PROD-011,5,4.23,0.00,YAPE
VTA-000440,2026-01-24,08:56:49,CLI-052,Pedro Castro,PROD-013,6,2.07,0.00,YAPE
VTA-000440,2026-01-24,08:56:49,CLI-052,Pedro Castro,PROD-016,6,10.81,0.00,YAPE
VTA-000440,2026-01-24,08:56:49,CLI-052,Pedro Castro,PROD-010,5,3.76,0.00,YAPE
VTA-000441,2026-01-24,21:48:17,CLI-039,Diana García,PROD-011,2,4.23,0.00,EFECTIVO
VTA-000441,2026-01-24,21:48:17,CLI-039,Diana García,PROD-009,1,5.55,0.00,EFECTIVO
VTA-000442,2026-01-24,14:21:02,CLI-016,Víctor Mendoza,PROD-002,5,4.51,0.00,TARJETA
VTA-000442,2026-01-24,14:21:02,CLI-016,Víctor Mendoza,PROD-018,6,3.95,0.00,TARJETA
VTA-000442,2026-01-24,14:21:02,CLI-016,Víctor Mendoza,PROD-001,3,4.89,0.00,TARJETA
VTA-000442,2026-01-24,14:21:02,CLI-016,Víctor Mendoza,PROD-006,3,1.88,0.00,TARJETA
VTA-000443,2026-01-24,14:22:36,CLI-007,Ana Mendoza,PROD-034,3,4.23,0.00,PLIN
VTA-000443,2026-01-24,14:22:36,CLI-007,Ana Mendoza,PROD-012,4,7.43,0.00,PLIN
VTA-000444,2026-01-24,08:22:03,CLI-037,Claudia García,PROD-020,4,6.11,1.21,EFECTIVO
VTA-000445,2026-01-24,07:44:34,CLI-089,Lucía Rojas,PROD-027,2,2.35,0.00,EFECTIVO
VTA-000445,2026-01-24,07:44:34,CLI-089,Lucía Rojas,PROD-013,5,2.07,0.00,EFECTIVO
VTA-000446,2026-01-24,15:54:46,CLI-015,Milagros Mendoza,PROD-031,6,0.38,0.00,YAPE
VTA-000446,2026-01-24,15:54:46,CLI-015,Milagros Mendoza,PROD-010,6,3.76,1.91,YAPE
VTA-000447,2026-01-24,20:58:37,CLI-069,Lucía Díaz,PROD-008,5,3.01,0.00,EFECTIVO
VTA-000447,2026-01-24,20:58:37,CLI-069,Lucía Díaz,PROD-028,1,1.88,0.00,EFECTIVO
VTA-000447,2026-01-24,20:58:37,CLI-069,Lucía Díaz,PROD-010,4,3.76,0.00,EFECTIVO
VTA-000447,2026-01-24,20:58:37,CLI-069,Lucía Díaz,PROD-027,4,2.35,0.00,EFECTIVO
VTA-000448,2026-01-25,18:34:58,CLI-014,Juan Mendoza,PROD-011,3,4.23,0.00,EFECTIVO
VTA-000448,2026-01-25,18:34:58,CLI-014,Juan Mendoza,PROD-006,6,1.88,0.00,EFECTIVO
VTA-000448,2026-01-25,18:34:58,CLI-014,Juan Mendoza,PROD-005,1,6.49,0.00,EFECTIVO
VTA-000448,2026-01-25,18:34:58,CLI-014,Juan Mendoza,PROD-012,4,7.43,0.00,EFECTIVO
VTA-000449,2026-01-25,15:09:32,CLI-035,Milagros García,PROD-007,6,3.29,0.00,YAPE
VTA-000450,2026-01-25,16:44:50,CLI-025,Carmen García,PROD-007,4,3.29,0.00,EFECTIVO
VTA-000450,2026-01-25,16:44:50,CLI-025,Carmen García,PROD-006,3,1.88,0.00,EFECTIVO
VTA-000450,2026-01-25,16:44:50,CLI-025,Carmen García,PROD-010,2,3.76,0.00,EFECTIVO
VTA-000451,2026-01-25,16:26:50,CLI-088,Jorge Rojas,PROD-029,3,2.63,0.00,TARJETA
VTA-000451,2026-01-25,16:26:50,CLI-088,Jorge Rojas,PROD-006,2,1.88,0.00,TARJETA
VTA-000451,2026-01-25,16:26:50,CLI-088,Jorge Rojas,PROD-002,1,4.51,0.30,TARJETA
VTA-000452,2026-01-25,21:27:20,CLI-041,Rosa Castro,PROD-006,5,1.88,1.24,YAPE
VTA-000452,2026-01-25,21:27:20,CLI-041,Rosa Castro,PROD-010,4,3.76,0.00,YAPE
VTA-000452,2026-01-25,21:27:20,CLI-041,Rosa Castro,PROD-013,4,2.07,0.00,YAPE
VTA-000452,2026-01-25,21:27:20,CLI-041,Rosa Castro,PROD-008,1,3.01,0.00,YAPE
VTA-000453,2026-01-25,13:32:50,CLI-060,Marco Castro,PROD-032,2,6.11,0.00,TARJETA
VTA-000454,2026-01-25,14:48:49,CLI-098,Renzo Rojas,PROD-022,5,3.01,0.00,EFECTIVO
VTA-000454,2026-01-25,14:48:49,CLI-098,Renzo Rojas,PROD-015,4,8.37,0.00,EFECTIVO
VTA-000455,2026-01-25,21:48:44,CLI-050,Miguel Castro,PROD-002,1,4.51,0.00,TARJETA
VTA-000456,2026-01-25,18:06:23,CLI-066,Carlos Díaz,PROD-006,5,1.88,0.00,EFECTIVO
VTA-000456,2026-01-25,18:06:23,CLI-066,Carlos Díaz,PROD-003,4,10.25,0.00,EFECTIVO
VTA-000456,2026-01-25,18:06:23,CLI-066,Carlos Díaz,PROD-031,2,0.38,0.00,EFECTIVO
VTA-000457,2026-01-25,16:53:16,CLI-001,Rosa Mendoza,PROD-006,1,1.88,0.00,EFECTIVO
VTA-000457,2026-01-25,16:53:16,CLI-001,Rosa Mendoza,PROD-001,2,4.89,0.00,EFECTIVO
VTA-000457,2026-01-25,16:53:16,CLI-001,Rosa Mendoza,PROD-019,2,8.37,0.00,EFECTIVO
VTA-000458,2026-01-25,13:27:16,CLI-010,Miguel Mendoza,PROD-031,4,0.38,0.00,PLIN
VTA-000458,2026-01-25,13:27:16,CLI-010,Miguel Mendoza,PROD-026,1,1.41,0.00,PLIN
VTA-000459,2026-01-25,10:16:52,CLI-008,Jorge Mendoza,PROD-032,6,6.11,0.00,PLIN
VTA-000459,2026-01-25,10:16:52,CLI-008,Jorge Mendoza,PROD-006,4,1.88,0.00,PLIN
VTA-000459,2026-01-25,10:16:52,CLI-008,Jorge Mendoza,PROD-027,3,2.35,0.00,PLIN
VTA-000460,2026-01-25,12:27:34,CLI-088,Jorge Rojas,PROD-002,1,4.51,0.00,EFECTIVO
VTA-000461,2026-01-25,19:35:12,CLI-062,José Díaz,PROD-006,6,1.88,0.00,TARJETA
VTA-000461,2026-01-25,19:35:12,CLI-062,José Díaz,PROD-026,3,1.41,0.00,TARJETA
VTA-000461,2026-01-25,19:35:12,CLI-062,José Díaz,PROD-004,2,3.29,0.00,TARJETA
VTA-000461,2026-01-25,19:35:12,CLI-062,José Díaz,PROD-028,6,1.88,0.00,TARJETA
VTA-000462,2026-01-25,07:46:06,CLI-005,Carmen Mendoza,PROD-010,5,3.76,0.00,PLIN
VTA-000463,2026-01-25,15:06:22,CLI-063,María Díaz,PROD-011,1,4.23,0.00,EFECTIVO
VTA-000464,2026-01-25,15:50:01,CLI-002,José Mendoza,PROD-006,2,1.88,0.00,EFECTIVO
VTA-000464,2026-01-25,15:50:01,CLI-002,José Mendoza,PROD-022,3,3.01,0.00,EFECTIVO
VTA-000464,2026-01-25,15:50:01,CLI-002,José Mendoza,PROD-012,6,7.43,0.00,EFECTIVO
VTA-000465,2026-01-25,17:48:09,CLI-010,Miguel Mendoza,PROD-019,5,8.37,0.00,EFECTIVO
VTA-000466,2026-01-25,21:51:10,CLI-061,Rosa Díaz,PROD-007,4,3.29,0.00,TARJETA
VTA-000467,2026-01-25,07:51:25,CLI-010,Miguel Mendoza,PROD-006,1,1.88,0.00,PLIN
VTA-000467,2026-01-25,07:51:25,CLI-010,Miguel Mendoza,PROD-031,7,0.38,0.00,PLIN
VTA-000468,2026-01-25,11:57:06,CLI-006,Carlos Mendoza,PROD-006,6,1.88,0.00,PLIN
VTA-000468,2026-01-25,11:57:06,CLI-006,Carlos Mendoza,PROD-008,1,3.01,0.00,PLIN
VTA-000469,2026-01-25,10:17:44,CLI-065,Carmen Díaz,PROD-007,6,3.29,0.00,EFECTIVO
VTA-000469,2026-01-25,10:17:44,CLI-065,Carmen Díaz,PROD-010,2,3.76,0.00,EFECTIVO
VTA-000470,2026-01-25,14:28:08,CLI-016,Víctor Mendoza,PROD-018,5,3.95,0.00,YAPE
VTA-000470,2026-01-25,14:28:08,CLI-016,Víctor Mendoza,PROD-006,4,1.88,0.00,YAPE
VTA-000471,2026-01-25,08:03:08,CLI-087,Ana Rojas,PROD-006,5,1.88,0.00,YAPE
VTA-000472,2026-01-25,21:55:10,CLI-051,Elena Castro,PROD-031,8,0.38,0.00,YAPE
VTA-000472,2026-01-25,21:55:10,CLI-051,Elena Castro,PROD-008,3,3.01,0.00,YAPE
VTA-000473,2026-01-25,16:02:42,CLI-051,Elena Castro,PROD-008,1,3.01,0.00,EFECTIVO
VTA-000474,2026-01-25,15:22:57,CLI-063,María Díaz,PROD-004,1,3.29,0.00,TARJETA
VTA-000474,2026-01-25,15:22:57,CLI-063,María Díaz,PROD-029,1,2.63,0.00,TARJETA
VTA-000474,2026-01-25,15:22:57,CLI-063,María Díaz,PROD-010,6,3.76,0.00,TARJETA
VTA-000474,2026-01-25,15:22:57,CLI-063,María Díaz,PROD-031,19,0.38,0.00,TARJETA
VTA-000475,2026-01-26,20:37:56,CLI-007,Ana Mendoza,PROD-019,2,8.37,0.00,YAPE
VTA-000476,2026-01-26,16:16:11,CLI-001,Rosa Mendoza,PROD-022,2,3.01,0.00,PLIN
VTA-000476,2026-01-26,16:16:11,CLI-001,Rosa Mendoza,PROD-012,3,7.43,0.00,PLIN
VTA-000477,2026-01-26,08:59:22,CLI-077,Claudia Díaz,PROD-007,6,3.29,0.00,EFECTIVO
VTA-000478,2026-01-26,13:15:39,CLI-099,Diana Rojas,PROD-031,10,0.38,0.00,EFECTIVO
VTA-000478,2026-01-26,13:15:39,CLI-099,Diana Rojas,PROD-006,6,1.88,0.00,EFECTIVO
VTA-000479,2026-01-26,18:14:08,CLI-030,Miguel García,PROD-029,5,2.63,0.00,TARJETA
VTA-000479,2026-01-26,18:14:08,CLI-030,Miguel García,PROD-005,2,6.49,0.00,TARJETA
VTA-000479,2026-01-26,18:14:08,CLI-030,Miguel García,PROD-023,1,7.05,0.00,TARJETA
VTA-000479,2026-01-26,18:14:08,CLI-030,Miguel García,PROD-010,2,3.76,0.00,TARJETA
VTA-000479,2026-01-26,18:14:08,CLI-030,Miguel García,PROD-026,6,1.41,0.00,TARJETA
VTA-000480,2026-01-26,17:50:20,CLI-068,Jorge Díaz,PROD-016,6,10.81,0.00,PLIN
VTA-000480,2026-01-26,17:50:20,CLI-068,Jorge Díaz,PROD-015,3,8.37,2.07,PLIN
VTA-000481,2026-01-26,15:14:09,CLI-068,Jorge Díaz,PROD-015,5,8.37,0.00,EFECTIVO
VTA-000481,2026-01-26,15:14:09,CLI-068,Jorge Díaz,PROD-017,1,7.99,0.00,EFECTIVO
VTA-000481,2026-01-26,15:14:09,CLI-068,Jorge Díaz,PROD-029,5,2.63,0.00,EFECTIVO
VTA-000482,2026-01-26,10:39:49,CLI-006,Carlos Mendoza,PROD-029,4,2.63,0.00,YAPE
VTA-000482,2026-01-26,10:39:49,CLI-006,Carlos Mendoza,PROD-006,5,1.88,0.00,YAPE
VTA-000482,2026-01-26,10:39:49,CLI-006,Carlos Mendoza,PROD-005,1,6.49,0.00,YAPE
VTA-000483,2026-01-26,09:44:59,CLI-013,Patricia Mendoza,PROD-028,3,1.88,0.00,EFECTIVO
VTA-000483,2026-01-26,09:44:59,CLI-013,Patricia Mendoza,PROD-009,5,5.55,0.00,EFECTIVO
VTA-000484,2026-01-26,19:17:26,CLI-057,Claudia Castro,PROD-027,2,2.35,0.00,YAPE
VTA-000484,2026-01-26,19:17:26,CLI-057,Claudia Castro,PROD-023,3,7.05,1.86,YAPE
VTA-000484,2026-01-26,19:17:26,CLI-057,Claudia Castro,PROD-028,1,1.88,0.00,YAPE
VTA-000485,2026-01-26,08:19:01,CLI-034,Juan García,PROD-028,5,1.88,0.84,EFECTIVO
VTA-000485,2026-01-26,08:19:01,CLI-034,Juan García,PROD-011,6,4.23,0.00,EFECTIVO
VTA-000486,2026-01-26,18:25:25,CLI-010,Miguel Mendoza,PROD-014,5,8.93,3.64,YAPE
VTA-000486,2026-01-26,18:25:25,CLI-010,Miguel Mendoza,PROD-027,6,2.35,0.00,YAPE
VTA-000487,2026-01-26,18:06:39,CLI-002,José Mendoza,PROD-007,1,3.29,0.00,YAPE
VTA-000487,2026-01-26,18:06:39,CLI-002,José Mendoza,PROD-029,2,2.63,0.00,YAPE
VTA-000488,2026-01-27,07:35:26,CLI-059,Diana Castro,PROD-001,5,4.89,0.00,EFECTIVO
VTA-000489,2026-01-27,14:16:51,CLI-035,Milagros García,PROD-008,5,3.01,0.00,EFECTIVO
VTA-000489,2026-01-27,14:16:51,CLI-035,Milagros García,PROD-006,5,1.88,0.00,EFECTIVO
VTA-000490,2026-01-27,20:13:42,CLI-092,Pedro Rojas,PROD-028,1,1.88,0.00,YAPE
VTA-000491,2026-01-27,21:27:19,CLI-079,Diana Díaz,PROD-011,4,4.23,0.00,YAPE
VTA-000492,2026-01-27,09:55:32,CLI-012,Pedro Mendoza,PROD-026,5,1.41,0.00,YAPE
VTA-000492,2026-01-27,09:55:32,CLI-012,Pedro Mendoza,PROD-016,2,10.81,0.00,YAPE
VTA-000492,2026-01-27,09:55:32,CLI-012,Pedro Mendoza,PROD-012,1,7.43,0.00,YAPE
VTA-000493,2026-01-27,11:14:48,CLI-033,Patricia García,PROD-002,6,4.51,0.00,EFECTIVO
VTA-000493,2026-01-27,11:14:48,CLI-033,Patricia García,PROD-012,2,7.43,0.00,EFECTIVO
VTA-000494,2026-01-27,09:58:37,CLI-016,Víctor Mendoza,PROD-017,6,7.99,4.19,EFECTIVO
VTA-000494,2026-01-27,09:58:37,CLI-016,Víctor Mendoza,PROD-004,4,3.29,0.00,EFECTIVO
VTA-000494,2026-01-27,09:58:37,CLI-016,Víctor Mendoza,PROD-019,1,8.37,0.00,EFECTIVO
VTA-000495,2026-01-27,16:49:35,CLI-070,Miguel Díaz,PROD-011,4,4.23,0.00,EFECTIVO
VTA-000496,2026-01-27,09:35:04,CLI-077,Claudia Díaz,PROD-001,1,4.89,0.00,PLIN
VTA-000496,2026-01-27,09:35:04,CLI-077,Claudia Díaz,PROD-006,1,1.88,0.00,PLIN
VTA-000497,2026-01-27,16:43:04,CLI-058,Renzo Castro,PROD-005,3,6.49,1.53,EFECTIVO
VTA-000498,2026-01-27,07:29:15,CLI-077,Claudia Díaz,PROD-015,6,8.37,0.00,TARJETA
VTA-000499,2026-01-27,10:29:47,CLI-062,José Díaz,PROD-007,4,3.29,1.74,EFECTIVO
VTA-000499,2026-01-27,10:29:47,CLI-062,José Díaz,PROD-034,4,4.23,0.00,EFECTIVO
VTA-000499,2026-01-27,10:29:47,CLI-062,José Díaz,PROD-028,1,1.88,0.10,EFECTIVO
VTA-000499,2026-01-27,10:29:47,CLI-062,José Díaz,PROD-031,13,0.38,0.00,EFECTIVO
VTA-000500,2026-01-28,11:45:42,CLI-003,María Mendoza,PROD-007,1,3.29,0.00,EFECTIVO
VTA-000501,2026-01-28,09:38:31,CLI-044,Luis Castro,PROD-009,6,5.55,0.00,EFECTIVO
VTA-000501,2026-01-28,09:38:31,CLI-044,Luis Castro,PROD-008,1,3.01,0.00,EFECTIVO
VTA-000501,2026-01-28,09:38:31,CLI-044,Luis Castro,PROD-010,5,3.76,0.00,EFECTIVO
VTA-000502,2026-01-28,19:20:55,CLI-006,Carlos Mendoza,PROD-026,1,1.41,0.00,YAPE
VTA-000503,2026-01-28,10:34:26,CLI-007,Ana Mendoza,PROD-007,4,3.29,0.52,EFECTIVO
VTA-000504,2026-01-28,14:43:15,CLI-007,Ana Mendoza,PROD-015,4,8.37,0.00,EFECTIVO
VTA-000504,2026-01-28,14:43:15,CLI-007,Ana Mendoza,PROD-002,3,4.51,0.00,EFECTIVO
VTA-000504,2026-01-28,14:43:15,CLI-007,Ana Mendoza,PROD-026,6,1.41,0.00,EFECTIVO
VTA-000504,2026-01-28,14:43:15,CLI-007,Ana Mendoza,PROD-013,3,2.07,0.00,EFECTIVO
VTA-000505,2026-01-28,07:02:04,CLI-013,Patricia Mendoza,PROD-008,3,3.01,0.00,TARJETA
VTA-000505,2026-01-28,07:02:04,CLI-013,Patricia Mendoza,PROD-034,1,4.23,0.00,TARJETA
VTA-000505,2026-01-28,07:02:04,CLI-013,Patricia Mendoza,PROD-028,5,1.88,0.00,TARJETA
VTA-000506,2026-01-28,10:57:27,CLI-015,Milagros Mendoza,PROD-015,3,8.37,0.00,EFECTIVO
VTA-000506,2026-01-28,10:57:27,CLI-015,Milagros Mendoza,PROD-020,1,6.11,0.39,EFECTIVO
VTA-000507,2026-01-28,11:41:24,CLI-045,Carmen Castro,PROD-010,4,3.76,0.00,YAPE
VTA-000507,2026-01-28,11:41:24,CLI-045,Carmen Castro,PROD-008,1,3.01,0.00,YAPE
VTA-000508,2026-01-28,09:15:05,CLI-037,Claudia García,PROD-008,1,3.01,0.00,EFECTIVO
VTA-000508,2026-01-28,09:15:05,CLI-037,Claudia García,PROD-002,2,4.51,0.00,EFECTIVO
VTA-000509,2026-01-28,15:49:57,CLI-064,Luis Díaz,PROD-018,6,3.95,2.38,YAPE
VTA-000509,2026-01-28,15:49:57,CLI-064,Luis Díaz,PROD-001,1,4.89,0.00,YAPE
VTA-000510,2026-01-28,17:36:06,CLI-003,María Mendoza,PROD-012,4,7.43,0.00,YAPE
VTA-000510,2026-01-28,17:36:06,CLI-003,María Mendoza,PROD-006,6,1.88,0.00,YAPE
VTA-000511,2026-01-28,14:25:15,CLI-004,Luis Mendoza,PROD-008,4,3.01,0.00,YAPE
VTA-000511,2026-01-28,14:25:15,CLI-004,Luis Mendoza,PROD-029,5,2.63,0.00,YAPE
VTA-000511,2026-01-28,14:25:15,CLI-004,Luis Mendoza,PROD-022,4,3.01,0.00,YAPE
VTA-000512,2026-01-28,19:22:53,CLI-016,Víctor Mendoza,PROD-009,2,5.55,0.00,YAPE
VTA-000512,2026-01-28,19:22:53,CLI-016,Víctor Mendoza,PROD-013,3,2.07,0.00,YAPE
VTA-000512,2026-01-28,19:22:53,CLI-016,Víctor Mendoza,PROD-010,6,3.76,0.99,YAPE
VTA-000513,2026-01-28,17:02:13,CLI-048,Jorge Castro,PROD-007,3,3.29,0.00,PLIN
VTA-000513,2026-01-28,17:02:13,CLI-048,Jorge Castro,PROD-008,6,3.01,0.00,PLIN
VTA-000513,2026-01-28,17:02:13,CLI-048,Jorge Castro,PROD-011,3,4.23,0.00,PLIN
VTA-000514,2026-01-28,19:27:31,CLI-015,Milagros Mendoza,PROD-019,5,8.37,0.00,EFECTIVO
VTA-000514,2026-01-28,19:27:31,CLI-015,Milagros Mendoza,PROD-003,6,10.25,0.00,EFECTIVO
VTA-000515,2026-01-28,13:02:30,CLI-074,Juan Díaz,PROD-010,3,3.76,0.00,EFECTIVO
VTA-000515,2026-01-28,13:02:30,CLI-074,Juan Díaz,PROD-005,1,6.49,0.00,EFECTIVO
VTA-000516,2026-01-28,21:27:48,CLI-095,Milagros Rojas,PROD-033,1,9.31,0.00,EFECTIVO
VTA-000517,2026-01-28,09:00:35,CLI-020,Marco Mendoza,PROD-031,19,0.38,0.00,YAPE
VTA-000518,2026-01-29,17:00:05,CLI-029,Lucía García,PROD-001,4,4.89,2.52,TARJETA
VTA-000519,2026-01-29,09:04:12,CLI-012,Pedro Mendoza,PROD-027,4,2.35,0.00,EFECTIVO
VTA-000520,2026-01-29,10:32:39,CLI-005,Carmen Mendoza,PROD-034,4,4.23,0.00,PLIN
VTA-000521,2026-01-29,20:02:07,CLI-018,Renzo Mendoza,PROD-015,1,8.37,0.00,YAPE
VTA-000521,2026-01-29,20:02:07,CLI-018,Renzo Mendoza,PROD-012,6,7.43,0.00,YAPE
VTA-000521,2026-01-29,20:02:07,CLI-018,Renzo Mendoza,PROD-004,4,3.29,0.00,YAPE
VTA-000522,2026-01-29,17:21:26,CLI-013,Patricia Mendoza,PROD-026,6,1.41,0.00,EFECTIVO
VTA-000522,2026-01-29,17:21:26,CLI-013,Patricia Mendoza,PROD-020,5,6.11,0.00,EFECTIVO
VTA-000522,2026-01-29,17:21:26,CLI-013,Patricia Mendoza,PROD-001,1,4.89,0.00,EFECTIVO
VTA-000523,2026-01-29,17:10:16,CLI-098,Renzo Rojas,PROD-012,4,7.43,0.00,YAPE
VTA-000523,2026-01-29,17:10:16,CLI-098,Renzo Rojas,PROD-010,4,3.76,0.00,YAPE
VTA-000523,2026-01-29,17:10:16,CLI-098,Renzo Rojas,PROD-013,5,2.07,0.00,YAPE
VTA-000523,2026-01-29,17:10:16,CLI-098,Renzo Rojas,PROD-006,3,1.88,0.00,YAPE
VTA-000523,2026-01-29,17:10:16,CLI-098,Renzo Rojas,PROD-003,4,10.25,0.00,YAPE
VTA-000524,2026-01-29,21:19:55,CLI-062,José Díaz,PROD-005,5,6.49,0.00,PLIN
VTA-000524,2026-01-29,21:19:55,CLI-062,José Díaz,PROD-007,1,3.29,0.00,PLIN
VTA-000525,2026-01-29,17:16:51,CLI-061,Rosa Díaz,PROD-009,2,5.55,0.00,YAPE
VTA-000525,2026-01-29,17:16:51,CLI-061,Rosa Díaz,PROD-001,5,4.89,0.00,YAPE
VTA-000526,2026-01-29,18:30:06,CLI-021,Rosa García,PROD-001,3,4.89,0.00,PLIN
VTA-000527,2026-01-29,11:56:05,CLI-004,Luis Mendoza,PROD-031,7,0.38,0.00,EFECTIVO
VTA-000527,2026-01-29,11:56:05,CLI-004,Luis Mendoza,PROD-014,6,8.93,0.00,EFECTIVO
VTA-000527,2026-01-29,11:56:05,CLI-004,Luis Mendoza,PROD-022,5,3.01,0.00,EFECTIVO
VTA-000527,2026-01-29,11:56:05,CLI-004,Luis Mendoza,PROD-019,3,8.37,1.23,EFECTIVO
VTA-000528,2026-01-29,13:16:05,CLI-011,Elena Mendoza,PROD-023,2,7.05,0.00,PLIN
VTA-000528,2026-01-29,13:16:05,CLI-011,Elena Mendoza,PROD-004,4,3.29,0.00,PLIN
VTA-000529,2026-01-29,09:46:26,CLI-003,María Mendoza,PROD-010,6,3.76,0.00,PLIN
VTA-000529,2026-01-29,09:46:26,CLI-003,María Mendoza,PROD-013,6,2.07,0.00,PLIN
VTA-000529,2026-01-29,09:46:26,CLI-003,María Mendoza,PROD-009,5,5.55,0.00,PLIN
VTA-000529,2026-01-29,09:46:26,CLI-003,María Mendoza,PROD-003,4,10.25,0.00,PLIN
VTA-000530,2026-01-29,20:12:07,CLI-087,Ana Rojas,PROD-026,5,1.41,0.00,EFECTIVO
VTA-000531,2026-01-29,13:57:15,CLI-031,Elena García,PROD-006,1,1.88,0.00,TARJETA
VTA-000531,2026-01-29,13:57:15,CLI-031,Elena García,PROD-015,3,8.37,0.00,TARJETA
VTA-000532,2026-01-30,08:07:34,CLI-038,Renzo García,PROD-006,4,1.88,0.00,YAPE
VTA-000532,2026-01-30,08:07:34,CLI-038,Renzo García,PROD-028,2,1.88,0.00,YAPE
VTA-000533,2026-01-30,16:38:45,CLI-024,Luis García,PROD-026,1,1.41,0.00,YAPE
VTA-000533,2026-01-30,16:38:45,CLI-024,Luis García,PROD-031,11,0.38,0.00,YAPE
VTA-000533,2026-01-30,16:38:45,CLI-024,Luis García,PROD-028,2,1.88,0.00,YAPE
VTA-000533,2026-01-30,16:38:45,CLI-024,Luis García,PROD-007,3,3.29,0.00,YAPE
VTA-000533,2026-01-30,16:38:45,CLI-024,Luis García,PROD-011,5,4.23,2.34,YAPE
VTA-000534,2026-01-30,19:32:06,CLI-028,Jorge García,PROD-034,5,4.23,1.78,EFECTIVO
VTA-000534,2026-01-30,19:32:06,CLI-028,Jorge García,PROD-001,2,4.89,0.00,EFECTIVO
VTA-000534,2026-01-30,19:32:06,CLI-028,Jorge García,PROD-009,2,5.55,0.00,EFECTIVO
VTA-000535,2026-01-30,13:03:50,CLI-064,Luis Díaz,PROD-004,3,3.29,0.00,EFECTIVO
VTA-000535,2026-01-30,13:03:50,CLI-064,Luis Díaz,PROD-002,5,4.51,0.00,EFECTIVO
VTA-000535,2026-01-30,13:03:50,CLI-064,Luis Díaz,PROD-006,4,1.88,0.00,EFECTIVO
VTA-000535,2026-01-30,13:03:50,CLI-064,Luis Díaz,PROD-011,6,4.23,0.00,EFECTIVO
VTA-000536,2026-01-30,21:25:10,CLI-015,Milagros Mendoza,PROD-014,1,8.93,0.00,EFECTIVO
VTA-000536,2026-01-30,21:25:10,CLI-015,Milagros Mendoza,PROD-020,1,6.11,0.00,EFECTIVO
VTA-000537,2026-01-30,21:19:46,CLI-096,Víctor Rojas,PROD-013,3,2.07,0.00,EFECTIVO
VTA-000537,2026-01-30,21:19:46,CLI-096,Víctor Rojas,PROD-004,5,3.29,0.45,EFECTIVO
VTA-000537,2026-01-30,21:19:46,CLI-096,Víctor Rojas,PROD-006,3,1.88,0.00,EFECTIVO
VTA-000538,2026-01-30,16:25:23,CLI-012,Pedro Mendoza,PROD-022,4,3.01,0.00,YAPE
VTA-000539,2026-01-30,17:37:21,CLI-046,Carlos Castro,PROD-029,2,2.63,0.00,YAPE
VTA-000540,2026-01-30,07:38:26,CLI-009,Lucía Mendoza,PROD-010,4,3.76,0.00,YAPE
VTA-000540,2026-01-30,07:38:26,CLI-009,Lucía Mendoza,PROD-006,4,1.88,0.00,YAPE
VTA-000541,2026-01-30,08:25:09,CLI-067,Ana Díaz,PROD-028,6,1.88,0.00,YAPE
VTA-000542,2026-01-30,20:36:52,CLI-019,Diana Mendoza,PROD-029,6,2.63,0.00,EFECTIVO
VTA-000542,2026-01-30,20:36:52,CLI-019,Diana Mendoza,PROD-012,1,7.43,0.00,EFECTIVO
VTA-000542,2026-01-30,20:36:52,CLI-019,Diana Mendoza,PROD-009,4,5.55,0.00,EFECTIVO
VTA-000542,2026-01-30,20:36:52,CLI-019,Diana Mendoza,PROD-017,4,7.99,0.00,EFECTIVO
VTA-000543,2026-01-30,10:55:12,CLI-052,Pedro Castro,PROD-001,4,4.89,0.00,PLIN
VTA-000543,2026-01-30,10:55:12,CLI-052,Pedro Castro,PROD-004,5,3.29,0.00,PLIN
VTA-000543,2026-01-30,10:55:12,CLI-052,Pedro Castro,PROD-009,2,5.55,0.00,PLIN
VTA-000544,2026-01-30,15:15:49,CLI-053,Patricia Castro,PROD-027,6,2.35,0.00,YAPE
VTA-000544,2026-01-30,15:15:49,CLI-053,Patricia Castro,PROD-029,3,2.63,0.00,YAPE
VTA-000544,2026-01-30,15:15:49,CLI-053,Patricia Castro,PROD-032,2,6.11,0.00,YAPE
VTA-000544,2026-01-30,15:15:49,CLI-053,Patricia Castro,PROD-019,2,8.37,0.00,YAPE
VTA-000544,2026-01-30,15:15:49,CLI-053,Patricia Castro,PROD-017,5,7.99,0.00,YAPE
VTA-000545,2026-01-30,17:48:53,CLI-011,Elena Mendoza,PROD-029,4,2.63,1.13,EFECTIVO
VTA-000545,2026-01-30,17:48:53,CLI-011,Elena Mendoza,PROD-003,6,10.25,0.00,EFECTIVO
VTA-000546,2026-01-30,16:23:34,CLI-070,Miguel Díaz,PROD-012,5,7.43,0.00,EFECTIVO
VTA-000547,2026-01-30,16:46:07,CLI-023,María García,PROD-011,3,4.23,0.00,PLIN
VTA-000547,2026-01-30,16:46:07,CLI-023,María García,PROD-008,6,3.01,2.35,PLIN
VTA-000547,2026-01-30,16:46:07,CLI-023,María García,PROD-012,1,7.43,0.00,PLIN
VTA-000547,2026-01-30,16:46:07,CLI-023,María García,PROD-033,2,9.31,0.00,PLIN
VTA-000547,2026-01-30,16:46:07,CLI-023,María García,PROD-007,5,3.29,0.00,PLIN
VTA-000548,2026-01-30,08:54:54,CLI-016,Víctor Mendoza,PROD-006,4,1.88,0.00,YAPE
VTA-000548,2026-01-30,08:54:54,CLI-016,Víctor Mendoza,PROD-003,2,10.25,2.85,YAPE
VTA-000549,2026-01-30,07:38:00,CLI-061,Rosa Díaz,PROD-007,4,3.29,0.00,YAPE
VTA-000550,2026-01-30,19:32:46,CLI-069,Lucía Díaz,PROD-017,6,7.99,0.00,YAPE
VTA-000551,2026-01-30,12:49:01,CLI-003,María Mendoza,PROD-026,6,1.41,0.00,EFECTIVO
VTA-000551,2026-01-30,12:49:01,CLI-003,María Mendoza,PROD-009,6,5.55,0.00,EFECTIVO
VTA-000552,2026-01-30,21:33:12,CLI-081,Rosa Rojas,PROD-007,6,3.29,2.14,YAPE
VTA-000552,2026-01-30,21:33:12,CLI-081,Rosa Rojas,PROD-027,4,2.35,0.00,YAPE
VTA-000553,2026-01-31,07:39:27,CLI-063,María Díaz,PROD-031,5,0.38,0.00,YAPE
VTA-000553,2026-01-31,07:39:27,CLI-063,María Díaz,PROD-010,1,3.76,0.00,YAPE
VTA-000553,2026-01-31,07:39:27,CLI-063,María Díaz,PROD-009,6,5.55,0.00,YAPE
VTA-000553,2026-01-31,07:39:27,CLI-063,María Díaz,PROD-011,6,4.23,0.00,YAPE
VTA-000553,2026-01-31,07:39:27,CLI-063,María Díaz,PROD-002,6,4.51,0.00,YAPE
VTA-000554,2026-01-31,18:36:02,CLI-043,María Castro,PROD-031,9,0.38,0.00,YAPE
VTA-000554,2026-01-31,18:36:02,CLI-043,María Castro,PROD-011,2,4.23,1.25,YAPE
VTA-000555,2026-01-31,21:30:31,CLI-058,Renzo Castro,PROD-001,1,4.89,0.00,EFECTIVO
VTA-000555,2026-01-31,21:30:31,CLI-058,Renzo Castro,PROD-018,4,3.95,0.00,EFECTIVO
VTA-000555,2026-01-31,21:30:31,CLI-058,Renzo Castro,PROD-032,3,6.11,0.00,EFECTIVO
VTA-000556,2026-01-31,12:58:22,CLI-008,Jorge Mendoza,PROD-023,4,7.05,0.00,TARJETA
VTA-000557,2026-01-31,17:24:17,CLI-054,Juan Castro,PROD-026,6,1.41,0.00,EFECTIVO
VTA-000557,2026-01-31,17:24:17,CLI-054,Juan Castro,PROD-034,3,4.23,0.00,EFECTIVO
VTA-000557,2026-01-31,17:24:17,CLI-054,Juan Castro,PROD-004,3,3.29,0.00,EFECTIVO
VTA-000558,2026-01-31,07:05:06,CLI-058,Renzo Castro,PROD-012,2,7.43,0.00,EFECTIVO
VTA-000559,2026-01-31,17:42:24,CLI-014,Juan Mendoza,PROD-006,4,1.88,0.00,YAPE
VTA-000560,2026-01-31,11:27:00,CLI-030,Miguel García,PROD-010,2,3.76,0.00,EFECTIVO
VTA-000560,2026-01-31,11:27:00,CLI-030,Miguel García,PROD-006,5,1.88,0.00,EFECTIVO
VTA-000561,2026-01-31,12:26:41,CLI-012,Pedro Mendoza,PROD-001,4,4.89,0.00,YAPE
VTA-000561,2026-01-31,12:26:41,CLI-012,Pedro Mendoza,PROD-028,1,1.88,0.12,YAPE
VTA-000562,2026-01-31,21:56:01,CLI-002,José Mendoza,PROD-006,6,1.88,0.00,EFECTIVO
VTA-000562,2026-01-31,21:56:01,CLI-002,José Mendoza,PROD-028,2,1.88,0.00,EFECTIVO
VTA-000563,2026-01-31,14:54:27,CLI-001,Rosa Mendoza,PROD-007,2,3.29,0.00,EFECTIVO
VTA-000563,2026-01-31,14:54:27,CLI-001,Rosa Mendoza,PROD-006,5,1.88,0.25,EFECTIVO
VTA-000564,2026-01-31,08:20:24,CLI-047,Ana Castro,PROD-001,1,4.89,0.00,YAPE
VTA-000564,2026-01-31,08:20:24,CLI-047,Ana Castro,PROD-027,6,2.35,0.00,YAPE
VTA-000564,2026-01-31,08:20:24,CLI-047,Ana Castro,PROD-004,6,3.29,0.00,YAPE
VTA-000565,2026-01-31,17:58:56,CLI-062,José Díaz,PROD-008,4,3.01,0.00,TARJETA
VTA-000565,2026-01-31,17:58:56,CLI-062,José Díaz,PROD-022,1,3.01,0.00,TARJETA
VTA-000566,2026-01-31,19:49:02,CLI-025,Carmen García,PROD-007,1,3.29,0.00,PLIN
VTA-000567,2026-01-31,15:56:36,CLI-016,Víctor Mendoza,PROD-011,1,4.23,0.00,EFECTIVO
VTA-000567,2026-01-31,15:56:36,CLI-016,Víctor Mendoza,PROD-019,1,8.37,0.00,EFECTIVO
VTA-000567,2026-01-31,15:56:36,CLI-016,Víctor Mendoza,PROD-014,1,8.93,0.33,EFECTIVO
VTA-000567,2026-01-31,15:56:36,CLI-016,Víctor Mendoza,PROD-029,1,2.63,0.00,EFECTIVO
VTA-000568,2026-01-31,20:51:36,CLI-004,Luis Mendoza,PROD-016,2,10.81,0.00,YAPE
VTA-000568,2026-01-31,20:51:36,CLI-004,Luis Mendoza,PROD-003,1,10.25,0.00,YAPE
VTA-000568,2026-01-31,20:51:36,CLI-004,Luis Mendoza,PROD-006,2,1.88,0.23,YAPE
VTA-000569,2026-01-31,15:33:36,CLI-015,Milagros Mendoza,PROD-033,5,9.31,0.00,PLIN
VTA-000569,2026-01-31,15:33:36,CLI-015,Milagros Mendoza,PROD-015,1,8.37,0.00,PLIN
VTA-000570,2026-01-31,11:00:29,CLI-065,Carmen Díaz,PROD-011,2,4.23,0.00,YAPE
VTA-000570,2026-01-31,11:00:29,CLI-065,Carmen Díaz,PROD-031,20,0.38,1.04,YAPE
VTA-000570,2026-01-31,11:00:29,CLI-065,Carmen Díaz,PROD-007,2,3.29,0.00,YAPE
VTA-000571,2026-01-31,21:20:58,CLI-012,Pedro Mendoza,PROD-008,6,3.01,1.81,YAPE
VTA-000572,2026-01-31,08:24:53,CLI-009,Lucía Mendoza,PROD-004,3,3.29,0.00,YAPE
VTA-000572,2026-01-31,08:24:53,CLI-009,Lucía Mendoza,PROD-002,1,4.51,0.00,YAPE
VTA-000573,2026-01-31,13:53:37,CLI-001,Rosa Mendoza,PROD-004,5,3.29,0.00,PLIN
VTA-000573,2026-01-31,13:53:37,CLI-001,Rosa Mendoza,PROD-010,1,3.76,0.00,PLIN
VTA-000573,2026-01-31,13:53:37,CLI-001,Rosa Mendoza,PROD-027,3,2.35,0.00,PLIN
VTA-000574,2026-01-31,16:35:58,CLI-053,Patricia Castro,PROD-002,2,4.51,0.00,PLIN
VTA-000574,2026-01-31,16:35:58,CLI-053,Patricia Castro,PROD-031,10,0.38,0.00,PLIN
VTA-000575,2026-02-01,16:32:00,CLI-077,Claudia Díaz,PROD-023,1,7.05,0.00,EFECTIVO
VTA-000575,2026-02-01,16:32:00,CLI-077,Claudia Díaz,PROD-016,1,10.81,0.00,EFECTIVO
VTA-000575,2026-02-01,16:32:00,CLI-077,Claudia Díaz,PROD-034,6,4.23,0.00,EFECTIVO
VTA-000575,2026-02-01,16:32:00,CLI-077,Claudia Díaz,PROD-007,4,3.29,0.00,EFECTIVO
VTA-000575,2026-02-01,16:32:00,CLI-077,Claudia Díaz,PROD-009,1,5.55,0.00,EFECTIVO
VTA-000576,2026-02-01,16:25:44,CLI-051,Elena Castro,PROD-027,5,2.35,0.00,EFECTIVO
VTA-000576,2026-02-01,16:25:44,CLI-051,Elena Castro,PROD-010,2,3.76,0.00,EFECTIVO
VTA-000577,2026-02-01,19:50:56,CLI-046,Carlos Castro,PROD-006,5,1.88,0.00,PLIN
VTA-000578,2026-02-01,08:06:47,CLI-018,Renzo Mendoza,PROD-031,10,0.38,0.00,EFECTIVO
VTA-000578,2026-02-01,08:06:47,CLI-018,Renzo Mendoza,PROD-007,2,3.29,0.00,EFECTIVO
VTA-000579,2026-02-01,20:42:05,CLI-041,Rosa Castro,PROD-027,6,2.35,0.00,PLIN
VTA-000580,2026-02-01,12:14:18,CLI-027,Ana García,PROD-010,3,3.76,0.00,EFECTIVO
VTA-000580,2026-02-01,12:14:18,CLI-027,Ana García,PROD-009,3,5.55,0.00,EFECTIVO
VTA-000580,2026-02-01,12:14:18,CLI-027,Ana García,PROD-008,1,3.01,0.00,EFECTIVO
VTA-000580,2026-02-01,12:14:18,CLI-027,Ana García,PROD-015,4,8.37,0.00,EFECTIVO
VTA-000580,2026-02-01,12:14:18,CLI-027,Ana García,PROD-014,3,8.93,0.00,EFECTIVO
VTA-000581,2026-02-01,16:14:58,CLI-002,José Mendoza,PROD-013,6,2.07,0.00,YAPE
VTA-000581,2026-02-01,16:14:58,CLI-002,José Mendoza,PROD-006,2,1.88,0.00,YAPE
VTA-000581,2026-02-01,16:14:58,CLI-002,José Mendoza,PROD-001,4,4.89,0.00,YAPE
VTA-000582,2026-02-01,19:15:19,CLI-020,Marco Mendoza,PROD-007,3,3.29,0.00,PLIN
VTA-000583,2026-02-01,10:27:03,CLI-069,Lucía Díaz,PROD-020,4,6.11,0.00,YAPE
VTA-000583,2026-02-01,10:27:03,CLI-069,Lucía Díaz,PROD-005,3,6.49,0.00,YAPE
VTA-000583,2026-02-01,10:27:03,CLI-069,Lucía Díaz,PROD-001,3,4.89,0.00,YAPE
VTA-000584,2026-02-01,19:46:21,CLI-004,Luis Mendoza,PROD-010,5,3.76,2.45,EFECTIVO
VTA-000584,2026-02-01,19:46:21,CLI-004,Luis Mendoza,PROD-031,12,0.38,0.62,EFECTIVO
VTA-000585,2026-02-01,13:09:04,CLI-049,Lucía Castro,PROD-011,6,4.23,2.45,PLIN
VTA-000585,2026-02-01,13:09:04,CLI-049,Lucía Castro,PROD-018,4,3.95,0.00,PLIN
VTA-000586,2026-02-01,09:04:34,CLI-054,Juan Castro,PROD-010,6,3.76,0.00,YAPE
VTA-000586,2026-02-01,09:04:34,CLI-054,Juan Castro,PROD-026,5,1.41,0.00,YAPE
VTA-000587,2026-02-01,15:35:19,CLI-006,Carlos Mendoza,PROD-009,4,5.55,0.00,YAPE
VTA-000587,2026-02-01,15:35:19,CLI-006,Carlos Mendoza,PROD-023,6,7.05,0.00,YAPE
VTA-000588,2026-02-01,21:18:57,CLI-001,Rosa Mendoza,PROD-012,5,7.43,0.00,EFECTIVO
VTA-000588,2026-02-01,21:18:57,CLI-001,Rosa Mendoza,PROD-006,4,1.88,0.00,EFECTIVO
VTA-000588,2026-02-01,21:18:57,CLI-001,Rosa Mendoza,PROD-028,6,1.88,0.00,EFECTIVO
VTA-000588,2026-02-01,21:18:57,CLI-001,Rosa Mendoza,PROD-008,5,3.01,0.00,EFECTIVO
VTA-000589,2026-02-01,19:48:19,CLI-033,Patricia García,PROD-029,3,2.63,0.00,YAPE
VTA-000589,2026-02-01,19:48:19,CLI-033,Patricia García,PROD-031,12,0.38,0.00,YAPE
VTA-000589,2026-02-01,19:48:19,CLI-033,Patricia García,PROD-001,3,4.89,0.00,YAPE
VTA-000590,2026-02-01,12:30:28,CLI-047,Ana Castro,PROD-007,3,3.29,0.00,EFECTIVO
VTA-000590,2026-02-01,12:30:28,CLI-047,Ana Castro,PROD-026,5,1.41,0.68,EFECTIVO
VTA-000590,2026-02-01,12:30:28,CLI-047,Ana Castro,PROD-031,20,0.38,0.00,EFECTIVO
VTA-000591,2026-02-01,07:25:23,CLI-007,Ana Mendoza,PROD-011,5,4.23,0.00,EFECTIVO
VTA-000591,2026-02-01,07:25:23,CLI-007,Ana Mendoza,PROD-029,3,2.63,0.00,EFECTIVO
VTA-000592,2026-02-01,19:40:15,CLI-032,Pedro García,PROD-002,3,4.51,0.00,TARJETA
VTA-000592,2026-02-01,19:40:15,CLI-032,Pedro García,PROD-031,14,0.38,0.00,TARJETA
VTA-000592,2026-02-01,19:40:15,CLI-032,Pedro García,PROD-014,2,8.93,0.00,TARJETA
VTA-000593,2026-02-01,12:19:38,CLI-062,José Díaz,PROD-009,5,5.55,0.00,YAPE
VTA-000593,2026-02-01,12:19:38,CLI-062,José Díaz,PROD-033,4,9.31,0.00,YAPE
VTA-000593,2026-02-01,12:19:38,CLI-062,José Díaz,PROD-012,2,7.43,0.00,YAPE
VTA-000594,2026-02-01,11:57:34,CLI-063,María Díaz,PROD-034,5,4.23,0.00,YAPE
VTA-000594,2026-02-01,11:57:34,CLI-063,María Díaz,PROD-026,4,1.41,0.00,YAPE
VTA-000595,2026-02-02,17:11:10,CLI-064,Luis Díaz,PROD-006,5,1.88,0.00,TARJETA
VTA-000595,2026-02-02,17:11:10,CLI-064,Luis Díaz,PROD-017,5,7.99,0.00,TARJETA
VTA-000596,2026-02-02,12:58:08,CLI-068,Jorge Díaz,PROD-002,4,4.51,0.00,TARJETA
VTA-000596,2026-02-02,12:58:08,CLI-068,Jorge Díaz,PROD-007,2,3.29,0.00,TARJETA
VTA-000596,2026-02-02,12:58:08,CLI-068,Jorge Díaz,PROD-019,2,8.37,0.00,TARJETA
VTA-000597,2026-02-02,08:59:40,CLI-014,Juan Mendoza,PROD-014,2,8.93,0.00,EFECTIVO
VTA-000597,2026-02-02,08:59:40,CLI-014,Juan Mendoza,PROD-010,2,3.76,0.00,EFECTIVO
VTA-000597,2026-02-02,08:59:40,CLI-014,Juan Mendoza,PROD-009,1,5.55,0.00,EFECTIVO
VTA-000598,2026-02-02,20:56:47,CLI-001,Rosa Mendoza,PROD-026,3,1.41,0.00,YAPE
VTA-000598,2026-02-02,20:56:47,CLI-001,Rosa Mendoza,PROD-008,3,3.01,0.00,YAPE
VTA-000598,2026-02-02,20:56:47,CLI-001,Rosa Mendoza,PROD-022,4,3.01,0.00,YAPE
VTA-000598,2026-02-02,20:56:47,CLI-001,Rosa Mendoza,PROD-003,5,10.25,0.00,YAPE
VTA-000599,2026-02-02,20:26:00,CLI-001,Rosa Mendoza,PROD-010,3,3.76,0.00,EFECTIVO
VTA-000599,2026-02-02,20:26:00,CLI-001,Rosa Mendoza,PROD-008,4,3.01,0.00,EFECTIVO
VTA-000600,2026-02-02,09:58:44,CLI-091,Elena Rojas,PROD-022,5,3.01,0.00,YAPE
VTA-000600,2026-02-02,09:58:44,CLI-091,Elena Rojas,PROD-020,3,6.11,0.00,YAPE
VTA-000601,2026-02-02,09:28:25,CLI-049,Lucía Castro,PROD-006,4,1.88,0.00,EFECTIVO
VTA-000601,2026-02-02,09:28:25,CLI-049,Lucía Castro,PROD-031,14,0.38,0.00,EFECTIVO
VTA-000602,2026-02-02,13:48:04,CLI-009,Lucía Mendoza,PROD-028,2,1.88,0.00,EFECTIVO
VTA-000602,2026-02-02,13:48:04,CLI-009,Lucía Mendoza,PROD-001,2,4.89,0.00,EFECTIVO
VTA-000603,2026-02-02,17:54:44,CLI-019,Diana Mendoza,PROD-019,2,8.37,0.00,EFECTIVO
VTA-000603,2026-02-02,17:54:44,CLI-019,Diana Mendoza,PROD-007,5,3.29,0.00,EFECTIVO
VTA-000603,2026-02-02,17:54:44,CLI-019,Diana Mendoza,PROD-006,2,1.88,0.00,EFECTIVO
VTA-000604,2026-02-02,10:10:14,CLI-018,Renzo Mendoza,PROD-011,5,4.23,0.00,EFECTIVO
VTA-000604,2026-02-02,10:10:14,CLI-018,Renzo Mendoza,PROD-004,5,3.29,0.00,EFECTIVO
VTA-000605,2026-02-02,20:38:51,CLI-009,Lucía Mendoza,PROD-016,2,10.81,0.00,PLIN
VTA-000606,2026-02-02,17:52:17,CLI-068,Jorge Díaz,PROD-031,15,0.38,0.00,EFECTIVO
VTA-000607,2026-02-02,13:27:28,CLI-049,Lucía Castro,PROD-012,5,7.43,0.00,TARJETA
VTA-000608,2026-02-02,09:09:38,CLI-009,Lucía Mendoza,PROD-014,2,8.93,0.00,EFECTIVO
VTA-000609,2026-02-02,13:23:02,CLI-011,Elena Mendoza,PROD-018,1,3.95,0.00,TARJETA
VTA-000609,2026-02-02,13:23:02,CLI-011,Elena Mendoza,PROD-013,6,2.07,0.00,TARJETA
VTA-000610,2026-02-02,13:22:15,CLI-033,Patricia García,PROD-026,1,1.41,0.00,EFECTIVO
VTA-000610,2026-02-02,13:22:15,CLI-033,Patricia García,PROD-013,5,2.07,0.46,EFECTIVO
VTA-000611,2026-02-02,09:55:33,CLI-010,Miguel Mendoza,PROD-034,5,4.23,0.00,PLIN
VTA-000612,2026-02-02,11:22:24,CLI-013,Patricia Mendoza,PROD-029,4,2.63,0.00,EFECTIVO
VTA-000612,2026-02-02,11:22:24,CLI-013,Patricia Mendoza,PROD-009,4,5.55,0.99,EFECTIVO
VTA-000612,2026-02-02,11:22:24,CLI-013,Patricia Mendoza,PROD-031,10,0.38,0.00,EFECTIVO
VTA-000612,2026-02-02,11:22:24,CLI-013,Patricia Mendoza,PROD-019,3,8.37,0.00,EFECTIVO
VTA-000612,2026-02-02,11:22:24,CLI-013,Patricia Mendoza,PROD-022,2,3.01,0.00,EFECTIVO
VTA-000613,2026-02-02,07:57:25,CLI-072,Pedro Díaz,PROD-007,6,3.29,0.00,EFECTIVO
VTA-000613,2026-02-02,07:57:25,CLI-072,Pedro Díaz,PROD-019,1,8.37,0.00,EFECTIVO
VTA-000614,2026-02-02,18:16:08,CLI-005,Carmen Mendoza,PROD-006,4,1.88,0.00,YAPE
VTA-000614,2026-02-02,18:16:08,CLI-005,Carmen Mendoza,PROD-031,9,0.38,0.00,YAPE
VTA-000614,2026-02-02,18:16:08,CLI-005,Carmen Mendoza,PROD-026,1,1.41,0.00,YAPE
VTA-000615,2026-02-03,10:45:53,CLI-067,Ana Díaz,PROD-026,5,1.41,0.00,YAPE
VTA-000615,2026-02-03,10:45:53,CLI-067,Ana Díaz,PROD-001,1,4.89,0.00,YAPE
VTA-000616,2026-02-03,13:31:43,CLI-094,Juan Rojas,PROD-031,6,0.38,0.00,YAPE
VTA-000617,2026-02-03,08:46:55,CLI-085,Carmen Rojas,PROD-004,2,3.29,0.00,EFECTIVO
VTA-000617,2026-02-03,08:46:55,CLI-085,Carmen Rojas,PROD-011,5,4.23,0.00,EFECTIVO
VTA-000618,2026-02-03,18:03:46,CLI-051,Elena Castro,PROD-018,1,3.95,0.00,PLIN
VTA-000619,2026-02-03,20:18:45,CLI-024,Luis García,PROD-021,2,14.01,0.00,YAPE
VTA-000619,2026-02-03,20:18:45,CLI-024,Luis García,PROD-004,3,3.29,0.00,YAPE
VTA-000620,2026-02-03,21:34:50,CLI-047,Ana Castro,PROD-013,1,2.07,0.00,YAPE
VTA-000620,2026-02-03,21:34:50,CLI-047,Ana Castro,PROD-002,2,4.51,0.00,YAPE
VTA-000620,2026-02-03,21:34:50,CLI-047,Ana Castro,PROD-007,3,3.29,0.00,YAPE
VTA-000620,2026-02-03,21:34:50,CLI-047,Ana Castro,PROD-014,3,8.93,2.12,YAPE
VTA-000620,2026-02-03,21:34:50,CLI-047,Ana Castro,PROD-026,1,1.41,0.00,YAPE
VTA-000621,2026-02-03,15:58:52,CLI-003,María Mendoza,PROD-019,4,8.37,0.00,YAPE
VTA-000621,2026-02-03,15:58:52,CLI-003,María Mendoza,PROD-013,5,2.07,0.00,YAPE
VTA-000621,2026-02-03,15:58:52,CLI-003,María Mendoza,PROD-007,4,3.29,0.00,YAPE
VTA-000622,2026-02-03,15:20:56,CLI-014,Juan Mendoza,PROD-008,2,3.01,0.00,YAPE
VTA-000623,2026-02-03,14:21:18,CLI-037,Claudia García,PROD-033,6,9.31,0.00,EFECTIVO
VTA-000623,2026-02-03,14:21:18,CLI-037,Claudia García,PROD-006,5,1.88,0.00,EFECTIVO
VTA-000623,2026-02-03,14:21:18,CLI-037,Claudia García,PROD-029,5,2.63,0.00,EFECTIVO
VTA-000623,2026-02-03,14:21:18,CLI-037,Claudia García,PROD-008,4,3.01,0.00,EFECTIVO
VTA-000624,2026-02-03,17:07:13,CLI-003,María Mendoza,PROD-001,2,4.89,0.00,YAPE
VTA-000625,2026-02-03,11:04:07,CLI-062,José Díaz,PROD-026,5,1.41,0.00,EFECTIVO
VTA-000625,2026-02-03,11:04:07,CLI-062,José Díaz,PROD-002,2,4.51,0.00,EFECTIVO
VTA-000625,2026-02-03,11:04:07,CLI-062,José Díaz,PROD-008,1,3.01,0.00,EFECTIVO
VTA-000626,2026-02-03,16:07:05,CLI-018,Renzo Mendoza,PROD-033,1,9.31,0.00,YAPE
VTA-000626,2026-02-03,16:07:05,CLI-018,Renzo Mendoza,PROD-006,4,1.88,0.00,YAPE
VTA-000627,2026-02-03,08:21:17,CLI-012,Pedro Mendoza,PROD-003,5,10.25,0.00,EFECTIVO
VTA-000627,2026-02-03,08:21:17,CLI-012,Pedro Mendoza,PROD-031,13,0.38,0.00,EFECTIVO
VTA-000627,2026-02-03,08:21:17,CLI-012,Pedro Mendoza,PROD-004,2,3.29,0.00,EFECTIVO
VTA-000628,2026-02-03,08:54:41,CLI-027,Ana García,PROD-006,2,1.88,0.00,EFECTIVO
VTA-000629,2026-02-03,20:03:22,CLI-067,Ana Díaz,PROD-008,3,3.01,0.00,PLIN
VTA-000629,2026-02-03,20:03:22,CLI-067,Ana Díaz,PROD-013,5,2.07,0.00,PLIN
VTA-000629,2026-02-03,20:03:22,CLI-067,Ana Díaz,PROD-007,2,3.29,0.46,PLIN
VTA-000630,2026-02-03,12:20:34,CLI-007,Ana Mendoza,PROD-001,4,4.89,0.00,YAPE
VTA-000630,2026-02-03,12:20:34,CLI-007,Ana Mendoza,PROD-017,5,7.99,0.00,YAPE
VTA-000631,2026-02-03,15:41:29,CLI-044,Luis Castro,PROD-001,1,4.89,0.00,EFECTIVO
VTA-000632,2026-02-03,18:57:43,CLI-008,Jorge Mendoza,PROD-003,6,10.25,0.00,PLIN
VTA-000632,2026-02-03,18:57:43,CLI-008,Jorge Mendoza,PROD-010,6,3.76,0.00,PLIN
VTA-000633,2026-02-04,08:21:07,CLI-014,Juan Mendoza,PROD-015,6,8.37,0.00,PLIN
VTA-000633,2026-02-04,08:21:07,CLI-014,Juan Mendoza,PROD-001,1,4.89,0.00,PLIN
VTA-000634,2026-02-04,20:52:35,CLI-025,Carmen García,PROD-003,3,10.25,0.00,EFECTIVO
VTA-000635,2026-02-04,16:26:38,CLI-006,Carlos Mendoza,PROD-007,3,3.29,0.00,EFECTIVO
VTA-000635,2026-02-04,16:26:38,CLI-006,Carlos Mendoza,PROD-003,2,10.25,0.00,EFECTIVO
VTA-000636,2026-02-04,08:10:10,CLI-033,Patricia García,PROD-006,4,1.88,0.00,EFECTIVO
VTA-000636,2026-02-04,08:10:10,CLI-033,Patricia García,PROD-029,1,2.63,0.00,EFECTIVO
VTA-000637,2026-02-04,15:25:50,CLI-005,Carmen Mendoza,PROD-008,1,3.01,0.00,YAPE
VTA-000637,2026-02-04,15:25:50,CLI-005,Carmen Mendoza,PROD-028,5,1.88,0.00,YAPE
VTA-000637,2026-02-04,15:25:50,CLI-005,Carmen Mendoza,PROD-015,6,8.37,0.00,YAPE
VTA-000637,2026-02-04,15:25:50,CLI-005,Carmen Mendoza,PROD-003,1,10.25,0.00,YAPE
VTA-000638,2026-02-04,16:40:31,CLI-008,Jorge Mendoza,PROD-005,6,6.49,0.00,YAPE
VTA-000639,2026-02-04,18:07:31,CLI-054,Juan Castro,PROD-002,2,4.51,0.00,YAPE
VTA-000640,2026-02-04,16:12:38,CLI-001,Rosa Mendoza,PROD-011,3,4.23,0.00,PLIN
VTA-000640,2026-02-04,16:12:38,CLI-001,Rosa Mendoza,PROD-007,3,3.29,0.00,PLIN
VTA-000641,2026-02-04,13:47:07,CLI-058,Renzo Castro,PROD-019,1,8.37,0.00,YAPE
VTA-000641,2026-02-04,13:47:07,CLI-058,Renzo Castro,PROD-006,5,1.88,0.00,YAPE
VTA-000642,2026-02-04,08:16:11,CLI-020,Marco Mendoza,PROD-026,6,1.41,0.00,EFECTIVO
VTA-000642,2026-02-04,08:16:11,CLI-020,Marco Mendoza,PROD-010,4,3.76,0.00,EFECTIVO
VTA-000643,2026-02-04,10:53:58,CLI-005,Carmen Mendoza,PROD-001,3,4.89,0.00,YAPE
VTA-000644,2026-02-04,10:07:56,CLI-081,Rosa Rojas,PROD-001,4,4.89,2.51,EFECTIVO
VTA-000644,2026-02-04,10:07:56,CLI-081,Rosa Rojas,PROD-027,3,2.35,0.00,EFECTIVO
VTA-000644,2026-02-04,10:07:56,CLI-081,Rosa Rojas,PROD-007,4,3.29,0.00,EFECTIVO
VTA-000645,2026-02-04,08:21:01,CLI-005,Carmen Mendoza,PROD-011,3,4.23,0.00,EFECTIVO
VTA-000645,2026-02-04,08:21:01,CLI-005,Carmen Mendoza,PROD-031,7,0.38,0.00,EFECTIVO
VTA-000645,2026-02-04,08:21:01,CLI-005,Carmen Mendoza,PROD-026,4,1.41,0.00,EFECTIVO
VTA-000646,2026-02-04,10:13:27,CLI-001,Rosa Mendoza,PROD-012,2,7.43,0.00,YAPE
VTA-000646,2026-02-04,10:13:27,CLI-001,Rosa Mendoza,PROD-022,5,3.01,0.00,YAPE
VTA-000646,2026-02-04,10:13:27,CLI-001,Rosa Mendoza,PROD-008,2,3.01,0.00,YAPE
VTA-000647,2026-02-05,15:43:14,CLI-045,Carmen Castro,PROD-009,3,5.55,0.00,TARJETA
VTA-000648,2026-02-05,16:10:38,CLI-005,Carmen Mendoza,PROD-012,2,7.43,0.00,YAPE
VTA-000648,2026-02-05,16:10:38,CLI-005,Carmen Mendoza,PROD-029,2,2.63,0.00,YAPE
VTA-000649,2026-02-05,18:08:21,CLI-042,José Castro,PROD-026,5,1.41,0.00,PLIN
VTA-000649,2026-02-05,18:08:21,CLI-042,José Castro,PROD-011,5,4.23,0.00,PLIN
VTA-000649,2026-02-05,18:08:21,CLI-042,José Castro,PROD-006,2,1.88,0.00,PLIN
VTA-000649,2026-02-05,18:08:21,CLI-042,José Castro,PROD-001,2,4.89,0.75,PLIN
VTA-000650,2026-02-05,10:48:19,CLI-053,Patricia Castro,PROD-014,2,8.93,0.00,EFECTIVO
VTA-000650,2026-02-05,10:48:19,CLI-053,Patricia Castro,PROD-012,3,7.43,0.00,EFECTIVO
VTA-000651,2026-02-05,19:43:48,CLI-054,Juan Castro,PROD-019,4,8.37,0.00,YAPE
VTA-000651,2026-02-05,19:43:48,CLI-054,Juan Castro,PROD-022,5,3.01,1.12,YAPE
VTA-000652,2026-02-05,09:18:20,CLI-054,Juan Castro,PROD-011,3,4.23,0.00,EFECTIVO
VTA-000652,2026-02-05,09:18:20,CLI-054,Juan Castro,PROD-031,12,0.38,0.00,EFECTIVO
VTA-000653,2026-02-05,19:34:03,CLI-009,Lucía Mendoza,PROD-034,2,4.23,0.78,EFECTIVO
VTA-000653,2026-02-05,19:34:03,CLI-009,Lucía Mendoza,PROD-031,19,0.38,0.00,EFECTIVO
VTA-000654,2026-02-05,07:30:33,CLI-008,Jorge Mendoza,PROD-026,1,1.41,0.00,EFECTIVO
VTA-000654,2026-02-05,07:30:33,CLI-008,Jorge Mendoza,PROD-006,3,1.88,0.00,EFECTIVO
VTA-000655,2026-02-05,19:13:38,CLI-093,Patricia Rojas,PROD-009,5,5.55,0.00,EFECTIVO
VTA-000655,2026-02-05,19:13:38,CLI-093,Patricia Rojas,PROD-004,2,3.29,0.00,EFECTIVO
VTA-000655,2026-02-05,19:13:38,CLI-093,Patricia Rojas,PROD-019,4,8.37,0.00,EFECTIVO
VTA-000656,2026-02-05,14:23:23,CLI-086,Carlos Rojas,PROD-027,1,2.35,0.00,EFECTIVO
VTA-000656,2026-02-05,14:23:23,CLI-086,Carlos Rojas,PROD-034,2,4.23,0.00,EFECTIVO
VTA-000657,2026-02-05,08:02:02,CLI-038,Renzo García,PROD-031,13,0.38,0.00,EFECTIVO
VTA-000657,2026-02-05,08:02:02,CLI-038,Renzo García,PROD-007,6,3.29,0.00,EFECTIVO
VTA-000658,2026-02-05,14:56:22,CLI-055,Milagros Castro,PROD-010,1,3.76,0.00,EFECTIVO
VTA-000658,2026-02-05,14:56:22,CLI-055,Milagros Castro,PROD-003,6,10.25,0.00,EFECTIVO
VTA-000658,2026-02-05,14:56:22,CLI-055,Milagros Castro,PROD-007,6,3.29,0.00,EFECTIVO
VTA-000659,2026-02-05,17:01:56,CLI-024,Luis García,PROD-006,1,1.88,0.00,TARJETA
VTA-000660,2026-02-05,15:25:05,CLI-028,Jorge García,PROD-008,1,3.01,0.00,TARJETA
VTA-000660,2026-02-05,15:25:05,CLI-028,Jorge García,PROD-007,3,3.29,0.00,TARJETA
VTA-000661,2026-02-05,07:15:11,CLI-042,José Castro,PROD-005,4,6.49,0.00,TARJETA
VTA-000661,2026-02-05,07:15:11,CLI-042,José Castro,PROD-016,1,10.81,0.74,TARJETA
VTA-000661,2026-02-05,07:15:11,CLI-042,José Castro,PROD-011,1,4.23,0.00,TARJETA
VTA-000662,2026-02-05,21:50:30,CLI-020,Marco Mendoza,PROD-014,1,8.93,0.00,EFECTIVO
VTA-000663,2026-02-06,16:20:21,CLI-060,Marco Castro,PROD-019,2,8.37,0.00,YAPE
VTA-000663,2026-02-06,16:20:21,CLI-060,Marco Castro,PROD-013,2,2.07,0.00,YAPE
VTA-000664,2026-02-06,13:22:13,CLI-045,Carmen Castro,PROD-010,6,3.76,0.00,YAPE
VTA-000665,2026-02-06,20:21:32,CLI-075,Milagros Díaz,PROD-003,1,10.25,0.00,PLIN
VTA-000665,2026-02-06,20:21:32,CLI-075,Milagros Díaz,PROD-007,5,3.29,0.00,PLIN
VTA-000666,2026-02-06,17:24:50,CLI-081,Rosa Rojas,PROD-031,20,0.38,0.00,EFECTIVO
VTA-000666,2026-02-06,17:24:50,CLI-081,Rosa Rojas,PROD-001,1,4.89,0.00,EFECTIVO
VTA-000666,2026-02-06,17:24:50,CLI-081,Rosa Rojas,PROD-009,2,5.55,0.00,EFECTIVO
VTA-000666,2026-02-06,17:24:50,CLI-081,Rosa Rojas,PROD-007,6,3.29,0.00,EFECTIVO
VTA-000667,2026-02-06,15:00:41,CLI-069,Lucía Díaz,PROD-031,9,0.38,0.00,YAPE
VTA-000667,2026-02-06,15:00:41,CLI-069,Lucía Díaz,PROD-010,1,3.76,0.00,YAPE
VTA-000668,2026-02-06,21:25:56,CLI-054,Juan Castro,PROD-007,4,3.29,0.00,PLIN
VTA-000669,2026-02-06,12:22:01,CLI-063,María Díaz,PROD-032,6,6.11,0.00,YAPE
VTA-000669,2026-02-06,12:22:01,CLI-063,María Díaz,PROD-016,6,10.81,0.00,YAPE
VTA-000670,2026-02-06,21:21:58,CLI-032,Pedro García,PROD-034,2,4.23,0.00,YAPE
VTA-000670,2026-02-06,21:21:58,CLI-032,Pedro García,PROD-017,6,7.99,0.00,YAPE
VTA-000670,2026-02-06,21:21:58,CLI-032,Pedro García,PROD-014,6,8.93,0.00,YAPE
VTA-000671,2026-02-06,10:26:51,CLI-015,Milagros Mendoza,PROD-009,3,5.55,0.00,EFECTIVO
VTA-000671,2026-02-06,10:26:51,CLI-015,Milagros Mendoza,PROD-010,4,3.76,0.00,EFECTIVO
VTA-000671,2026-02-06,10:26:51,CLI-015,Milagros Mendoza,PROD-022,5,3.01,0.00,EFECTIVO
VTA-000672,2026-02-06,09:49:09,CLI-011,Elena Mendoza,PROD-006,5,1.88,0.00,EFECTIVO
VTA-000672,2026-02-06,09:49:09,CLI-011,Elena Mendoza,PROD-034,5,4.23,0.00,EFECTIVO
VTA-000672,2026-02-06,09:49:09,CLI-011,Elena Mendoza,PROD-022,1,3.01,0.00,EFECTIVO
VTA-000673,2026-02-06,12:54:14,CLI-064,Luis Díaz,PROD-007,5,3.29,0.00,EFECTIVO
VTA-000673,2026-02-06,12:54:14,CLI-064,Luis Díaz,PROD-014,6,8.93,0.00,EFECTIVO
VTA-000673,2026-02-06,12:54:14,CLI-064,Luis Díaz,PROD-011,5,4.23,0.00,EFECTIVO
VTA-000674,2026-02-06,15:45:22,CLI-013,Patricia Mendoza,PROD-007,5,3.29,0.00,YAPE
VTA-000675,2026-02-06,13:54:16,CLI-013,Patricia Mendoza,PROD-015,4,8.37,0.00,EFECTIVO
VTA-000676,2026-02-06,21:22:28,CLI-006,Carlos Mendoza,PROD-008,2,3.01,0.00,EFECTIVO
VTA-000676,2026-02-06,21:22:28,CLI-006,Carlos Mendoza,PROD-023,5,7.05,0.00,EFECTIVO
VTA-000676,2026-02-06,21:22:28,CLI-006,Carlos Mendoza,PROD-029,6,2.63,0.00,EFECTIVO
VTA-000677,2026-02-06,09:47:57,CLI-016,Víctor Mendoza,PROD-003,6,10.25,0.00,YAPE
VTA-000677,2026-02-06,09:47:57,CLI-016,Víctor Mendoza,PROD-008,6,3.01,0.00,YAPE
VTA-000678,2026-02-06,09:06:08,CLI-010,Miguel Mendoza,PROD-002,5,4.51,2.68,PLIN
VTA-000679,2026-02-06,19:08:45,CLI-065,Carmen Díaz,PROD-031,8,0.38,0.00,TARJETA
VTA-000680,2026-02-06,11:52:36,CLI-022,José García,PROD-010,1,3.76,0.00,YAPE
VTA-000680,2026-02-06,11:52:36,CLI-022,José García,PROD-011,4,4.23,0.00,YAPE
VTA-000680,2026-02-06,11:52:36,CLI-022,José García,PROD-003,4,10.25,0.00,YAPE
VTA-000680,2026-02-06,11:52:36,CLI-022,José García,PROD-008,5,3.01,0.00,YAPE
VTA-000681,2026-02-07,09:34:58,CLI-049,Lucía Castro,PROD-001,3,4.89,0.00,EFECTIVO
VTA-000681,2026-02-07,09:34:58,CLI-049,Lucía Castro,PROD-002,6,4.51,0.00,EFECTIVO
VTA-000682,2026-02-07,13:06:23,CLI-007,Ana Mendoza,PROD-028,3,1.88,0.00,YAPE
VTA-000682,2026-02-07,13:06:23,CLI-007,Ana Mendoza,PROD-008,3,3.01,0.00,YAPE
VTA-000683,2026-02-07,18:08:47,CLI-068,Jorge Díaz,PROD-004,6,3.29,0.00,EFECTIVO
VTA-000683,2026-02-07,18:08:47,CLI-068,Jorge Díaz,PROD-010,4,3.76,0.00,EFECTIVO
VTA-000684,2026-02-07,15:56:49,CLI-005,Carmen Mendoza,PROD-026,3,1.41,0.00,TARJETA
VTA-000684,2026-02-07,15:56:49,CLI-005,Carmen Mendoza,PROD-011,2,4.23,0.00,TARJETA
VTA-000685,2026-02-07,17:22:28,CLI-008,Jorge Mendoza,PROD-032,1,6.11,0.00,YAPE
VTA-000685,2026-02-07,17:22:28,CLI-008,Jorge Mendoza,PROD-011,5,4.23,0.00,YAPE
VTA-000686,2026-02-07,09:08:47,CLI-048,Jorge Castro,PROD-032,3,6.11,2.64,EFECTIVO
VTA-000686,2026-02-07,09:08:47,CLI-048,Jorge Castro,PROD-010,4,3.76,0.31,EFECTIVO
VTA-000687,2026-02-07,08:30:02,CLI-044,Luis Castro,PROD-010,4,3.76,0.00,EFECTIVO
VTA-000688,2026-02-07,09:59:52,CLI-008,Jorge Mendoza,PROD-006,4,1.88,0.25,EFECTIVO
VTA-000689,2026-02-07,15:30:16,CLI-004,Luis Mendoza,PROD-006,5,1.88,0.00,EFECTIVO
VTA-000690,2026-02-07,14:30:42,CLI-005,Carmen Mendoza,PROD-033,2,9.31,0.00,EFECTIVO
VTA-000691,2026-02-07,21:28:49,CLI-014,Juan Mendoza,PROD-013,5,2.07,0.00,EFECTIVO
VTA-000692,2026-02-07,08:17:28,CLI-026,Carlos García,PROD-005,1,6.49,0.00,TARJETA
VTA-000692,2026-02-07,08:17:28,CLI-026,Carlos García,PROD-003,3,10.25,0.00,TARJETA
VTA-000693,2026-02-07,07:59:30,CLI-084,Luis Rojas,PROD-026,5,1.41,0.00,PLIN
VTA-000693,2026-02-07,07:59:30,CLI-084,Luis Rojas,PROD-019,4,8.37,0.00,PLIN
VTA-000694,2026-02-07,14:52:18,CLI-009,Lucía Mendoza,PROD-032,2,6.11,0.00,EFECTIVO
VTA-000694,2026-02-07,14:52:18,CLI-009,Lucía Mendoza,PROD-016,5,10.81,0.00,EFECTIVO
VTA-000695,2026-02-07,09:45:32,CLI-051,Elena Castro,PROD-006,5,1.88,0.00,YAPE
VTA-000695,2026-02-07,09:45:32,CLI-051,Elena Castro,PROD-004,2,3.29,0.00,YAPE
VTA-000695,2026-02-07,09:45:32,CLI-051,Elena Castro,PROD-018,5,3.95,0.00,YAPE
VTA-000696,2026-02-07,14:15:32,CLI-039,Diana García,PROD-019,6,8.37,0.00,YAPE
VTA-000696,2026-02-07,14:15:32,CLI-039,Diana García,PROD-005,6,6.49,5.07,YAPE
VTA-000696,2026-02-07,14:15:32,CLI-039,Diana García,PROD-011,6,4.23,0.00,YAPE
VTA-000697,2026-02-07,19:21:15,CLI-006,Carlos Mendoza,PROD-008,3,3.01,0.00,EFECTIVO
VTA-000697,2026-02-07,19:21:15,CLI-006,Carlos Mendoza,PROD-031,6,0.38,0.00,EFECTIVO
VTA-000697,2026-02-07,19:21:15,CLI-006,Carlos Mendoza,PROD-007,3,3.29,0.00,EFECTIVO
VTA-000697,2026-02-07,19:21:15,CLI-006,Carlos Mendoza,PROD-012,1,7.43,0.84,EFECTIVO
VTA-000698,2026-02-07,14:00:08,CLI-037,Claudia García,PROD-010,3,3.76,0.00,EFECTIVO
VTA-000698,2026-02-07,14:00:08,CLI-037,Claudia García,PROD-005,1,6.49,0.00,EFECTIVO
VTA-000698,2026-02-07,14:00:08,CLI-037,Claudia García,PROD-026,4,1.41,0.00,EFECTIVO
VTA-000699,2026-02-07,10:11:02,CLI-035,Milagros García,PROD-006,4,1.88,0.00,PLIN
VTA-000699,2026-02-07,10:11:02,CLI-035,Milagros García,PROD-001,4,4.89,0.00,PLIN
VTA-000700,2026-02-07,14:06:36,CLI-026,Carlos García,PROD-011,2,4.23,0.00,EFECTIVO
VTA-000700,2026-02-07,14:06:36,CLI-026,Carlos García,PROD-006,2,1.88,0.00,EFECTIVO
VTA-000701,2026-02-07,21:00:33,CLI-042,José Castro,PROD-012,5,7.43,1.45,EFECTIVO
VTA-000701,2026-02-07,21:00:33,CLI-042,José Castro,PROD-029,1,2.63,0.00,EFECTIVO
VTA-000702,2026-02-07,12:50:41,CLI-077,Claudia Díaz,PROD-005,4,6.49,0.00,EFECTIVO
VTA-000702,2026-02-07,12:50:41,CLI-077,Claudia Díaz,PROD-006,3,1.88,0.00,EFECTIVO
VTA-000702,2026-02-07,12:50:41,CLI-077,Claudia Díaz,PROD-001,6,4.89,2.65,EFECTIVO
VTA-000702,2026-02-07,12:50:41,CLI-077,Claudia Díaz,PROD-027,1,2.35,0.31,EFECTIVO
VTA-000703,2026-02-07,15:14:23,CLI-044,Luis Castro,PROD-014,5,8.93,0.00,PLIN
VTA-000703,2026-02-07,15:14:23,CLI-044,Luis Castro,PROD-001,6,4.89,0.00,PLIN
VTA-000703,2026-02-07,15:14:23,CLI-044,Luis Castro,PROD-032,1,6.11,0.00,PLIN
VTA-000704,2026-02-07,21:04:12,CLI-060,Marco Castro,PROD-032,1,6.11,0.00,EFECTIVO
VTA-000704,2026-02-07,21:04:12,CLI-060,Marco Castro,PROD-017,2,7.99,0.00,EFECTIVO
VTA-000704,2026-02-07,21:04:12,CLI-060,Marco Castro,PROD-019,1,8.37,0.00,EFECTIVO
VTA-000705,2026-02-07,07:06:34,CLI-028,Jorge García,PROD-026,4,1.41,0.00,YAPE
VTA-000705,2026-02-07,07:06:34,CLI-028,Jorge García,PROD-010,4,3.76,0.00,YAPE
VTA-000706,2026-02-07,19:39:04,CLI-032,Pedro García,PROD-029,3,2.63,0.00,PLIN
VTA-000706,2026-02-07,19:39:04,CLI-032,Pedro García,PROD-023,3,7.05,0.00,PLIN
VTA-000706,2026-02-07,19:39:04,CLI-032,Pedro García,PROD-017,3,7.99,0.00,PLIN
VTA-000706,2026-02-07,19:39:04,CLI-032,Pedro García,PROD-007,3,3.29,0.00,PLIN
VTA-000707,2026-02-07,11:10:32,CLI-015,Milagros Mendoza,PROD-011,4,4.23,0.00,YAPE
VTA-000707,2026-02-07,11:10:32,CLI-015,Milagros Mendoza,PROD-023,4,7.05,0.00,YAPE
VTA-000708,2026-02-08,12:16:36,CLI-004,Luis Mendoza,PROD-003,2,10.25,0.00,EFECTIVO
VTA-000709,2026-02-08,07:41:21,CLI-056,Víctor Castro,PROD-006,6,1.88,0.00,PLIN
VTA-000709,2026-02-08,07:41:21,CLI-056,Víctor Castro,PROD-031,19,0.38,0.00,PLIN
VTA-000710,2026-02-08,17:58:29,CLI-042,José Castro,PROD-031,20,0.38,0.00,PLIN
VTA-000711,2026-02-08,21:42:32,CLI-033,Patricia García,PROD-006,3,1.88,0.00,YAPE
VTA-000712,2026-02-08,07:06:28,CLI-036,Víctor García,PROD-029,1,2.63,0.00,EFECTIVO
VTA-000712,2026-02-08,07:06:28,CLI-036,Víctor García,PROD-008,5,3.01,0.00,EFECTIVO
VTA-000712,2026-02-08,07:06:28,CLI-036,Víctor García,PROD-006,5,1.88,0.81,EFECTIVO
VTA-000713,2026-02-08,08:43:10,CLI-090,Miguel Rojas,PROD-027,2,2.35,0.00,YAPE
VTA-000713,2026-02-08,08:43:10,CLI-090,Miguel Rojas,PROD-006,6,1.88,0.00,YAPE
VTA-000714,2026-02-08,15:38:46,CLI-015,Milagros Mendoza,PROD-023,2,7.05,0.00,EFECTIVO
VTA-000715,2026-02-08,08:39:04,CLI-036,Víctor García,PROD-032,2,6.11,0.00,PLIN
VTA-000715,2026-02-08,08:39:04,CLI-036,Víctor García,PROD-016,2,10.81,0.00,PLIN
VTA-000715,2026-02-08,08:39:04,CLI-036,Víctor García,PROD-012,2,7.43,0.00,PLIN
VTA-000715,2026-02-08,08:39:04,CLI-036,Víctor García,PROD-007,2,3.29,0.14,PLIN
VTA-000716,2026-02-08,09:41:15,CLI-055,Milagros Castro,PROD-006,5,1.88,0.00,EFECTIVO
VTA-000717,2026-02-08,10:43:18,CLI-008,Jorge Mendoza,PROD-006,5,1.88,0.00,YAPE
VTA-000717,2026-02-08,10:43:18,CLI-008,Jorge Mendoza,PROD-007,6,3.29,0.00,YAPE
VTA-000718,2026-02-08,14:16:18,CLI-045,Carmen Castro,PROD-001,4,4.89,2.35,YAPE
VTA-000718,2026-02-08,14:16:18,CLI-045,Carmen Castro,PROD-022,2,3.01,0.00,YAPE
VTA-000719,2026-02-08,15:12:37,CLI-007,Ana Mendoza,PROD-031,14,0.38,0.00,EFECTIVO
VTA-000719,2026-02-08,15:12:37,CLI-007,Ana Mendoza,PROD-026,4,1.41,0.00,EFECTIVO
VTA-000720,2026-02-08,10:48:06,CLI-027,Ana García,PROD-013,2,2.07,0.00,EFECTIVO
VTA-000720,2026-02-08,10:48:06,CLI-027,Ana García,PROD-010,3,3.76,0.00,EFECTIVO
VTA-000721,2026-02-08,16:35:14,CLI-041,Rosa Castro,PROD-031,10,0.38,0.00,PLIN
VTA-000722,2026-02-08,11:34:09,CLI-050,Miguel Castro,PROD-011,2,4.23,0.00,EFECTIVO
VTA-000723,2026-02-08,20:03:56,CLI-021,Rosa García,PROD-004,1,3.29,0.45,EFECTIVO
VTA-000724,2026-02-08,16:55:26,CLI-045,Carmen Castro,PROD-031,8,0.38,0.00,EFECTIVO
VTA-000725,2026-02-08,07:46:53,CLI-040,Marco García,PROD-006,3,1.88,0.00,EFECTIVO
VTA-000726,2026-02-08,17:21:43,CLI-048,Jorge Castro,PROD-001,6,4.89,0.00,PLIN
VTA-000726,2026-02-08,17:21:43,CLI-048,Jorge Castro,PROD-033,2,9.31,0.00,PLIN
VTA-000726,2026-02-08,17:21:43,CLI-048,Jorge Castro,PROD-016,4,10.81,0.00,PLIN
VTA-000727,2026-02-08,09:41:01,CLI-010,Miguel Mendoza,PROD-013,1,2.07,0.00,EFECTIVO
VTA-000727,2026-02-08,09:41:01,CLI-010,Miguel Mendoza,PROD-018,1,3.95,0.00,EFECTIVO
VTA-000727,2026-02-08,09:41:01,CLI-010,Miguel Mendoza,PROD-020,6,6.11,0.00,EFECTIVO
VTA-000728,2026-02-08,20:58:58,CLI-010,Miguel Mendoza,PROD-002,5,4.51,0.00,YAPE
VTA-000728,2026-02-08,20:58:58,CLI-010,Miguel Mendoza,PROD-011,6,4.23,0.00,YAPE
VTA-000729,2026-02-08,12:24:02,CLI-015,Milagros Mendoza,PROD-010,4,3.76,1.33,TARJETA
VTA-000730,2026-02-08,15:14:51,CLI-052,Pedro Castro,PROD-013,1,2.07,0.00,EFECTIVO
VTA-000731,2026-02-08,19:34:55,CLI-052,Pedro Castro,PROD-013,1,2.07,0.00,PLIN
VTA-000732,2026-02-08,10:58:08,CLI-045,Carmen Castro,PROD-031,7,0.38,0.00,YAPE
VTA-000732,2026-02-08,10:58:08,CLI-045,Carmen Castro,PROD-011,4,4.23,0.00,YAPE
VTA-000733,2026-02-09,10:45:19,CLI-013,Patricia Mendoza,PROD-003,1,10.25,0.00,YAPE
VTA-000734,2026-02-09,09:27:13,CLI-003,María Mendoza,PROD-007,6,3.29,0.00,TARJETA
VTA-000734,2026-02-09,09:27:13,CLI-003,María Mendoza,PROD-005,3,6.49,0.00,TARJETA
VTA-000735,2026-02-09,19:25:10,CLI-096,Víctor Rojas,PROD-009,5,5.55,0.00,PLIN
VTA-000735,2026-02-09,19:25:10,CLI-096,Víctor Rojas,PROD-007,4,3.29,0.00,PLIN
VTA-000735,2026-02-09,19:25:10,CLI-096,Víctor Rojas,PROD-017,6,7.99,0.00,PLIN
VTA-000736,2026-02-09,08:32:04,CLI-006,Carlos Mendoza,PROD-010,2,3.76,0.00,TARJETA
VTA-000736,2026-02-09,08:32:04,CLI-006,Carlos Mendoza,PROD-011,2,4.23,0.00,TARJETA
VTA-000736,2026-02-09,08:32:04,CLI-006,Carlos Mendoza,PROD-014,1,8.93,0.00,TARJETA
VTA-000737,2026-02-09,13:43:54,CLI-033,Patricia García,PROD-014,1,8.93,0.00,EFECTIVO
VTA-000737,2026-02-09,13:43:54,CLI-033,Patricia García,PROD-016,1,10.81,0.00,EFECTIVO
VTA-000737,2026-02-09,13:43:54,CLI-033,Patricia García,PROD-006,2,1.88,0.00,EFECTIVO
VTA-000738,2026-02-09,18:40:56,CLI-054,Juan Castro,PROD-004,1,3.29,0.00,EFECTIVO
VTA-000738,2026-02-09,18:40:56,CLI-054,Juan Castro,PROD-026,4,1.41,0.00,EFECTIVO
VTA-000738,2026-02-09,18:40:56,CLI-054,Juan Castro,PROD-002,3,4.51,0.00,EFECTIVO
VTA-000739,2026-02-09,12:52:31,CLI-002,José Mendoza,PROD-031,17,0.38,0.00,EFECTIVO
VTA-000739,2026-02-09,12:52:31,CLI-002,José Mendoza,PROD-028,1,1.88,0.00,EFECTIVO
VTA-000739,2026-02-09,12:52:31,CLI-002,José Mendoza,PROD-006,1,1.88,0.00,EFECTIVO
VTA-000739,2026-02-09,12:52:31,CLI-002,José Mendoza,PROD-032,5,6.11,0.00,EFECTIVO
VTA-000740,2026-02-09,20:23:17,CLI-068,Jorge Díaz,PROD-011,1,4.23,0.00,EFECTIVO
VTA-000741,2026-02-09,20:38:48,CLI-027,Ana García,PROD-029,6,2.63,0.00,YAPE
VTA-000741,2026-02-09,20:38:48,CLI-027,Ana García,PROD-013,1,2.07,0.00,YAPE
VTA-000742,2026-02-09,07:11:31,CLI-070,Miguel Díaz,PROD-005,3,6.49,0.00,YAPE
VTA-000743,2026-02-09,09:16:08,CLI-065,Carmen Díaz,PROD-006,6,1.88,0.00,EFECTIVO
VTA-000744,2026-02-09,07:22:27,CLI-036,Víctor García,PROD-002,1,4.51,0.00,YAPE
VTA-000744,2026-02-09,07:22:27,CLI-036,Víctor García,PROD-006,2,1.88,0.00,YAPE
VTA-000745,2026-02-10,13:46:07,CLI-062,José Díaz,PROD-027,5,2.35,0.00,EFECTIVO
VTA-000746,2026-02-10,15:39:07,CLI-011,Elena Mendoza,PROD-013,3,2.07,0.00,EFECTIVO
VTA-000747,2026-02-10,12:53:59,CLI-003,María Mendoza,PROD-009,6,5.55,0.00,YAPE
VTA-000748,2026-02-10,07:31:39,CLI-065,Carmen Díaz,PROD-013,3,2.07,0.00,EFECTIVO
VTA-000748,2026-02-10,07:31:39,CLI-065,Carmen Díaz,PROD-034,6,4.23,0.00,EFECTIVO
VTA-000748,2026-02-10,07:31:39,CLI-065,Carmen Díaz,PROD-031,15,0.38,0.46,EFECTIVO
VTA-000748,2026-02-10,07:31:39,CLI-065,Carmen Díaz,PROD-006,3,1.88,0.00,EFECTIVO
VTA-000749,2026-02-10,09:30:08,CLI-010,Miguel Mendoza,PROD-013,4,2.07,0.00,EFECTIVO
VTA-000749,2026-02-10,09:30:08,CLI-010,Miguel Mendoza,PROD-006,1,1.88,0.00,EFECTIVO
VTA-000750,2026-02-10,15:40:00,CLI-059,Diana Castro,PROD-028,3,1.88,0.00,TARJETA
VTA-000750,2026-02-10,15:40:00,CLI-059,Diana Castro,PROD-016,3,10.81,0.00,TARJETA
VTA-000750,2026-02-10,15:40:00,CLI-059,Diana Castro,PROD-023,6,7.05,0.00,TARJETA
VTA-000750,2026-02-10,15:40:00,CLI-059,Diana Castro,PROD-003,4,10.25,0.00,TARJETA
VTA-000751,2026-02-10,09:23:21,CLI-004,Luis Mendoza,PROD-018,1,3.95,0.00,PLIN
VTA-000752,2026-02-10,21:41:20,CLI-067,Ana Díaz,PROD-009,4,5.55,0.00,YAPE
VTA-000752,2026-02-10,21:41:20,CLI-067,Ana Díaz,PROD-002,2,4.51,0.00,YAPE
VTA-000753,2026-02-10,18:32:03,CLI-014,Juan Mendoza,PROD-019,6,8.37,0.00,EFECTIVO
VTA-000753,2026-02-10,18:32:03,CLI-014,Juan Mendoza,PROD-017,1,7.99,0.00,EFECTIVO
VTA-000753,2026-02-10,18:32:03,CLI-014,Juan Mendoza,PROD-007,3,3.29,0.00,EFECTIVO
VTA-000754,2026-02-10,08:06:20,CLI-044,Luis Castro,PROD-010,1,3.76,0.00,EFECTIVO
VTA-000754,2026-02-10,08:06:20,CLI-044,Luis Castro,PROD-009,3,5.55,0.00,EFECTIVO
VTA-000755,2026-02-10,08:29:43,CLI-066,Carlos Díaz,PROD-031,2,0.38,0.00,PLIN
VTA-000755,2026-02-10,08:29:43,CLI-066,Carlos Díaz,PROD-028,5,1.88,0.00,PLIN
VTA-000756,2026-02-10,16:32:07,CLI-009,Lucía Mendoza,PROD-031,11,0.38,0.00,EFECTIVO
VTA-000757,2026-02-11,16:07:12,CLI-014,Juan Mendoza,PROD-026,2,1.41,0.00,YAPE
VTA-000757,2026-02-11,16:07:12,CLI-014,Juan Mendoza,PROD-029,4,2.63,0.00,YAPE
VTA-000758,2026-02-11,14:13:35,CLI-035,Milagros García,PROD-010,4,3.76,0.00,EFECTIVO
VTA-000759,2026-02-11,13:34:21,CLI-046,Carlos Castro,PROD-004,4,3.29,0.00,EFECTIVO
VTA-000759,2026-02-11,13:34:21,CLI-046,Carlos Castro,PROD-017,1,7.99,1.03,EFECTIVO
VTA-000759,2026-02-11,13:34:21,CLI-046,Carlos Castro,PROD-003,6,10.25,7.04,EFECTIVO
VTA-000760,2026-02-11,10:32:40,CLI-092,Pedro Rojas,PROD-004,5,3.29,0.00,YAPE
VTA-000761,2026-02-11,08:34:38,CLI-040,Marco García,PROD-010,5,3.76,0.00,YAPE
VTA-000761,2026-02-11,08:34:38,CLI-040,Marco García,PROD-011,3,4.23,0.00,YAPE
VTA-000761,2026-02-11,08:34:38,CLI-040,Marco García,PROD-004,5,3.29,0.00,YAPE
VTA-000762,2026-02-11,17:10:38,CLI-094,Juan Rojas,PROD-020,6,6.11,0.00,TARJETA
VTA-000762,2026-02-11,17:10:38,CLI-094,Juan Rojas,PROD-011,1,4.23,0.00,TARJETA
VTA-000763,2026-02-11,11:33:03,CLI-020,Marco Mendoza,PROD-020,4,6.11,0.00,TARJETA
VTA-000764,2026-02-11,20:32:03,CLI-066,Carlos Díaz,PROD-010,2,3.76,0.00,EFECTIVO
VTA-000764,2026-02-11,20:32:03,CLI-066,Carlos Díaz,PROD-027,4,2.35,0.00,EFECTIVO
VTA-000764,2026-02-11,20:32:03,CLI-066,Carlos Díaz,PROD-006,6,1.88,0.61,EFECTIVO
VTA-000765,2026-02-11,13:26:58,CLI-086,Carlos Rojas,PROD-006,6,1.88,0.00,EFECTIVO
VTA-000765,2026-02-11,13:26:58,CLI-086,Carlos Rojas,PROD-027,5,2.35,0.00,EFECTIVO
VTA-000765,2026-02-11,13:26:58,CLI-086,Carlos Rojas,PROD-022,1,3.01,0.00,EFECTIVO
VTA-000765,2026-02-11,13:26:58,CLI-086,Carlos Rojas,PROD-008,2,3.01,0.00,EFECTIVO
VTA-000766,2026-02-11,20:35:17,CLI-040,Marco García,PROD-006,1,1.88,0.00,PLIN
VTA-000767,2026-02-11,09:48:56,CLI-067,Ana Díaz,PROD-032,1,6.11,0.00,EFECTIVO
VTA-000768,2026-02-11,21:13:00,CLI-099,Diana Rojas,PROD-013,2,2.07,0.00,YAPE
VTA-000768,2026-02-11,21:13:00,CLI-099,Diana Rojas,PROD-014,1,8.93,0.00,YAPE
VTA-000769,2026-02-11,16:28:02,CLI-014,Juan Mendoza,PROD-007,4,3.29,0.27,EFECTIVO
VTA-000770,2026-02-11,20:47:46,CLI-055,Milagros Castro,PROD-016,5,10.81,0.00,EFECTIVO
VTA-000770,2026-02-11,20:47:46,CLI-055,Milagros Castro,PROD-010,4,3.76,0.98,EFECTIVO
VTA-000771,2026-02-11,08:08:03,CLI-007,Ana Mendoza,PROD-006,6,1.88,0.00,YAPE
VTA-000772,2026-02-11,21:50:27,CLI-007,Ana Mendoza,PROD-010,1,3.76,0.00,EFECTIVO
VTA-000773,2026-02-11,10:11:57,CLI-044,Luis Castro,PROD-008,5,3.01,0.00,TARJETA
VTA-000773,2026-02-11,10:11:57,CLI-044,Luis Castro,PROD-011,5,4.23,0.00,TARJETA
VTA-000774,2026-02-11,18:47:45,CLI-015,Milagros Mendoza,PROD-006,1,1.88,0.00,EFECTIVO
VTA-000774,2026-02-11,18:47:45,CLI-015,Milagros Mendoza,PROD-003,3,10.25,0.00,EFECTIVO
VTA-000774,2026-02-11,18:47:45,CLI-015,Milagros Mendoza,PROD-034,4,4.23,0.00,EFECTIVO
VTA-000775,2026-02-11,21:33:22,CLI-037,Claudia García,PROD-006,1,1.88,0.00,TARJETA
VTA-000776,2026-02-11,08:41:22,CLI-029,Lucía García,PROD-032,5,6.11,0.00,EFECTIVO
VTA-000776,2026-02-11,08:41:22,CLI-029,Lucía García,PROD-011,1,4.23,0.00,EFECTIVO
VTA-000777,2026-02-12,15:42:19,CLI-007,Ana Mendoza,PROD-006,2,1.88,0.00,EFECTIVO
VTA-000777,2026-02-12,15:42:19,CLI-007,Ana Mendoza,PROD-034,5,4.23,0.00,EFECTIVO
VTA-000777,2026-02-12,15:42:19,CLI-007,Ana Mendoza,PROD-015,5,8.37,0.00,EFECTIVO
VTA-000777,2026-02-12,15:42:19,CLI-007,Ana Mendoza,PROD-007,4,3.29,1.13,EFECTIVO
VTA-000778,2026-02-12,12:40:57,CLI-066,Carlos Díaz,PROD-012,5,7.43,0.00,YAPE
VTA-000778,2026-02-12,12:40:57,CLI-066,Carlos Díaz,PROD-011,5,4.23,0.00,YAPE
VTA-000778,2026-02-12,12:40:57,CLI-066,Carlos Díaz,PROD-029,6,2.63,0.00,YAPE
VTA-000779,2026-02-12,17:57:36,CLI-050,Miguel Castro,PROD-012,4,7.43,0.00,PLIN
VTA-000779,2026-02-12,17:57:36,CLI-050,Miguel Castro,PROD-031,10,0.38,0.52,PLIN
VTA-000779,2026-02-12,17:57:36,CLI-050,Miguel Castro,PROD-003,2,10.25,0.00,PLIN
VTA-000780,2026-02-12,21:23:04,CLI-019,Diana Mendoza,PROD-010,5,3.76,0.00,YAPE
VTA-000781,2026-02-12,20:15:30,CLI-014,Juan Mendoza,PROD-011,4,4.23,0.00,EFECTIVO
VTA-000781,2026-02-12,20:15:30,CLI-014,Juan Mendoza,PROD-028,6,1.88,0.00,EFECTIVO
VTA-000781,2026-02-12,20:15:30,CLI-014,Juan Mendoza,PROD-013,2,2.07,0.51,EFECTIVO
VTA-000781,2026-02-12,20:15:30,CLI-014,Juan Mendoza,PROD-016,2,10.81,0.00,EFECTIVO
VTA-000781,2026-02-12,20:15:30,CLI-014,Juan Mendoza,PROD-017,5,7.99,0.00,EFECTIVO
VTA-000782,2026-02-12,21:17:47,CLI-052,Pedro Castro,PROD-006,6,1.88,0.00,YAPE
VTA-000782,2026-02-12,21:17:47,CLI-052,Pedro Castro,PROD-026,6,1.41,0.00,YAPE
VTA-000782,2026-02-12,21:17:47,CLI-052,Pedro Castro,PROD-007,6,3.29,0.00,YAPE
VTA-000783,2026-02-12,16:35:18,CLI-057,Claudia Castro,PROD-012,1,7.43,0.00,PLIN
VTA-000783,2026-02-12,16:35:18,CLI-057,Claudia Castro,PROD-011,1,4.23,0.00,PLIN
VTA-000784,2026-02-12,13:13:04,CLI-100,Marco Rojas,PROD-011,2,4.23,0.41,EFECTIVO
VTA-000784,2026-02-12,13:13:04,CLI-100,Marco Rojas,PROD-028,3,1.88,0.00,EFECTIVO
VTA-000785,2026-02-12,20:50:59,CLI-002,José Mendoza,PROD-008,4,3.01,0.00,EFECTIVO
VTA-000786,2026-02-12,09:06:30,CLI-002,José Mendoza,PROD-027,6,2.35,0.00,PLIN
VTA-000786,2026-02-12,09:06:30,CLI-002,José Mendoza,PROD-031,7,0.38,0.13,PLIN
VTA-000786,2026-02-12,09:06:30,CLI-002,José Mendoza,PROD-022,6,3.01,1.04,PLIN
VTA-000787,2026-02-12,14:56:01,CLI-012,Pedro Mendoza,PROD-031,5,0.38,0.00,EFECTIVO
VTA-000787,2026-02-12,14:56:01,CLI-012,Pedro Mendoza,PROD-005,5,6.49,0.88,EFECTIVO
VTA-000787,2026-02-12,14:56:01,CLI-012,Pedro Mendoza,PROD-029,2,2.63,0.00,EFECTIVO
VTA-000787,2026-02-12,14:56:01,CLI-012,Pedro Mendoza,PROD-007,5,3.29,0.00,EFECTIVO
VTA-000788,2026-02-12,16:35:00,CLI-053,Patricia Castro,PROD-003,4,10.25,0.00,EFECTIVO
VTA-000788,2026-02-12,16:35:00,CLI-053,Patricia Castro,PROD-017,3,7.99,0.89,EFECTIVO
VTA-000789,2026-02-12,08:38:50,CLI-013,Patricia Mendoza,PROD-023,6,7.05,0.00,YAPE
VTA-000789,2026-02-12,08:38:50,CLI-013,Patricia Mendoza,PROD-006,6,1.88,1.13,YAPE
VTA-000789,2026-02-12,08:38:50,CLI-013,Patricia Mendoza,PROD-022,6,3.01,0.00,YAPE
VTA-000790,2026-02-12,13:31:19,CLI-051,Elena Castro,PROD-007,5,3.29,0.00,EFECTIVO
VTA-000791,2026-02-12,15:22:41,CLI-009,Lucía Mendoza,PROD-008,2,3.01,0.00,PLIN
VTA-000791,2026-02-12,15:22:41,CLI-009,Lucía Mendoza,PROD-027,4,2.35,0.00,PLIN
VTA-000792,2026-02-12,11:36:49,CLI-038,Renzo García,PROD-001,4,4.89,0.00,EFECTIVO
VTA-000792,2026-02-12,11:36:49,CLI-038,Renzo García,PROD-011,3,4.23,1.05,EFECTIVO
VTA-000793,2026-02-12,14:56:48,CLI-003,María Mendoza,PROD-029,1,2.63,0.37,EFECTIVO
VTA-000793,2026-02-12,14:56:48,CLI-003,María Mendoza,PROD-006,1,1.88,0.00,EFECTIVO
VTA-000793,2026-02-12,14:56:48,CLI-003,María Mendoza,PROD-009,1,5.55,0.34,EFECTIVO
VTA-000793,2026-02-12,14:56:48,CLI-003,María Mendoza,PROD-018,5,3.95,0.00,EFECTIVO
VTA-000793,2026-02-12,14:56:48,CLI-003,María Mendoza,PROD-012,2,7.43,0.00,EFECTIVO
VTA-000794,2026-02-12,19:59:12,CLI-008,Jorge Mendoza,PROD-026,1,1.41,0.00,YAPE
VTA-000794,2026-02-12,19:59:12,CLI-008,Jorge Mendoza,PROD-017,1,7.99,0.00,YAPE
VTA-000794,2026-02-12,19:59:12,CLI-008,Jorge Mendoza,PROD-006,6,1.88,0.00,YAPE
VTA-000794,2026-02-12,19:59:12,CLI-008,Jorge Mendoza,PROD-004,4,3.29,0.00,YAPE
VTA-000795,2026-02-12,19:26:27,CLI-078,Renzo Díaz,PROD-006,5,1.88,0.00,YAPE
VTA-000796,2026-02-12,21:20:02,CLI-010,Miguel Mendoza,PROD-014,3,8.93,0.00,EFECTIVO
VTA-000796,2026-02-12,21:20:02,CLI-010,Miguel Mendoza,PROD-007,4,3.29,0.00,EFECTIVO
VTA-000796,2026-02-12,21:20:02,CLI-010,Miguel Mendoza,PROD-031,4,0.38,0.00,EFECTIVO
VTA-000797,2026-02-13,15:53:44,CLI-034,Juan García,PROD-027,4,2.35,0.00,EFECTIVO
VTA-000797,2026-02-13,15:53:44,CLI-034,Juan García,PROD-008,6,3.01,0.00,EFECTIVO
VTA-000797,2026-02-13,15:53:44,CLI-034,Juan García,PROD-023,5,7.05,0.00,EFECTIVO
VTA-000798,2026-02-13,21:58:11,CLI-009,Lucía Mendoza,PROD-015,1,8.37,0.00,YAPE
VTA-000799,2026-02-13,16:05:19,CLI-078,Renzo Díaz,PROD-004,1,3.29,0.00,YAPE
VTA-000799,2026-02-13,16:05:19,CLI-078,Renzo Díaz,PROD-029,2,2.63,0.00,YAPE
VTA-000799,2026-02-13,16:05:19,CLI-078,Renzo Díaz,PROD-011,5,4.23,0.00,YAPE
VTA-000800,2026-02-13,17:50:59,CLI-058,Renzo Castro,PROD-007,5,3.29,0.00,YAPE
VTA-000801,2026-02-13,17:26:53,CLI-082,José Rojas,PROD-026,1,1.41,0.00,EFECTIVO
VTA-000801,2026-02-13,17:26:53,CLI-082,José Rojas,PROD-016,3,10.81,0.00,EFECTIVO
VTA-000802,2026-02-13,17:34:10,CLI-016,Víctor Mendoza,PROD-015,1,8.37,0.00,EFECTIVO
VTA-000802,2026-02-13,17:34:10,CLI-016,Víctor Mendoza,PROD-003,4,10.25,0.00,EFECTIVO
VTA-000802,2026-02-13,17:34:10,CLI-016,Víctor Mendoza,PROD-013,1,2.07,0.00,EFECTIVO
VTA-000802,2026-02-13,17:34:10,CLI-016,Víctor Mendoza,PROD-009,1,5.55,0.00,EFECTIVO
VTA-000803,2026-02-13,09:22:20,CLI-066,Carlos Díaz,PROD-008,4,3.01,0.00,EFECTIVO
VTA-000804,2026-02-13,18:00:11,CLI-013,Patricia Mendoza,PROD-017,5,7.99,0.00,YAPE
VTA-000805,2026-02-13,13:02:05,CLI-001,Rosa Mendoza,PROD-026,6,1.41,0.00,EFECTIVO
VTA-000806,2026-02-13,08:38:52,CLI-013,Patricia Mendoza,PROD-003,3,10.25,0.00,EFECTIVO
VTA-000807,2026-02-13,12:35:59,CLI-014,Juan Mendoza,PROD-026,5,1.41,0.00,PLIN
VTA-000808,2026-02-13,08:22:52,CLI-006,Carlos Mendoza,PROD-016,3,10.81,0.00,EFECTIVO
VTA-000808,2026-02-13,08:22:52,CLI-006,Carlos Mendoza,PROD-031,4,0.38,0.00,EFECTIVO
VTA-000809,2026-02-13,07:33:04,CLI-070,Miguel Díaz,PROD-007,2,3.29,0.00,TARJETA
VTA-000810,2026-02-13,11:12:43,CLI-069,Lucía Díaz,PROD-012,5,7.43,0.00,YAPE
VTA-000810,2026-02-13,11:12:43,CLI-069,Lucía Díaz,PROD-006,5,1.88,0.00,YAPE
VTA-000810,2026-02-13,11:12:43,CLI-069,Lucía Díaz,PROD-032,3,6.11,0.00,YAPE
VTA-000810,2026-02-13,11:12:43,CLI-069,Lucía Díaz,PROD-023,6,7.05,0.00,YAPE
VTA-000810,2026-02-13,11:12:43,CLI-069,Lucía Díaz,PROD-027,4,2.35,0.00,YAPE
VTA-000811,2026-02-13,16:21:08,CLI-093,Patricia Rojas,PROD-006,1,1.88,0.00,EFECTIVO
VTA-000812,2026-02-13,14:33:29,CLI-011,Elena Mendoza,PROD-008,2,3.01,0.00,EFECTIVO
VTA-000812,2026-02-13,14:33:29,CLI-011,Elena Mendoza,PROD-031,3,0.38,0.06,EFECTIVO
VTA-000812,2026-02-13,14:33:29,CLI-011,Elena Mendoza,PROD-006,5,1.88,0.00,EFECTIVO
VTA-000812,2026-02-13,14:33:29,CLI-011,Elena Mendoza,PROD-004,6,3.29,2.18,EFECTIVO
VTA-000813,2026-02-13,21:50:05,CLI-074,Juan Díaz,PROD-019,1,8.37,0.00,EFECTIVO
VTA-000813,2026-02-13,21:50:05,CLI-074,Juan Díaz,PROD-023,6,7.05,0.00,EFECTIVO
VTA-000813,2026-02-13,21:50:05,CLI-074,Juan Díaz,PROD-014,6,8.93,0.00,EFECTIVO
VTA-000814,2026-02-13,17:06:24,CLI-065,Carmen Díaz,PROD-012,1,7.43,0.00,EFECTIVO
VTA-000814,2026-02-13,17:06:24,CLI-065,Carmen Díaz,PROD-007,5,3.29,0.00,EFECTIVO
VTA-000815,2026-02-13,14:33:58,CLI-001,Rosa Mendoza,PROD-034,3,4.23,0.00,EFECTIVO
VTA-000815,2026-02-13,14:33:58,CLI-001,Rosa Mendoza,PROD-009,4,5.55,0.00,EFECTIVO
VTA-000816,2026-02-13,10:16:43,CLI-078,Renzo Díaz,PROD-031,8,0.38,0.00,TARJETA
VTA-000816,2026-02-13,10:16:43,CLI-078,Renzo Díaz,PROD-009,3,5.55,0.00,TARJETA
VTA-000816,2026-02-13,10:16:43,CLI-078,Renzo Díaz,PROD-008,1,3.01,0.00,TARJETA
VTA-000817,2026-02-13,09:16:42,CLI-042,José Castro,PROD-013,6,2.07,1.18,YAPE
VTA-000817,2026-02-13,09:16:42,CLI-042,José Castro,PROD-007,6,3.29,2.29,YAPE
VTA-000817,2026-02-13,09:16:42,CLI-042,José Castro,PROD-001,6,4.89,0.00,YAPE
VTA-000818,2026-02-13,18:27:23,CLI-076,Víctor Díaz,PROD-006,4,1.88,0.00,YAPE
VTA-000818,2026-02-13,18:27:23,CLI-076,Víctor Díaz,PROD-004,4,3.29,0.00,YAPE
VTA-000818,2026-02-13,18:27:23,CLI-076,Víctor Díaz,PROD-029,1,2.63,0.00,YAPE
VTA-000818,2026-02-13,18:27:23,CLI-076,Víctor Díaz,PROD-032,2,6.11,0.00,YAPE
VTA-000818,2026-02-13,18:27:23,CLI-076,Víctor Díaz,PROD-031,16,0.38,0.00,YAPE
VTA-000819,2026-02-13,17:07:04,CLI-085,Carmen Rojas,PROD-031,18,0.38,0.62,YAPE
VTA-000819,2026-02-13,17:07:04,CLI-085,Carmen Rojas,PROD-001,4,4.89,0.00,YAPE
VTA-000819,2026-02-13,17:07:04,CLI-085,Carmen Rojas,PROD-007,3,3.29,0.00,YAPE
VTA-000819,2026-02-13,17:07:04,CLI-085,Carmen Rojas,PROD-004,5,3.29,2.33,YAPE
VTA-000820,2026-02-13,18:28:54,CLI-026,Carlos García,PROD-013,4,2.07,0.00,EFECTIVO
VTA-000820,2026-02-13,18:28:54,CLI-026,Carlos García,PROD-027,1,2.35,0.00,EFECTIVO
VTA-000820,2026-02-13,18:28:54,CLI-026,Carlos García,PROD-007,2,3.29,0.00,EFECTIVO
VTA-000820,2026-02-13,18:28:54,CLI-026,Carlos García,PROD-014,3,8.93,0.00,EFECTIVO
VTA-000821,2026-02-13,13:29:30,CLI-015,Milagros Mendoza,PROD-012,3,7.43,2.98,EFECTIVO
VTA-000821,2026-02-13,13:29:30,CLI-015,Milagros Mendoza,PROD-026,5,1.41,0.00,EFECTIVO
VTA-000821,2026-02-13,13:29:30,CLI-015,Milagros Mendoza,PROD-006,5,1.88,0.88,EFECTIVO
VTA-000821,2026-02-13,13:29:30,CLI-015,Milagros Mendoza,PROD-007,3,3.29,0.00,EFECTIVO
VTA-000822,2026-02-13,20:02:03,CLI-037,Claudia García,PROD-001,6,4.89,0.86,YAPE
VTA-000822,2026-02-13,20:02:03,CLI-037,Claudia García,PROD-007,1,3.29,0.00,YAPE
VTA-000822,2026-02-13,20:02:03,CLI-037,Claudia García,PROD-002,4,4.51,0.00,YAPE
VTA-000822,2026-02-13,20:02:03,CLI-037,Claudia García,PROD-012,1,7.43,0.00,YAPE
VTA-000822,2026-02-13,20:02:03,CLI-037,Claudia García,PROD-008,5,3.01,0.00,YAPE
VTA-000823,2026-02-13,08:28:18,CLI-018,Renzo Mendoza,PROD-022,2,3.01,0.00,TARJETA
VTA-000823,2026-02-13,08:28:18,CLI-018,Renzo Mendoza,PROD-010,2,3.76,0.00,TARJETA
VTA-000823,2026-02-13,08:28:18,CLI-018,Renzo Mendoza,PROD-011,6,4.23,0.00,TARJETA
VTA-000823,2026-02-13,08:28:18,CLI-018,Renzo Mendoza,PROD-008,6,3.01,0.00,TARJETA
VTA-000824,2026-02-13,07:15:11,CLI-086,Carlos Rojas,PROD-001,6,4.89,0.00,YAPE
VTA-000825,2026-02-14,09:02:47,CLI-015,Milagros Mendoza,PROD-013,1,2.07,0.00,YAPE
VTA-000826,2026-02-14,09:42:29,CLI-055,Milagros Castro,PROD-026,5,1.41,0.00,EFECTIVO
VTA-000827,2026-02-14,10:50:51,CLI-019,Diana Mendoza,PROD-026,5,1.41,0.00,EFECTIVO
VTA-000827,2026-02-14,10:50:51,CLI-019,Diana Mendoza,PROD-019,1,8.37,0.00,EFECTIVO
VTA-000828,2026-02-14,13:28:15,CLI-043,María Castro,PROD-031,20,0.38,0.00,YAPE
VTA-000828,2026-02-14,13:28:15,CLI-043,María Castro,PROD-034,1,4.23,0.59,YAPE
VTA-000829,2026-02-14,18:22:29,CLI-042,José Castro,PROD-031,15,0.38,0.00,EFECTIVO
VTA-000830,2026-02-14,20:57:54,CLI-052,Pedro Castro,PROD-004,4,3.29,0.00,EFECTIVO
VTA-000830,2026-02-14,20:57:54,CLI-052,Pedro Castro,PROD-014,1,8.93,0.00,EFECTIVO
VTA-000830,2026-02-14,20:57:54,CLI-052,Pedro Castro,PROD-008,3,3.01,0.00,EFECTIVO
VTA-000831,2026-02-14,13:57:11,CLI-076,Víctor Díaz,PROD-007,3,3.29,0.00,EFECTIVO
VTA-000831,2026-02-14,13:57:11,CLI-076,Víctor Díaz,PROD-031,7,0.38,0.00,EFECTIVO
VTA-000832,2026-02-14,08:21:49,CLI-006,Carlos Mendoza,PROD-033,6,9.31,0.00,EFECTIVO
VTA-000833,2026-02-14,11:16:07,CLI-004,Luis Mendoza,PROD-019,5,8.37,0.00,YAPE
VTA-000833,2026-02-14,11:16:07,CLI-004,Luis Mendoza,PROD-010,2,3.76,0.73,YAPE
VTA-000834,2026-02-14,14:07:18,CLI-003,María Mendoza,PROD-019,4,8.37,0.00,PLIN
VTA-000834,2026-02-14,14:07:18,CLI-003,María Mendoza,PROD-007,5,3.29,2.44,PLIN
VTA-000834,2026-02-14,14:07:18,CLI-003,María Mendoza,PROD-003,5,10.25,0.00,PLIN
VTA-000835,2026-02-14,16:49:07,CLI-002,José Mendoza,PROD-001,1,4.89,0.00,EFECTIVO
VTA-000835,2026-02-14,16:49:07,CLI-002,José Mendoza,PROD-026,1,1.41,0.00,EFECTIVO
VTA-000835,2026-02-14,16:49:07,CLI-002,José Mendoza,PROD-027,2,2.35,0.00,EFECTIVO
VTA-000835,2026-02-14,16:49:07,CLI-002,José Mendoza,PROD-010,2,3.76,0.00,EFECTIVO
VTA-000836,2026-02-14,07:23:23,CLI-037,Claudia García,PROD-026,2,1.41,0.00,EFECTIVO
VTA-000836,2026-02-14,07:23:23,CLI-037,Claudia García,PROD-006,2,1.88,0.00,EFECTIVO
VTA-000837,2026-02-14,21:04:49,CLI-027,Ana García,PROD-026,2,1.41,0.00,EFECTIVO
VTA-000838,2026-02-14,20:11:25,CLI-050,Miguel Castro,PROD-031,8,0.38,0.00,TARJETA
VTA-000838,2026-02-14,20:11:25,CLI-050,Miguel Castro,PROD-023,1,7.05,0.00,TARJETA
VTA-000839,2026-02-14,19:47:49,CLI-068,Jorge Díaz,PROD-029,6,2.63,0.00,TARJETA
VTA-000839,2026-02-14,19:47:49,CLI-068,Jorge Díaz,PROD-011,2,4.23,0.00,TARJETA
VTA-000839,2026-02-14,19:47:49,CLI-068,Jorge Díaz,PROD-031,16,0.38,0.00,TARJETA
VTA-000840,2026-02-14,21:57:39,CLI-012,Pedro Mendoza,PROD-005,4,6.49,0.00,PLIN
VTA-000840,2026-02-14,21:57:39,CLI-012,Pedro Mendoza,PROD-026,2,1.41,0.00,PLIN
VTA-000841,2026-02-14,07:48:36,CLI-005,Carmen Mendoza,PROD-002,3,4.51,0.00,EFECTIVO
VTA-000841,2026-02-14,07:48:36,CLI-005,Carmen Mendoza,PROD-016,6,10.81,5.20,EFECTIVO
VTA-000842,2026-02-14,07:26:31,CLI-057,Claudia Castro,PROD-006,3,1.88,0.00,YAPE
VTA-000842,2026-02-14,07:26:31,CLI-057,Claudia Castro,PROD-002,5,4.51,0.00,YAPE
VTA-000842,2026-02-14,07:26:31,CLI-057,Claudia Castro,PROD-003,6,10.25,0.00,YAPE
VTA-000842,2026-02-14,07:26:31,CLI-057,Claudia Castro,PROD-011,6,4.23,0.00,YAPE
VTA-000843,2026-02-14,21:37:56,CLI-070,Miguel Díaz,PROD-016,2,10.81,0.00,YAPE
VTA-000843,2026-02-14,21:37:56,CLI-070,Miguel Díaz,PROD-007,4,3.29,0.00,YAPE
VTA-000844,2026-02-14,20:44:23,CLI-035,Milagros García,PROD-006,1,1.88,0.00,EFECTIVO
VTA-000844,2026-02-14,20:44:23,CLI-035,Milagros García,PROD-031,4,0.38,0.00,EFECTIVO
VTA-000845,2026-02-14,21:58:56,CLI-016,Víctor Mendoza,PROD-005,5,6.49,0.00,PLIN
VTA-000845,2026-02-14,21:58:56,CLI-016,Víctor Mendoza,PROD-013,3,2.07,0.00,PLIN
VTA-000846,2026-02-14,16:49:14,CLI-098,Renzo Rojas,PROD-006,2,1.88,0.00,YAPE
VTA-000846,2026-02-14,16:49:14,CLI-098,Renzo Rojas,PROD-004,6,3.29,0.00,YAPE
VTA-000846,2026-02-14,16:49:14,CLI-098,Renzo Rojas,PROD-031,9,0.38,0.00,YAPE
VTA-000847,2026-02-14,07:25:34,CLI-066,Carlos Díaz,PROD-010,3,3.76,0.00,TARJETA
VTA-000847,2026-02-14,07:25:34,CLI-066,Carlos Díaz,PROD-026,5,1.41,0.00,TARJETA
VTA-000848,2026-02-14,21:58:57,CLI-057,Claudia Castro,PROD-007,6,3.29,0.00,PLIN
VTA-000848,2026-02-14,21:58:57,CLI-057,Claudia Castro,PROD-018,4,3.95,0.00,PLIN
VTA-000848,2026-02-14,21:58:57,CLI-057,Claudia Castro,PROD-010,2,3.76,0.00,PLIN
VTA-000848,2026-02-14,21:58:57,CLI-057,Claudia Castro,PROD-009,6,5.55,0.00,PLIN
VTA-000849,2026-02-14,20:34:10,CLI-058,Renzo Castro,PROD-009,6,5.55,0.00,EFECTIVO
VTA-000849,2026-02-14,20:34:10,CLI-058,Renzo Castro,PROD-034,3,4.23,0.00,EFECTIVO
VTA-000849,2026-02-14,20:34:10,CLI-058,Renzo Castro,PROD-029,3,2.63,0.00,EFECTIVO
VTA-000849,2026-02-14,20:34:10,CLI-058,Renzo Castro,PROD-007,1,3.29,0.00,EFECTIVO
VTA-000850,2026-02-15,21:47:38,CLI-009,Lucía Mendoza,PROD-031,2,0.38,0.00,EFECTIVO
VTA-000850,2026-02-15,21:47:38,CLI-009,Lucía Mendoza,PROD-006,3,1.88,0.00,EFECTIVO
VTA-000850,2026-02-15,21:47:38,CLI-009,Lucía Mendoza,PROD-028,1,1.88,0.00,EFECTIVO
VTA-000851,2026-02-15,11:49:20,CLI-008,Jorge Mendoza,PROD-028,2,1.88,0.00,PLIN
VTA-000851,2026-02-15,11:49:20,CLI-008,Jorge Mendoza,PROD-006,6,1.88,0.00,PLIN
VTA-000851,2026-02-15,11:49:20,CLI-008,Jorge Mendoza,PROD-013,3,2.07,0.00,PLIN
VTA-000851,2026-02-15,11:49:20,CLI-008,Jorge Mendoza,PROD-031,7,0.38,0.00,PLIN
VTA-000852,2026-02-15,16:20:52,CLI-015,Milagros Mendoza,PROD-022,5,3.01,0.00,YAPE
VTA-000852,2026-02-15,16:20:52,CLI-015,Milagros Mendoza,PROD-018,4,3.95,0.00,YAPE
VTA-000853,2026-02-15,08:43:50,CLI-067,Ana Díaz,PROD-012,3,7.43,0.00,PLIN
VTA-000853,2026-02-15,08:43:50,CLI-067,Ana Díaz,PROD-001,1,4.89,0.00,PLIN
VTA-000854,2026-02-15,10:40:05,CLI-002,José Mendoza,PROD-012,6,7.43,0.00,PLIN
VTA-000854,2026-02-15,10:40:05,CLI-002,José Mendoza,PROD-011,3,4.23,0.00,PLIN
VTA-000854,2026-02-15,10:40:05,CLI-002,José Mendoza,PROD-027,1,2.35,0.00,PLIN
VTA-000854,2026-02-15,10:40:05,CLI-002,José Mendoza,PROD-031,16,0.38,0.00,PLIN
VTA-000855,2026-02-15,18:03:47,CLI-022,José García,PROD-009,6,5.55,0.00,PLIN
VTA-000856,2026-02-15,14:15:54,CLI-015,Milagros Mendoza,PROD-007,6,3.29,0.00,EFECTIVO
VTA-000856,2026-02-15,14:15:54,CLI-015,Milagros Mendoza,PROD-015,2,8.37,0.00,EFECTIVO
VTA-000856,2026-02-15,14:15:54,CLI-015,Milagros Mendoza,PROD-028,3,1.88,0.00,EFECTIVO
VTA-000857,2026-02-15,21:31:41,CLI-026,Carlos García,PROD-018,2,3.95,1.06,YAPE
VTA-000858,2026-02-15,09:29:51,CLI-047,Ana Castro,PROD-005,5,6.49,1.15,TARJETA
VTA-000858,2026-02-15,09:29:51,CLI-047,Ana Castro,PROD-029,6,2.63,0.00,TARJETA
VTA-000859,2026-02-15,09:13:47,CLI-004,Luis Mendoza,PROD-007,4,3.29,0.00,PLIN
VTA-000860,2026-02-15,12:35:10,CLI-008,Jorge Mendoza,PROD-004,6,3.29,0.00,EFECTIVO
VTA-000861,2026-02-15,21:44:08,CLI-019,Diana Mendoza,PROD-007,3,3.29,0.00,EFECTIVO
VTA-000861,2026-02-15,21:44:08,CLI-019,Diana Mendoza,PROD-009,1,5.55,0.00,EFECTIVO
VTA-000861,2026-02-15,21:44:08,CLI-019,Diana Mendoza,PROD-023,2,7.05,0.00,EFECTIVO
VTA-000862,2026-02-15,12:46:32,CLI-008,Jorge Mendoza,PROD-027,2,2.35,0.00,EFECTIVO
VTA-000863,2026-02-15,17:21:10,CLI-020,Marco Mendoza,PROD-027,5,2.35,0.00,TARJETA
VTA-000864,2026-02-15,10:57:43,CLI-066,Carlos Díaz,PROD-010,3,3.76,0.00,EFECTIVO
VTA-000864,2026-02-15,10:57:43,CLI-066,Carlos Díaz,PROD-018,3,3.95,0.00,EFECTIVO
VTA-000864,2026-02-15,10:57:43,CLI-066,Carlos Díaz,PROD-006,5,1.88,0.00,EFECTIVO
VTA-000864,2026-02-15,10:57:43,CLI-066,Carlos Díaz,PROD-013,4,2.07,0.00,EFECTIVO
VTA-000865,2026-02-15,16:25:37,CLI-045,Carmen Castro,PROD-011,4,4.23,0.00,EFECTIVO
VTA-000865,2026-02-15,16:25:37,CLI-045,Carmen Castro,PROD-002,1,4.51,0.00,EFECTIVO
VTA-000866,2026-02-15,20:07:02,CLI-006,Carlos Mendoza,PROD-011,4,4.23,0.00,TARJETA
VTA-000867,2026-02-15,21:18:36,CLI-025,Carmen García,PROD-031,7,0.38,0.00,YAPE
VTA-000867,2026-02-15,21:18:36,CLI-025,Carmen García,PROD-011,1,4.23,0.00,YAPE
VTA-000867,2026-02-15,21:18:36,CLI-025,Carmen García,PROD-001,6,4.89,3.48,YAPE
VTA-000868,2026-02-15,18:37:06,CLI-085,Carmen Rojas,PROD-027,5,2.35,0.00,EFECTIVO
VTA-000869,2026-02-15,12:52:47,CLI-044,Luis Castro,PROD-031,19,0.38,1.01,EFECTIVO
VTA-000870,2026-02-15,07:54:55,CLI-056,Víctor Castro,PROD-013,1,2.07,0.00,EFECTIVO
VTA-000870,2026-02-15,07:54:55,CLI-056,Víctor Castro,PROD-028,3,1.88,0.66,EFECTIVO
VTA-000870,2026-02-15,07:54:55,CLI-056,Víctor Castro,PROD-033,5,9.31,0.00,EFECTIVO
VTA-000871,2026-02-15,18:32:21,CLI-051,Elena Castro,PROD-029,2,2.63,0.00,YAPE
VTA-000872,2026-02-15,16:54:58,CLI-037,Claudia García,PROD-007,6,3.29,0.00,EFECTIVO
VTA-000872,2026-02-15,16:54:58,CLI-037,Claudia García,PROD-005,2,6.49,0.00,EFECTIVO
VTA-000872,2026-02-15,16:54:58,CLI-037,Claudia García,PROD-031,19,0.38,0.00,EFECTIVO
VTA-000872,2026-02-15,16:54:58,CLI-037,Claudia García,PROD-013,2,2.07,0.00,EFECTIVO
VTA-000872,2026-02-15,16:54:58,CLI-037,Claudia García,PROD-001,2,4.89,0.00,EFECTIVO
VTA-000873,2026-02-15,17:23:13,CLI-052,Pedro Castro,PROD-005,1,6.49,0.00,YAPE
VTA-000873,2026-02-15,17:23:13,CLI-052,Pedro Castro,PROD-006,2,1.88,0.00,YAPE
VTA-000873,2026-02-15,17:23:13,CLI-052,Pedro Castro,PROD-032,1,6.11,0.00,YAPE
VTA-000874,2026-02-15,20:15:00,CLI-004,Luis Mendoza,PROD-027,1,2.35,0.00,EFECTIVO
VTA-000874,2026-02-15,20:15:00,CLI-004,Luis Mendoza,PROD-012,6,7.43,4.12,EFECTIVO
VTA-000875,2026-02-16,12:54:07,CLI-050,Miguel Castro,PROD-026,3,1.41,0.00,EFECTIVO
VTA-000876,2026-02-16,14:27:12,CLI-044,Luis Castro,PROD-011,6,4.23,0.65,YAPE
VTA-000876,2026-02-16,14:27:12,CLI-044,Luis Castro,PROD-001,5,4.89,0.89,YAPE
VTA-000876,2026-02-16,14:27:12,CLI-044,Luis Castro,PROD-027,1,2.35,0.00,YAPE
VTA-000877,2026-02-16,21:51:08,CLI-011,Elena Mendoza,PROD-005,5,6.49,0.00,EFECTIVO
VTA-000877,2026-02-16,21:51:08,CLI-011,Elena Mendoza,PROD-016,5,10.81,0.00,EFECTIVO
VTA-000878,2026-02-16,16:48:28,CLI-090,Miguel Rojas,PROD-027,6,2.35,0.00,YAPE
VTA-000878,2026-02-16,16:48:28,CLI-090,Miguel Rojas,PROD-012,3,7.43,0.00,YAPE
VTA-000879,2026-02-16,20:24:52,CLI-028,Jorge García,PROD-031,7,0.38,0.00,EFECTIVO
VTA-000879,2026-02-16,20:24:52,CLI-028,Jorge García,PROD-006,2,1.88,0.00,EFECTIVO
VTA-000880,2026-02-16,11:02:31,CLI-060,Marco Castro,PROD-031,6,0.38,0.00,YAPE
VTA-000881,2026-02-16,08:28:10,CLI-009,Lucía Mendoza,PROD-007,1,3.29,0.00,YAPE
VTA-000881,2026-02-16,08:28:10,CLI-009,Lucía Mendoza,PROD-026,5,1.41,0.00,YAPE
VTA-000882,2026-02-16,19:48:59,CLI-054,Juan Castro,PROD-031,13,0.38,0.00,YAPE
VTA-000882,2026-02-16,19:48:59,CLI-054,Juan Castro,PROD-014,5,8.93,0.00,YAPE
VTA-000882,2026-02-16,19:48:59,CLI-054,Juan Castro,PROD-001,4,4.89,0.00,YAPE
VTA-000883,2026-02-16,19:06:13,CLI-023,María García,PROD-033,4,9.31,0.00,EFECTIVO
VTA-000883,2026-02-16,19:06:13,CLI-023,María García,PROD-002,5,4.51,0.00,EFECTIVO
VTA-000883,2026-02-16,19:06:13,CLI-023,María García,PROD-007,6,3.29,0.00,EFECTIVO
VTA-000884,2026-02-16,20:33:34,CLI-004,Luis Mendoza,PROD-011,2,4.23,0.00,YAPE
VTA-000884,2026-02-16,20:33:34,CLI-004,Luis Mendoza,PROD-022,2,3.01,0.56,YAPE
VTA-000884,2026-02-16,20:33:34,CLI-004,Luis Mendoza,PROD-006,2,1.88,0.00,YAPE
VTA-000885,2026-02-16,07:01:22,CLI-067,Ana Díaz,PROD-004,5,3.29,0.00,TARJETA
VTA-000885,2026-02-16,07:01:22,CLI-067,Ana Díaz,PROD-031,20,0.38,0.00,TARJETA
VTA-000885,2026-02-16,07:01:22,CLI-067,Ana Díaz,PROD-032,6,6.11,0.00,TARJETA
VTA-000886,2026-02-16,07:32:22,CLI-030,Miguel García,PROD-028,5,1.88,0.00,EFECTIVO
VTA-000887,2026-02-16,18:24:49,CLI-001,Rosa Mendoza,PROD-003,6,10.25,0.00,EFECTIVO
VTA-000888,2026-02-16,19:01:59,CLI-056,Víctor Castro,PROD-007,6,3.29,0.00,TARJETA
VTA-000889,2026-02-16,10:42:05,CLI-012,Pedro Mendoza,PROD-026,4,1.41,0.00,EFECTIVO
VTA-000889,2026-02-16,10:42:05,CLI-012,Pedro Mendoza,PROD-001,1,4.89,0.00,EFECTIVO
VTA-000890,2026-02-16,20:06:53,CLI-003,María Mendoza,PROD-015,4,8.37,0.00,YAPE
VTA-000891,2026-02-16,14:08:01,CLI-077,Claudia Díaz,PROD-026,4,1.41,0.18,EFECTIVO
VTA-000891,2026-02-16,14:08:01,CLI-077,Claudia Díaz,PROD-006,1,1.88,0.00,EFECTIVO
VTA-000891,2026-02-16,14:08:01,CLI-077,Claudia Díaz,PROD-004,1,3.29,0.00,EFECTIVO
VTA-000891,2026-02-16,14:08:01,CLI-077,Claudia Díaz,PROD-028,1,1.88,0.00,EFECTIVO
VTA-000892,2026-02-16,21:33:41,CLI-066,Carlos Díaz,PROD-027,2,2.35,0.00,PLIN
VTA-000892,2026-02-16,21:33:41,CLI-066,Carlos Díaz,PROD-031,18,0.38,0.00,PLIN
VTA-000892,2026-02-16,21:33:41,CLI-066,Carlos Díaz,PROD-004,2,3.29,0.00,PLIN
VTA-000893,2026-02-16,17:35:10,CLI-014,Juan Mendoza,PROD-003,6,10.25,0.00,EFECTIVO
VTA-000893,2026-02-16,17:35:10,CLI-014,Juan Mendoza,PROD-009,6,5.55,0.00,EFECTIVO
VTA-000894,2026-02-16,08:53:55,CLI-040,Marco García,PROD-010,4,3.76,0.00,EFECTIVO
VTA-000894,2026-02-16,08:53:55,CLI-040,Marco García,PROD-004,3,3.29,0.00,EFECTIVO
VTA-000894,2026-02-16,08:53:55,CLI-040,Marco García,PROD-007,6,3.29,0.00,EFECTIVO
VTA-000895,2026-02-17,10:57:58,CLI-063,María Díaz,PROD-004,5,3.29,0.00,TARJETA
VTA-000895,2026-02-17,10:57:58,CLI-063,María Díaz,PROD-029,6,2.63,0.00,TARJETA
VTA-000896,2026-02-17,07:19:09,CLI-039,Diana García,PROD-006,5,1.88,0.00,TARJETA
VTA-000897,2026-02-17,21:25:34,CLI-065,Carmen Díaz,PROD-004,3,3.29,0.00,EFECTIVO
VTA-000898,2026-02-17,11:10:13,CLI-003,María Mendoza,PROD-029,2,2.63,0.00,YAPE
VTA-000898,2026-02-17,11:10:13,CLI-003,María Mendoza,PROD-004,5,3.29,0.00,YAPE
VTA-000898,2026-02-17,11:10:13,CLI-003,María Mendoza,PROD-003,1,10.25,0.00,YAPE
VTA-000898,2026-02-17,11:10:13,CLI-003,María Mendoza,PROD-013,5,2.07,0.00,YAPE
VTA-000899,2026-02-17,17:55:24,CLI-020,Marco Mendoza,PROD-006,5,1.88,0.00,YAPE
VTA-000899,2026-02-17,17:55:24,CLI-020,Marco Mendoza,PROD-013,1,2.07,0.00,YAPE
VTA-000900,2026-02-17,16:47:48,CLI-052,Pedro Castro,PROD-010,6,3.76,0.00,EFECTIVO
VTA-000900,2026-02-17,16:47:48,CLI-052,Pedro Castro,PROD-013,2,2.07,0.00,EFECTIVO
VTA-000900,2026-02-17,16:47:48,CLI-052,Pedro Castro,PROD-026,3,1.41,0.00,EFECTIVO
VTA-000900,2026-02-17,16:47:48,CLI-052,Pedro Castro,PROD-006,1,1.88,0.00,EFECTIVO
VTA-000901,2026-02-17,18:14:00,CLI-060,Marco Castro,PROD-020,4,6.11,0.00,EFECTIVO
VTA-000901,2026-02-17,18:14:00,CLI-060,Marco Castro,PROD-033,6,9.31,0.00,EFECTIVO
VTA-000901,2026-02-17,18:14:00,CLI-060,Marco Castro,PROD-013,4,2.07,1.08,EFECTIVO
VTA-000902,2026-02-17,16:14:57,CLI-072,Pedro Díaz,PROD-010,2,3.76,0.00,YAPE
VTA-000902,2026-02-17,16:14:57,CLI-072,Pedro Díaz,PROD-001,6,4.89,0.00,YAPE
VTA-000902,2026-02-17,16:14:57,CLI-072,Pedro Díaz,PROD-026,1,1.41,0.00,YAPE
VTA-000903,2026-02-17,21:02:55,CLI-006,Carlos Mendoza,PROD-011,2,4.23,0.00,TARJETA
VTA-000904,2026-02-17,17:23:24,CLI-004,Luis Mendoza,PROD-027,6,2.35,0.00,EFECTIVO
VTA-000905,2026-02-17,10:58:41,CLI-025,Carmen García,PROD-013,6,2.07,0.00,EFECTIVO
VTA-000905,2026-02-17,10:58:41,CLI-025,Carmen García,PROD-032,6,6.11,0.00,EFECTIVO
VTA-000905,2026-02-17,10:58:41,CLI-025,Carmen García,PROD-026,4,1.41,0.00,EFECTIVO
VTA-000906,2026-02-17,10:04:51,CLI-012,Pedro Mendoza,PROD-004,6,3.29,0.00,YAPE
VTA-000906,2026-02-17,10:04:51,CLI-012,Pedro Mendoza,PROD-029,3,2.63,0.00,YAPE
VTA-000907,2026-02-17,17:01:21,CLI-006,Carlos Mendoza,PROD-002,6,4.51,0.00,EFECTIVO
VTA-000907,2026-02-17,17:01:21,CLI-006,Carlos Mendoza,PROD-019,2,8.37,0.00,EFECTIVO
VTA-000907,2026-02-17,17:01:21,CLI-006,Carlos Mendoza,PROD-027,3,2.35,0.00,EFECTIVO
VTA-000907,2026-02-17,17:01:21,CLI-006,Carlos Mendoza,PROD-001,3,4.89,0.00,EFECTIVO
VTA-000907,2026-02-17,17:01:21,CLI-006,Carlos Mendoza,PROD-004,6,3.29,0.00,EFECTIVO
VTA-000908,2026-02-17,10:21:29,CLI-012,Pedro Mendoza,PROD-020,4,6.11,0.00,EFECTIVO
VTA-000908,2026-02-17,10:21:29,CLI-012,Pedro Mendoza,PROD-028,6,1.88,0.00,EFECTIVO
VTA-000908,2026-02-17,10:21:29,CLI-012,Pedro Mendoza,PROD-003,2,10.25,0.00,EFECTIVO
VTA-000909,2026-02-17,19:13:16,CLI-045,Carmen Castro,PROD-004,1,3.29,0.00,YAPE
VTA-000909,2026-02-17,19:13:16,CLI-045,Carmen Castro,PROD-034,2,4.23,0.00,YAPE
VTA-000910,2026-02-17,15:03:32,CLI-083,María Rojas,PROD-031,10,0.38,0.00,EFECTIVO
VTA-000911,2026-02-17,09:09:21,CLI-067,Ana Díaz,PROD-031,16,0.38,0.00,TARJETA
VTA-000911,2026-02-17,09:09:21,CLI-067,Ana Díaz,PROD-013,3,2.07,0.00,TARJETA
VTA-000912,2026-02-18,17:21:28,CLI-008,Jorge Mendoza,PROD-027,3,2.35,0.00,EFECTIVO
VTA-000913,2026-02-18,11:54:50,CLI-052,Pedro Castro,PROD-001,4,4.89,0.00,EFECTIVO
VTA-000913,2026-02-18,11:54:50,CLI-052,Pedro Castro,PROD-013,3,2.07,0.00,EFECTIVO
VTA-000914,2026-02-18,07:24:18,CLI-011,Elena Mendoza,PROD-013,6,2.07,1.49,EFECTIVO
VTA-000914,2026-02-18,07:24:18,CLI-011,Elena Mendoza,PROD-010,6,3.76,0.00,EFECTIVO
VTA-000915,2026-02-18,12:36:19,CLI-050,Miguel Castro,PROD-009,1,5.55,0.00,EFECTIVO
VTA-000915,2026-02-18,12:36:19,CLI-050,Miguel Castro,PROD-028,6,1.88,0.00,EFECTIVO
VTA-000915,2026-02-18,12:36:19,CLI-050,Miguel Castro,PROD-029,6,2.63,0.00,EFECTIVO
VTA-000916,2026-02-18,17:42:42,CLI-005,Carmen Mendoza,PROD-006,3,1.88,0.00,YAPE
VTA-000917,2026-02-18,11:38:39,CLI-067,Ana Díaz,PROD-032,6,6.11,0.00,EFECTIVO
VTA-000918,2026-02-18,08:25:28,CLI-035,Milagros García,PROD-033,2,9.31,0.97,PLIN
VTA-000919,2026-02-18,17:41:45,CLI-002,José Mendoza,PROD-027,4,2.35,0.00,EFECTIVO
VTA-000920,2026-02-18,07:54:26,CLI-012,Pedro Mendoza,PROD-026,5,1.41,0.00,EFECTIVO
VTA-000920,2026-02-18,07:54:26,CLI-012,Pedro Mendoza,PROD-010,6,3.76,0.00,EFECTIVO
VTA-000920,2026-02-18,07:54:26,CLI-012,Pedro Mendoza,PROD-002,5,4.51,0.00,EFECTIVO
VTA-000921,2026-02-18,18:05:20,CLI-012,Pedro Mendoza,PROD-023,4,7.05,2.93,PLIN
VTA-000921,2026-02-18,18:05:20,CLI-012,Pedro Mendoza,PROD-026,1,1.41,0.00,PLIN
VTA-000921,2026-02-18,18:05:20,CLI-012,Pedro Mendoza,PROD-016,4,10.81,2.34,PLIN
VTA-000922,2026-02-18,21:17:24,CLI-064,Luis Díaz,PROD-015,1,8.37,0.91,YAPE
VTA-000923,2026-02-18,16:53:04,CLI-035,Milagros García,PROD-002,4,4.51,0.00,EFECTIVO
VTA-000923,2026-02-18,16:53:04,CLI-035,Milagros García,PROD-004,5,3.29,0.00,EFECTIVO
VTA-000924,2026-02-18,15:50:41,CLI-074,Juan Díaz,PROD-013,1,2.07,0.14,TARJETA
VTA-000925,2026-02-18,19:36:20,CLI-032,Pedro García,PROD-029,3,2.63,0.42,TARJETA
VTA-000926,2026-02-18,12:12:01,CLI-085,Carmen Rojas,PROD-008,3,3.01,0.00,TARJETA
VTA-000926,2026-02-18,12:12:01,CLI-085,Carmen Rojas,PROD-004,4,3.29,0.00,TARJETA
VTA-000927,2026-02-18,18:28:24,CLI-085,Carmen Rojas,PROD-004,1,3.29,0.00,EFECTIVO
VTA-000928,2026-02-18,09:44:26,CLI-001,Rosa Mendoza,PROD-003,3,10.25,0.00,EFECTIVO
VTA-000929,2026-02-18,12:00:01,CLI-091,Elena Rojas,PROD-018,5,3.95,0.00,TARJETA
VTA-000929,2026-02-18,12:00:01,CLI-091,Elena Rojas,PROD-020,6,6.11,0.00,TARJETA
VTA-000930,2026-02-18,16:03:14,CLI-006,Carlos Mendoza,PROD-019,3,8.37,0.00,EFECTIVO
VTA-000931,2026-02-19,13:20:57,CLI-021,Rosa García,PROD-010,1,3.76,0.00,EFECTIVO
VTA-000931,2026-02-19,13:20:57,CLI-021,Rosa García,PROD-007,6,3.29,0.00,EFECTIVO
VTA-000932,2026-02-19,08:11:25,CLI-007,Ana Mendoza,PROD-006,6,1.88,0.00,PLIN
VTA-000932,2026-02-19,08:11:25,CLI-007,Ana Mendoza,PROD-023,4,7.05,0.00,PLIN
VTA-000933,2026-02-19,09:30:08,CLI-061,Rosa Díaz,PROD-006,5,1.88,0.00,EFECTIVO
VTA-000934,2026-02-19,19:25:40,CLI-097,Claudia Rojas,PROD-008,5,3.01,0.00,PLIN
VTA-000935,2026-02-19,12:01:46,CLI-019,Diana Mendoza,PROD-031,20,0.38,0.00,PLIN
VTA-000935,2026-02-19,12:01:46,CLI-019,Diana Mendoza,PROD-008,6,3.01,0.00,PLIN
VTA-000936,2026-02-19,07:29:55,CLI-005,Carmen Mendoza,PROD-028,6,1.88,0.00,YAPE
VTA-000937,2026-02-19,09:07:22,CLI-070,Miguel Díaz,PROD-010,4,3.76,0.00,YAPE
VTA-000937,2026-02-19,09:07:22,CLI-070,Miguel Díaz,PROD-017,2,7.99,0.00,YAPE
VTA-000937,2026-02-19,09:07:22,CLI-070,Miguel Díaz,PROD-009,3,5.55,0.00,YAPE
VTA-000937,2026-02-19,09:07:22,CLI-070,Miguel Díaz,PROD-020,3,6.11,0.00,YAPE
VTA-000938,2026-02-19,16:56:06,CLI-014,Juan Mendoza,PROD-015,6,8.37,0.00,EFECTIVO
VTA-000939,2026-02-19,18:50:44,CLI-050,Miguel Castro,PROD-034,4,4.23,0.00,YAPE
VTA-000939,2026-02-19,18:50:44,CLI-050,Miguel Castro,PROD-007,5,3.29,0.00,YAPE
VTA-000940,2026-02-19,15:49:34,CLI-045,Carmen Castro,PROD-002,4,4.51,0.00,YAPE
VTA-000940,2026-02-19,15:49:34,CLI-045,Carmen Castro,PROD-009,4,5.55,0.00,YAPE
VTA-000940,2026-02-19,15:49:34,CLI-045,Carmen Castro,PROD-031,8,0.38,0.00,YAPE
VTA-000940,2026-02-19,15:49:34,CLI-045,Carmen Castro,PROD-010,6,3.76,0.00,YAPE
VTA-000940,2026-02-19,15:49:34,CLI-045,Carmen Castro,PROD-029,4,2.63,0.00,YAPE
VTA-000941,2026-02-19,15:57:23,CLI-068,Jorge Díaz,PROD-007,1,3.29,0.00,TARJETA
VTA-000941,2026-02-19,15:57:23,CLI-068,Jorge Díaz,PROD-006,1,1.88,0.00,TARJETA
VTA-000941,2026-02-19,15:57:23,CLI-068,Jorge Díaz,PROD-028,2,1.88,0.00,TARJETA
VTA-000941,2026-02-19,15:57:23,CLI-068,Jorge Díaz,PROD-020,1,6.11,0.00,TARJETA
VTA-000942,2026-02-19,15:26:03,CLI-049,Lucía Castro,PROD-006,1,1.88,0.00,EFECTIVO
VTA-000943,2026-02-19,10:00:45,CLI-004,Luis Mendoza,PROD-017,3,7.99,0.00,PLIN
VTA-000943,2026-02-19,10:00:45,CLI-004,Luis Mendoza,PROD-007,6,3.29,0.00,PLIN
VTA-000944,2026-02-19,11:22:41,CLI-003,María Mendoza,PROD-011,1,4.23,0.30,EFECTIVO
VTA-000945,2026-02-19,16:44:54,CLI-065,Carmen Díaz,PROD-022,6,3.01,0.00,EFECTIVO
VTA-000945,2026-02-19,16:44:54,CLI-065,Carmen Díaz,PROD-006,1,1.88,0.00,EFECTIVO
VTA-000945,2026-02-19,16:44:54,CLI-065,Carmen Díaz,PROD-027,6,2.35,0.00,EFECTIVO
VTA-000946,2026-02-19,20:56:26,CLI-025,Carmen García,PROD-004,6,3.29,0.00,EFECTIVO
VTA-000946,2026-02-19,20:56:26,CLI-025,Carmen García,PROD-009,4,5.55,0.00,EFECTIVO
VTA-000947,2026-02-19,19:38:38,CLI-039,Diana García,PROD-002,3,4.51,0.00,EFECTIVO
VTA-000947,2026-02-19,19:38:38,CLI-039,Diana García,PROD-026,6,1.41,0.00,EFECTIVO
VTA-000947,2026-02-19,19:38:38,CLI-039,Diana García,PROD-008,6,3.01,1.03,EFECTIVO
VTA-000947,2026-02-19,19:38:38,CLI-039,Diana García,PROD-019,2,8.37,0.00,EFECTIVO
VTA-000948,2026-02-19,20:15:46,CLI-022,José García,PROD-031,16,0.38,0.00,PLIN
VTA-000949,2026-02-19,16:45:45,CLI-007,Ana Mendoza,PROD-011,1,4.23,0.00,PLIN
VTA-000949,2026-02-19,16:45:45,CLI-007,Ana Mendoza,PROD-010,2,3.76,0.00,PLIN
VTA-000950,2026-02-20,19:55:39,CLI-006,Carlos Mendoza,PROD-019,6,8.37,0.00,EFECTIVO
VTA-000950,2026-02-20,19:55:39,CLI-006,Carlos Mendoza,PROD-011,6,4.23,0.00,EFECTIVO
VTA-000951,2026-02-20,07:48:49,CLI-008,Jorge Mendoza,PROD-001,1,4.89,0.00,YAPE
VTA-000951,2026-02-20,07:48:49,CLI-008,Jorge Mendoza,PROD-012,4,7.43,0.00,YAPE
VTA-000951,2026-02-20,07:48:49,CLI-008,Jorge Mendoza,PROD-004,5,3.29,0.00,YAPE
VTA-000952,2026-02-20,11:21:58,CLI-009,Lucía Mendoza,PROD-013,4,2.07,0.00,PLIN
VTA-000952,2026-02-20,11:21:58,CLI-009,Lucía Mendoza,PROD-029,4,2.63,0.00,PLIN
VTA-000952,2026-02-20,11:21:58,CLI-009,Lucía Mendoza,PROD-003,2,10.25,0.00,PLIN
VTA-000953,2026-02-20,17:13:52,CLI-016,Víctor Mendoza,PROD-004,1,3.29,0.00,YAPE
VTA-000953,2026-02-20,17:13:52,CLI-016,Víctor Mendoza,PROD-012,5,7.43,0.00,YAPE
VTA-000953,2026-02-20,17:13:52,CLI-016,Víctor Mendoza,PROD-026,1,1.41,0.00,YAPE
VTA-000953,2026-02-20,17:13:52,CLI-016,Víctor Mendoza,PROD-006,3,1.88,0.00,YAPE
VTA-000953,2026-02-20,17:13:52,CLI-016,Víctor Mendoza,PROD-017,2,7.99,0.00,YAPE
VTA-000954,2026-02-20,09:59:44,CLI-073,Patricia Díaz,PROD-005,4,6.49,0.00,EFECTIVO
VTA-000954,2026-02-20,09:59:44,CLI-073,Patricia Díaz,PROD-018,3,3.95,0.00,EFECTIVO
VTA-000955,2026-02-20,09:49:54,CLI-003,María Mendoza,PROD-006,1,1.88,0.00,YAPE
VTA-000955,2026-02-20,09:49:54,CLI-003,María Mendoza,PROD-010,5,3.76,0.00,YAPE
VTA-000956,2026-02-20,15:34:39,CLI-004,Luis Mendoza,PROD-001,3,4.89,0.00,EFECTIVO
VTA-000957,2026-02-20,12:09:55,CLI-004,Luis Mendoza,PROD-002,2,4.51,0.49,EFECTIVO
VTA-000958,2026-02-20,08:00:38,CLI-004,Luis Mendoza,PROD-011,3,4.23,0.00,EFECTIVO
VTA-000958,2026-02-20,08:00:38,CLI-004,Luis Mendoza,PROD-026,4,1.41,0.00,EFECTIVO
VTA-000958,2026-02-20,08:00:38,CLI-004,Luis Mendoza,PROD-006,2,1.88,0.00,EFECTIVO
VTA-000959,2026-02-20,17:14:03,CLI-020,Marco Mendoza,PROD-006,6,1.88,0.00,TARJETA
VTA-000960,2026-02-20,14:01:08,CLI-051,Elena Castro,PROD-019,1,8.37,0.00,TARJETA
VTA-000960,2026-02-20,14:01:08,CLI-051,Elena Castro,PROD-002,4,4.51,2.39,TARJETA
VTA-000960,2026-02-20,14:01:08,CLI-051,Elena Castro,PROD-027,6,2.35,0.00,TARJETA
VTA-000960,2026-02-20,14:01:08,CLI-051,Elena Castro,PROD-009,1,5.55,0.00,TARJETA
VTA-000961,2026-02-20,10:38:45,CLI-010,Miguel Mendoza,PROD-023,6,7.05,0.00,EFECTIVO
VTA-000961,2026-02-20,10:38:45,CLI-010,Miguel Mendoza,PROD-011,6,4.23,0.00,EFECTIVO
VTA-000962,2026-02-20,09:34:35,CLI-022,José García,PROD-007,5,3.29,0.00,EFECTIVO
VTA-000962,2026-02-20,09:34:35,CLI-022,José García,PROD-008,1,3.01,0.00,EFECTIVO
VTA-000962,2026-02-20,09:34:35,CLI-022,José García,PROD-028,6,1.88,0.00,EFECTIVO
VTA-000963,2026-02-20,12:05:00,CLI-011,Elena Mendoza,PROD-013,3,2.07,0.56,EFECTIVO
VTA-000963,2026-02-20,12:05:00,CLI-011,Elena Mendoza,PROD-031,17,0.38,0.00,EFECTIVO
VTA-000964,2026-02-20,13:27:09,CLI-032,Pedro García,PROD-007,6,3.29,0.00,PLIN
VTA-000965,2026-02-20,18:24:34,CLI-003,María Mendoza,PROD-003,5,10.25,0.00,YAPE
VTA-000965,2026-02-20,18:24:34,CLI-003,María Mendoza,PROD-020,4,6.11,0.00,YAPE
VTA-000966,2026-02-20,08:06:28,CLI-095,Milagros Rojas,PROD-004,1,3.29,0.00,EFECTIVO
VTA-000967,2026-02-20,07:37:42,CLI-053,Patricia Castro,PROD-011,1,4.23,0.00,EFECTIVO
VTA-000967,2026-02-20,07:37:42,CLI-053,Patricia Castro,PROD-010,1,3.76,0.38,EFECTIVO
VTA-000968,2026-02-20,10:38:05,CLI-016,Víctor Mendoza,PROD-008,3,3.01,0.36,EFECTIVO
VTA-000968,2026-02-20,10:38:05,CLI-016,Víctor Mendoza,PROD-007,1,3.29,0.00,EFECTIVO
VTA-000968,2026-02-20,10:38:05,CLI-016,Víctor Mendoza,PROD-003,2,10.25,0.00,EFECTIVO
VTA-000969,2026-02-20,21:31:32,CLI-032,Pedro García,PROD-014,1,8.93,0.00,TARJETA
VTA-000969,2026-02-20,21:31:32,CLI-032,Pedro García,PROD-006,5,1.88,0.00,TARJETA
VTA-000970,2026-02-20,13:42:21,CLI-040,Marco García,PROD-008,6,3.01,0.00,EFECTIVO
VTA-000971,2026-02-20,19:19:05,CLI-044,Luis Castro,PROD-014,6,8.93,3.08,PLIN
VTA-000971,2026-02-20,19:19:05,CLI-044,Luis Castro,PROD-010,5,3.76,0.00,PLIN
VTA-000972,2026-02-20,11:49:41,CLI-009,Lucía Mendoza,PROD-007,6,3.29,2.36,EFECTIVO
VTA-000972,2026-02-20,11:49:41,CLI-009,Lucía Mendoza,PROD-034,5,4.23,0.00,EFECTIVO
VTA-000972,2026-02-20,11:49:41,CLI-009,Lucía Mendoza,PROD-002,4,4.51,0.00,EFECTIVO
VTA-000973,2026-02-20,20:33:50,CLI-003,María Mendoza,PROD-007,1,3.29,0.00,TARJETA
VTA-000973,2026-02-20,20:33:50,CLI-003,María Mendoza,PROD-010,5,3.76,0.00,TARJETA
VTA-000973,2026-02-20,20:33:50,CLI-003,María Mendoza,PROD-019,5,8.37,0.00,TARJETA
VTA-000973,2026-02-20,20:33:50,CLI-003,María Mendoza,PROD-027,6,2.35,1.24,TARJETA
VTA-000973,2026-02-20,20:33:50,CLI-003,María Mendoza,PROD-026,5,1.41,0.00,TARJETA
VTA-000974,2026-02-21,19:09:26,CLI-069,Lucía Díaz,PROD-006,3,1.88,0.00,PLIN
VTA-000974,2026-02-21,19:09:26,CLI-069,Lucía Díaz,PROD-001,1,4.89,0.00,PLIN
VTA-000975,2026-02-21,09:38:51,CLI-051,Elena Castro,PROD-020,1,6.11,0.00,EFECTIVO
VTA-000975,2026-02-21,09:38:51,CLI-051,Elena Castro,PROD-007,5,3.29,0.00,EFECTIVO
VTA-000976,2026-02-21,13:10:47,CLI-082,José Rojas,PROD-018,4,3.95,0.00,EFECTIVO
VTA-000976,2026-02-21,13:10:47,CLI-082,José Rojas,PROD-010,6,3.76,0.00,EFECTIVO
VTA-000976,2026-02-21,13:10:47,CLI-082,José Rojas,PROD-014,1,8.93,0.00,EFECTIVO
VTA-000976,2026-02-21,13:10:47,CLI-082,José Rojas,PROD-026,3,1.41,0.00,EFECTIVO
VTA-000977,2026-02-21,16:53:07,CLI-059,Diana Castro,PROD-007,5,3.29,0.00,EFECTIVO
VTA-000977,2026-02-21,16:53:07,CLI-059,Diana Castro,PROD-015,1,8.37,0.00,EFECTIVO
VTA-000977,2026-02-21,16:53:07,CLI-059,Diana Castro,PROD-009,5,5.55,0.00,EFECTIVO
VTA-000978,2026-02-21,10:52:04,CLI-061,Rosa Díaz,PROD-031,14,0.38,0.00,EFECTIVO
VTA-000978,2026-02-21,10:52:04,CLI-061,Rosa Díaz,PROD-032,4,6.11,0.00,EFECTIVO
VTA-000978,2026-02-21,10:52:04,CLI-061,Rosa Díaz,PROD-028,2,1.88,0.00,EFECTIVO
VTA-000978,2026-02-21,10:52:04,CLI-061,Rosa Díaz,PROD-029,5,2.63,0.00,EFECTIVO
VTA-000979,2026-02-21,07:30:12,CLI-012,Pedro Mendoza,PROD-011,1,4.23,0.00,YAPE
VTA-000979,2026-02-21,07:30:12,CLI-012,Pedro Mendoza,PROD-008,5,3.01,0.00,YAPE
VTA-000979,2026-02-21,07:30:12,CLI-012,Pedro Mendoza,PROD-010,2,3.76,0.00,YAPE
VTA-000979,2026-02-21,07:30:12,CLI-012,Pedro Mendoza,PROD-026,2,1.41,0.00,YAPE
VTA-000980,2026-02-21,10:49:45,CLI-013,Patricia Mendoza,PROD-011,4,4.23,0.00,YAPE
VTA-000981,2026-02-21,16:26:09,CLI-039,Diana García,PROD-020,5,6.11,0.00,PLIN
VTA-000982,2026-02-21,15:16:43,CLI-009,Lucía Mendoza,PROD-031,16,0.38,0.00,EFECTIVO
VTA-000983,2026-02-21,17:00:13,CLI-022,José García,PROD-009,3,5.55,0.00,EFECTIVO
VTA-000984,2026-02-21,16:48:04,CLI-005,Carmen Mendoza,PROD-015,6,8.37,0.00,EFECTIVO
VTA-000985,2026-02-21,11:34:34,CLI-009,Lucía Mendoza,PROD-029,5,2.63,0.00,EFECTIVO
VTA-000986,2026-02-21,21:30:36,CLI-048,Jorge Castro,PROD-007,5,3.29,0.00,EFECTIVO
VTA-000986,2026-02-21,21:30:36,CLI-048,Jorge Castro,PROD-027,1,2.35,0.00,EFECTIVO
VTA-000986,2026-02-21,21:30:36,CLI-048,Jorge Castro,PROD-006,5,1.88,0.00,EFECTIVO
VTA-000986,2026-02-21,21:30:36,CLI-048,Jorge Castro,PROD-001,2,4.89,0.00,EFECTIVO
VTA-000987,2026-02-21,19:56:08,CLI-014,Juan Mendoza,PROD-018,6,3.95,0.00,PLIN
VTA-000987,2026-02-21,19:56:08,CLI-014,Juan Mendoza,PROD-017,6,7.99,0.00,PLIN
VTA-000987,2026-02-21,19:56:08,CLI-014,Juan Mendoza,PROD-006,6,1.88,0.00,PLIN
VTA-000988,2026-02-21,08:37:17,CLI-021,Rosa García,PROD-031,19,0.38,0.00,EFECTIVO
VTA-000988,2026-02-21,08:37:17,CLI-021,Rosa García,PROD-007,5,3.29,0.00,EFECTIVO
VTA-000989,2026-02-21,18:41:27,CLI-019,Diana Mendoza,PROD-010,1,3.76,0.00,PLIN
VTA-000990,2026-02-21,14:57:05,CLI-039,Diana García,PROD-011,5,4.23,0.00,EFECTIVO
VTA-000991,2026-02-21,19:54:27,CLI-066,Carlos Díaz,PROD-010,4,3.76,0.00,YAPE
VTA-000992,2026-02-21,08:50:38,CLI-005,Carmen Mendoza,PROD-002,6,4.51,0.00,EFECTIVO
VTA-000992,2026-02-21,08:50:38,CLI-005,Carmen Mendoza,PROD-006,5,1.88,0.00,EFECTIVO
VTA-000993,2026-02-21,19:42:06,CLI-027,Ana García,PROD-032,5,6.11,0.00,YAPE
VTA-000994,2026-02-21,13:46:32,CLI-007,Ana Mendoza,PROD-020,1,6.11,0.00,EFECTIVO
VTA-000994,2026-02-21,13:46:32,CLI-007,Ana Mendoza,PROD-002,2,4.51,0.00,EFECTIVO
VTA-000995,2026-02-21,17:29:51,CLI-081,Rosa Rojas,PROD-027,3,2.35,0.00,TARJETA
VTA-000995,2026-02-21,17:29:51,CLI-081,Rosa Rojas,PROD-006,5,1.88,0.00,TARJETA
VTA-000996,2026-02-21,07:27:54,CLI-034,Juan García,PROD-019,6,8.37,0.00,EFECTIVO
VTA-000996,2026-02-21,07:27:54,CLI-034,Juan García,PROD-004,4,3.29,0.00,EFECTIVO
VTA-000997,2026-02-21,12:45:38,CLI-044,Luis Castro,PROD-001,1,4.89,0.00,EFECTIVO
VTA-000998,2026-02-21,10:12:59,CLI-043,María Castro,PROD-023,5,7.05,0.00,EFECTIVO
VTA-000999,2026-02-21,09:47:33,CLI-075,Milagros Díaz,PROD-026,2,1.41,0.00,EFECTIVO
VTA-001000,2026-02-22,15:21:21,CLI-040,Marco García,PROD-006,1,1.88,0.15,EFECTIVO
VTA-001000,2026-02-22,15:21:21,CLI-040,Marco García,PROD-011,3,4.23,0.00,EFECTIVO
VTA-001000,2026-02-22,15:21:21,CLI-040,Marco García,PROD-028,5,1.88,0.00,EFECTIVO
VTA-001001,2026-02-22,07:55:36,CLI-061,Rosa Díaz,PROD-014,2,8.93,0.00,YAPE
VTA-001001,2026-02-22,07:55:36,CLI-061,Rosa Díaz,PROD-002,1,4.51,0.00,YAPE
VTA-001002,2026-02-22,21:40:44,CLI-068,Jorge Díaz,PROD-014,1,8.93,0.00,YAPE
VTA-001003,2026-02-22,09:53:13,CLI-021,Rosa García,PROD-006,2,1.88,0.00,YAPE
VTA-001003,2026-02-22,09:53:13,CLI-021,Rosa García,PROD-017,3,7.99,0.00,YAPE
VTA-001003,2026-02-22,09:53:13,CLI-021,Rosa García,PROD-027,1,2.35,0.00,YAPE
VTA-001004,2026-02-22,09:02:47,CLI-067,Ana Díaz,PROD-013,5,2.07,0.00,YAPE
VTA-001005,2026-02-22,20:48:21,CLI-034,Juan García,PROD-031,12,0.38,0.00,YAPE
VTA-001005,2026-02-22,20:48:21,CLI-034,Juan García,PROD-013,1,2.07,0.00,YAPE
VTA-001006,2026-02-22,21:55:58,CLI-095,Milagros Rojas,PROD-011,2,4.23,0.00,TARJETA
VTA-001006,2026-02-22,21:55:58,CLI-095,Milagros Rojas,PROD-026,3,1.41,0.51,TARJETA
VTA-001007,2026-02-22,19:45:36,CLI-056,Víctor Castro,PROD-004,4,3.29,0.00,EFECTIVO
VTA-001008,2026-02-22,12:24:08,CLI-014,Juan Mendoza,PROD-034,3,4.23,0.00,YAPE
VTA-001008,2026-02-22,12:24:08,CLI-014,Juan Mendoza,PROD-011,4,4.23,0.00,YAPE
VTA-001008,2026-02-22,12:24:08,CLI-014,Juan Mendoza,PROD-002,3,4.51,0.00,YAPE
VTA-001009,2026-02-22,07:28:22,CLI-019,Diana Mendoza,PROD-019,3,8.37,0.00,YAPE
VTA-001010,2026-02-22,16:10:55,CLI-034,Juan García,PROD-010,3,3.76,0.00,TARJETA
VTA-001010,2026-02-22,16:10:55,CLI-034,Juan García,PROD-008,1,3.01,0.00,TARJETA
VTA-001010,2026-02-22,16:10:55,CLI-034,Juan García,PROD-028,5,1.88,0.87,TARJETA
VTA-001011,2026-02-22,20:04:21,CLI-009,Lucía Mendoza,PROD-006,1,1.88,0.00,YAPE
VTA-001011,2026-02-22,20:04:21,CLI-009,Lucía Mendoza,PROD-027,3,2.35,0.00,YAPE
VTA-001011,2026-02-22,20:04:21,CLI-009,Lucía Mendoza,PROD-008,6,3.01,0.00,YAPE
VTA-001011,2026-02-22,20:04:21,CLI-009,Lucía Mendoza,PROD-010,5,3.76,0.00,YAPE
VTA-001012,2026-02-22,16:34:49,CLI-097,Claudia Rojas,PROD-023,4,7.05,0.00,PLIN
VTA-001013,2026-02-22,07:12:05,CLI-050,Miguel Castro,PROD-001,2,4.89,0.00,TARJETA
VTA-001014,2026-02-22,11:57:33,CLI-037,Claudia García,PROD-006,2,1.88,0.00,YAPE
VTA-001015,2026-02-22,17:15:11,CLI-002,José Mendoza,PROD-004,6,3.29,0.00,TARJETA
VTA-001015,2026-02-22,17:15:11,CLI-002,José Mendoza,PROD-017,6,7.99,0.00,TARJETA
VTA-001015,2026-02-22,17:15:11,CLI-002,José Mendoza,PROD-028,4,1.88,0.00,TARJETA
VTA-001015,2026-02-22,17:15:11,CLI-002,José Mendoza,PROD-007,6,3.29,0.00,TARJETA
VTA-001015,2026-02-22,17:15:11,CLI-002,José Mendoza,PROD-026,6,1.41,0.00,TARJETA
VTA-001016,2026-02-22,12:49:12,CLI-020,Marco Mendoza,PROD-026,5,1.41,0.00,EFECTIVO
VTA-001016,2026-02-22,12:49:12,CLI-020,Marco Mendoza,PROD-013,3,2.07,0.00,EFECTIVO
VTA-001017,2026-02-22,10:14:25,CLI-008,Jorge Mendoza,PROD-011,6,4.23,0.00,EFECTIVO
VTA-001017,2026-02-22,10:14:25,CLI-008,Jorge Mendoza,PROD-004,3,3.29,0.00,EFECTIVO
VTA-001017,2026-02-22,10:14:25,CLI-008,Jorge Mendoza,PROD-034,3,4.23,0.00,EFECTIVO
VTA-001018,2026-02-22,20:47:52,CLI-047,Ana Castro,PROD-026,1,1.41,0.00,PLIN
VTA-001018,2026-02-22,20:47:52,CLI-047,Ana Castro,PROD-006,2,1.88,0.00,PLIN
VTA-001018,2026-02-22,20:47:52,CLI-047,Ana Castro,PROD-008,4,3.01,0.00,PLIN
VTA-001019,2026-02-22,19:55:10,CLI-060,Marco Castro,PROD-012,3,7.43,0.00,YAPE
VTA-001019,2026-02-22,19:55:10,CLI-060,Marco Castro,PROD-026,2,1.41,0.00,YAPE
VTA-001020,2026-02-22,18:09:40,CLI-068,Jorge Díaz,PROD-034,4,4.23,0.00,YAPE
VTA-001020,2026-02-22,18:09:40,CLI-068,Jorge Díaz,PROD-001,4,4.89,0.00,YAPE
VTA-001021,2026-02-22,10:46:10,CLI-010,Miguel Mendoza,PROD-007,5,3.29,0.00,EFECTIVO
VTA-001022,2026-02-22,14:59:19,CLI-087,Ana Rojas,PROD-013,4,2.07,0.00,EFECTIVO
VTA-001022,2026-02-22,14:59:19,CLI-087,Ana Rojas,PROD-028,6,1.88,0.00,EFECTIVO
VTA-001022,2026-02-22,14:59:19,CLI-087,Ana Rojas,PROD-017,4,7.99,0.00,EFECTIVO
VTA-001022,2026-02-22,14:59:19,CLI-087,Ana Rojas,PROD-011,4,4.23,0.00,EFECTIVO
VTA-001023,2026-02-22,11:44:51,CLI-043,María Castro,PROD-001,6,4.89,1.12,EFECTIVO
VTA-001023,2026-02-22,11:44:51,CLI-043,María Castro,PROD-027,5,2.35,0.00,EFECTIVO
VTA-001023,2026-02-22,11:44:51,CLI-043,María Castro,PROD-005,4,6.49,0.00,EFECTIVO
VTA-001024,2026-02-22,11:01:48,CLI-012,Pedro Mendoza,PROD-008,6,3.01,0.00,EFECTIVO
VTA-001024,2026-02-22,11:01:48,CLI-012,Pedro Mendoza,PROD-001,2,4.89,0.00,EFECTIVO
VTA-001024,2026-02-22,11:01:48,CLI-012,Pedro Mendoza,PROD-006,2,1.88,0.00,EFECTIVO
VTA-001025,2026-02-22,12:19:46,CLI-032,Pedro García,PROD-006,3,1.88,0.00,EFECTIVO
VTA-001026,2026-02-22,10:46:03,CLI-014,Juan Mendoza,PROD-004,6,3.29,0.00,EFECTIVO
VTA-001026,2026-02-22,10:46:03,CLI-014,Juan Mendoza,PROD-001,6,4.89,0.00,EFECTIVO
VTA-001026,2026-02-22,10:46:03,CLI-014,Juan Mendoza,PROD-029,5,2.63,0.00,EFECTIVO
VTA-001027,2026-02-22,10:01:43,CLI-058,Renzo Castro,PROD-023,2,7.05,0.00,TARJETA
VTA-001027,2026-02-22,10:01:43,CLI-058,Renzo Castro,PROD-003,2,10.25,0.00,TARJETA
VTA-001027,2026-02-22,10:01:43,CLI-058,Renzo Castro,PROD-011,2,4.23,1.01,TARJETA
VTA-001028,2026-02-22,16:00:19,CLI-054,Juan Castro,PROD-031,16,0.38,0.00,EFECTIVO
VTA-001029,2026-02-22,17:30:55,CLI-036,Víctor García,PROD-006,3,1.88,0.00,YAPE
VTA-001030,2026-02-23,13:59:05,CLI-050,Miguel Castro,PROD-003,2,10.25,0.00,YAPE
VTA-001030,2026-02-23,13:59:05,CLI-050,Miguel Castro,PROD-034,5,4.23,0.00,YAPE
VTA-001030,2026-02-23,13:59:05,CLI-050,Miguel Castro,PROD-011,6,4.23,0.00,YAPE
VTA-001031,2026-02-23,12:52:51,CLI-003,María Mendoza,PROD-009,3,5.55,0.00,TARJETA
VTA-001031,2026-02-23,12:52:51,CLI-003,María Mendoza,PROD-002,5,4.51,0.00,TARJETA
VTA-001031,2026-02-23,12:52:51,CLI-003,María Mendoza,PROD-008,3,3.01,0.63,TARJETA
VTA-001031,2026-02-23,12:52:51,CLI-003,María Mendoza,PROD-028,2,1.88,0.00,TARJETA
VTA-001032,2026-02-23,09:18:53,CLI-033,Patricia García,PROD-006,6,1.88,0.00,PLIN
VTA-001032,2026-02-23,09:18:53,CLI-033,Patricia García,PROD-031,11,0.38,0.00,PLIN
VTA-001033,2026-02-23,13:55:12,CLI-069,Lucía Díaz,PROD-018,5,3.95,2.22,YAPE
VTA-001033,2026-02-23,13:55:12,CLI-069,Lucía Díaz,PROD-004,2,3.29,0.00,YAPE
VTA-001034,2026-02-23,08:04:37,CLI-004,Luis Mendoza,PROD-006,3,1.88,0.00,PLIN
VTA-001034,2026-02-23,08:04:37,CLI-004,Luis Mendoza,PROD-031,15,0.38,0.00,PLIN
VTA-001035,2026-02-23,19:49:37,CLI-021,Rosa García,PROD-001,4,4.89,0.00,YAPE
VTA-001036,2026-02-23,11:56:41,CLI-094,Juan Rojas,PROD-008,3,3.01,0.00,EFECTIVO
VTA-001036,2026-02-23,11:56:41,CLI-094,Juan Rojas,PROD-006,4,1.88,0.35,EFECTIVO
VTA-001037,2026-02-23,14:42:24,CLI-025,Carmen García,PROD-027,1,2.35,0.16,EFECTIVO
VTA-001038,2026-02-23,17:15:28,CLI-061,Rosa Díaz,PROD-011,5,4.23,0.00,TARJETA
VTA-001038,2026-02-23,17:15:28,CLI-061,Rosa Díaz,PROD-006,4,1.88,0.00,TARJETA
VTA-001038,2026-02-23,17:15:28,CLI-061,Rosa Díaz,PROD-032,4,6.11,0.00,TARJETA
VTA-001039,2026-02-23,12:36:33,CLI-028,Jorge García,PROD-008,3,3.01,0.00,YAPE
VTA-001040,2026-02-23,12:41:21,CLI-069,Lucía Díaz,PROD-006,3,1.88,0.00,YAPE
VTA-001041,2026-02-23,21:13:41,CLI-009,Lucía Mendoza,PROD-003,1,10.25,0.00,PLIN
VTA-001041,2026-02-23,21:13:41,CLI-009,Lucía Mendoza,PROD-010,4,3.76,0.00,PLIN
VTA-001041,2026-02-23,21:13:41,CLI-009,Lucía Mendoza,PROD-027,5,2.35,0.00,PLIN
VTA-001041,2026-02-23,21:13:41,CLI-009,Lucía Mendoza,PROD-029,4,2.63,0.00,PLIN
VTA-001042,2026-02-23,11:31:44,CLI-048,Jorge Castro,PROD-018,3,3.95,0.00,EFECTIVO
VTA-001042,2026-02-23,11:31:44,CLI-048,Jorge Castro,PROD-010,4,3.76,0.00,EFECTIVO
VTA-001043,2026-02-23,17:30:44,CLI-066,Carlos Díaz,PROD-006,5,1.88,0.00,PLIN
VTA-001043,2026-02-23,17:30:44,CLI-066,Carlos Díaz,PROD-027,2,2.35,0.00,PLIN
VTA-001044,2026-02-24,19:48:13,CLI-056,Víctor Castro,PROD-001,4,4.89,0.00,YAPE
VTA-001045,2026-02-24,20:31:31,CLI-050,Miguel Castro,PROD-010,6,3.76,0.00,YAPE
VTA-001046,2026-02-24,12:30:55,CLI-038,Renzo García,PROD-002,5,4.51,0.00,TARJETA
VTA-001047,2026-02-24,12:54:44,CLI-057,Claudia Castro,PROD-005,4,6.49,0.00,YAPE
VTA-001048,2026-02-24,21:39:34,CLI-040,Marco García,PROD-005,6,6.49,0.00,EFECTIVO
VTA-001049,2026-02-24,07:58:17,CLI-002,José Mendoza,PROD-026,1,1.41,0.00,EFECTIVO
VTA-001049,2026-02-24,07:58:17,CLI-002,José Mendoza,PROD-034,2,4.23,0.00,EFECTIVO
VTA-001049,2026-02-24,07:58:17,CLI-002,José Mendoza,PROD-001,5,4.89,0.00,EFECTIVO
VTA-001050,2026-02-24,10:51:31,CLI-014,Juan Mendoza,PROD-031,11,0.38,0.00,YAPE
VTA-001051,2026-02-24,17:53:00,CLI-087,Ana Rojas,PROD-031,19,0.38,0.00,EFECTIVO
VTA-001051,2026-02-24,17:53:00,CLI-087,Ana Rojas,PROD-007,6,3.29,0.00,EFECTIVO
VTA-001052,2026-02-24,21:47:32,CLI-095,Milagros Rojas,PROD-003,5,10.25,0.00,PLIN
VTA-001052,2026-02-24,21:47:32,CLI-095,Milagros Rojas,PROD-029,1,2.63,0.00,PLIN
VTA-001053,2026-02-24,18:10:57,CLI-057,Claudia Castro,PROD-031,19,0.38,0.00,EFECTIVO
VTA-001054,2026-02-24,09:04:32,CLI-017,Claudia Mendoza,PROD-006,3,1.88,0.00,YAPE
VTA-001054,2026-02-24,09:04:32,CLI-017,Claudia Mendoza,PROD-020,4,6.11,0.00,YAPE
VTA-001054,2026-02-24,09:04:32,CLI-017,Claudia Mendoza,PROD-003,3,10.25,0.00,YAPE
VTA-001055,2026-02-24,16:12:51,CLI-038,Renzo García,PROD-033,3,9.31,0.00,EFECTIVO
VTA-001055,2026-02-24,16:12:51,CLI-038,Renzo García,PROD-010,1,3.76,0.00,EFECTIVO
VTA-001056,2026-02-24,16:08:32,CLI-027,Ana García,PROD-029,4,2.63,0.00,YAPE
VTA-001056,2026-02-24,16:08:32,CLI-027,Ana García,PROD-002,2,4.51,0.00,YAPE
VTA-001056,2026-02-24,16:08:32,CLI-027,Ana García,PROD-031,10,0.38,0.00,YAPE
VTA-001056,2026-02-24,16:08:32,CLI-027,Ana García,PROD-010,2,3.76,0.00,YAPE
VTA-001057,2026-02-24,08:15:55,CLI-018,Renzo Mendoza,PROD-014,1,8.93,0.00,EFECTIVO
VTA-001057,2026-02-24,08:15:55,CLI-018,Renzo Mendoza,PROD-013,3,2.07,0.00,EFECTIVO
VTA-001058,2026-02-24,13:28:05,CLI-005,Carmen Mendoza,PROD-011,5,4.23,0.00,TARJETA
VTA-001058,2026-02-24,13:28:05,CLI-005,Carmen Mendoza,PROD-031,20,0.38,0.00,TARJETA
VTA-001059,2026-02-24,07:58:02,CLI-064,Luis Díaz,PROD-008,1,3.01,0.00,PLIN
VTA-001060,2026-02-24,20:48:09,CLI-025,Carmen García,PROD-008,4,3.01,0.00,EFECTIVO
VTA-001060,2026-02-24,20:48:09,CLI-025,Carmen García,PROD-004,5,3.29,0.00,EFECTIVO
VTA-001060,2026-02-24,20:48:09,CLI-025,Carmen García,PROD-017,6,7.99,0.00,EFECTIVO
VTA-001060,2026-02-24,20:48:09,CLI-025,Carmen García,PROD-005,5,6.49,0.00,EFECTIVO
VTA-001061,2026-02-25,12:18:28,CLI-009,Lucía Mendoza,PROD-019,6,8.37,0.00,PLIN
VTA-001062,2026-02-25,20:49:32,CLI-011,Elena Mendoza,PROD-032,5,6.11,0.86,EFECTIVO
VTA-001063,2026-02-25,20:27:31,CLI-009,Lucía Mendoza,PROD-007,1,3.29,0.07,PLIN
VTA-001063,2026-02-25,20:27:31,CLI-009,Lucía Mendoza,PROD-008,2,3.01,0.00,PLIN
VTA-001063,2026-02-25,20:27:31,CLI-009,Lucía Mendoza,PROD-027,2,2.35,0.00,PLIN
VTA-001064,2026-02-25,07:22:02,CLI-098,Renzo Rojas,PROD-023,5,7.05,0.00,YAPE
VTA-001064,2026-02-25,07:22:02,CLI-098,Renzo Rojas,PROD-016,3,10.81,0.00,YAPE
VTA-001065,2026-02-25,09:12:33,CLI-050,Miguel Castro,PROD-031,7,0.38,0.00,YAPE
VTA-001065,2026-02-25,09:12:33,CLI-050,Miguel Castro,PROD-003,3,10.25,0.00,YAPE
VTA-001065,2026-02-25,09:12:33,CLI-050,Miguel Castro,PROD-008,6,3.01,0.00,YAPE
VTA-001065,2026-02-25,09:12:33,CLI-050,Miguel Castro,PROD-013,2,2.07,0.00,YAPE
VTA-001065,2026-02-25,09:12:33,CLI-050,Miguel Castro,PROD-018,3,3.95,0.00,YAPE
VTA-001066,2026-02-25,13:50:34,CLI-005,Carmen Mendoza,PROD-001,1,4.89,0.00,EFECTIVO
VTA-001067,2026-02-25,10:16:15,CLI-053,Patricia Castro,PROD-031,18,0.38,0.86,EFECTIVO
VTA-001068,2026-02-25,14:06:07,CLI-016,Víctor Mendoza,PROD-033,6,9.31,0.00,YAPE
VTA-001068,2026-02-25,14:06:07,CLI-016,Víctor Mendoza,PROD-026,6,1.41,0.22,YAPE
VTA-001069,2026-02-25,21:07:50,CLI-001,Rosa Mendoza,PROD-007,3,3.29,0.00,PLIN
VTA-001069,2026-02-25,21:07:50,CLI-001,Rosa Mendoza,PROD-010,4,3.76,0.00,PLIN
VTA-001069,2026-02-25,21:07:50,CLI-001,Rosa Mendoza,PROD-005,5,6.49,1.18,PLIN
VTA-001070,2026-02-25,19:24:52,CLI-016,Víctor Mendoza,PROD-006,3,1.88,0.00,TARJETA
VTA-001070,2026-02-25,19:24:52,CLI-016,Víctor Mendoza,PROD-002,4,4.51,0.00,TARJETA
VTA-001070,2026-02-25,19:24:52,CLI-016,Víctor Mendoza,PROD-026,3,1.41,0.00,TARJETA
VTA-001070,2026-02-25,19:24:52,CLI-016,Víctor Mendoza,PROD-034,2,4.23,0.00,TARJETA
VTA-001070,2026-02-25,19:24:52,CLI-016,Víctor Mendoza,PROD-031,18,0.38,0.00,TARJETA
VTA-001071,2026-02-25,20:37:26,CLI-047,Ana Castro,PROD-027,6,2.35,0.00,YAPE
VTA-001071,2026-02-25,20:37:26,CLI-047,Ana Castro,PROD-004,6,3.29,0.00,YAPE
VTA-001071,2026-02-25,20:37:26,CLI-047,Ana Castro,PROD-011,1,4.23,0.00,YAPE
VTA-001072,2026-02-25,16:50:53,CLI-010,Miguel Mendoza,PROD-010,4,3.76,0.00,EFECTIVO
VTA-001073,2026-02-25,16:02:08,CLI-041,Rosa Castro,PROD-028,2,1.88,0.00,EFECTIVO
VTA-001073,2026-02-25,16:02:08,CLI-041,Rosa Castro,PROD-033,6,9.31,4.66,EFECTIVO
VTA-001074,2026-02-25,15:46:08,CLI-015,Milagros Mendoza,PROD-015,6,8.37,0.00,TARJETA
VTA-001074,2026-02-25,15:46:08,CLI-015,Milagros Mendoza,PROD-009,3,5.55,1.04,TARJETA
VTA-001074,2026-02-25,15:46:08,CLI-015,Milagros Mendoza,PROD-029,4,2.63,0.46,TARJETA
VTA-001074,2026-02-25,15:46:08,CLI-015,Milagros Mendoza,PROD-012,4,7.43,0.00,TARJETA
VTA-001075,2026-02-25,12:23:59,CLI-030,Miguel García,PROD-007,6,3.29,0.00,YAPE
VTA-001076,2026-02-25,17:01:52,CLI-023,María García,PROD-031,16,0.38,0.00,YAPE
VTA-001076,2026-02-25,17:01:52,CLI-023,María García,PROD-006,6,1.88,1.23,YAPE
VTA-001076,2026-02-25,17:01:52,CLI-023,María García,PROD-034,4,4.23,0.00,YAPE
VTA-001076,2026-02-25,17:01:52,CLI-023,María García,PROD-007,6,3.29,0.00,YAPE
VTA-001077,2026-02-25,20:26:31,CLI-074,Juan Díaz,PROD-022,4,3.01,0.00,YAPE
VTA-001077,2026-02-25,20:26:31,CLI-074,Juan Díaz,PROD-031,4,0.38,0.00,YAPE
VTA-001078,2026-02-25,13:23:10,CLI-008,Jorge Mendoza,PROD-013,4,2.07,0.00,YAPE
VTA-001078,2026-02-25,13:23:10,CLI-008,Jorge Mendoza,PROD-033,6,9.31,0.00,YAPE
VTA-001079,2026-02-25,12:20:55,CLI-061,Rosa Díaz,PROD-031,14,0.38,0.00,PLIN
VTA-001080,2026-02-26,18:03:16,CLI-001,Rosa Mendoza,PROD-010,1,3.76,0.00,EFECTIVO
VTA-001080,2026-02-26,18:03:16,CLI-001,Rosa Mendoza,PROD-006,4,1.88,0.00,EFECTIVO
VTA-001080,2026-02-26,18:03:16,CLI-001,Rosa Mendoza,PROD-004,1,3.29,0.00,EFECTIVO
VTA-001081,2026-02-26,19:59:30,CLI-061,Rosa Díaz,PROD-016,3,10.81,0.00,EFECTIVO
VTA-001081,2026-02-26,19:59:30,CLI-061,Rosa Díaz,PROD-009,1,5.55,0.57,EFECTIVO
VTA-001082,2026-02-26,17:22:57,CLI-062,José Díaz,PROD-007,4,3.29,1.96,TARJETA
VTA-001083,2026-02-26,16:10:23,CLI-021,Rosa García,PROD-004,1,3.29,0.00,TARJETA
VTA-001084,2026-02-26,17:04:45,CLI-098,Renzo Rojas,PROD-023,6,7.05,4.50,YAPE
VTA-001084,2026-02-26,17:04:45,CLI-098,Renzo Rojas,PROD-028,2,1.88,0.00,YAPE
VTA-001085,2026-02-26,14:48:07,CLI-036,Víctor García,PROD-029,2,2.63,0.77,PLIN
VTA-001086,2026-02-26,09:21:47,CLI-030,Miguel García,PROD-014,1,8.93,0.00,YAPE
VTA-001086,2026-02-26,09:21:47,CLI-030,Miguel García,PROD-034,6,4.23,0.00,YAPE
VTA-001087,2026-02-26,18:21:48,CLI-056,Víctor Castro,PROD-033,3,9.31,0.00,YAPE
VTA-001087,2026-02-26,18:21:48,CLI-056,Víctor Castro,PROD-008,4,3.01,0.00,YAPE
VTA-001087,2026-02-26,18:21:48,CLI-056,Víctor Castro,PROD-027,5,2.35,0.00,YAPE
VTA-001087,2026-02-26,18:21:48,CLI-056,Víctor Castro,PROD-019,1,8.37,0.00,YAPE
VTA-001087,2026-02-26,18:21:48,CLI-056,Víctor Castro,PROD-026,6,1.41,0.00,YAPE
VTA-001088,2026-02-26,11:27:59,CLI-013,Patricia Mendoza,PROD-013,5,2.07,0.00,EFECTIVO
VTA-001088,2026-02-26,11:27:59,CLI-013,Patricia Mendoza,PROD-010,5,3.76,0.00,EFECTIVO
VTA-001088,2026-02-26,11:27:59,CLI-013,Patricia Mendoza,PROD-006,5,1.88,0.00,EFECTIVO
VTA-001088,2026-02-26,11:27:59,CLI-013,Patricia Mendoza,PROD-018,2,3.95,0.00,EFECTIVO
VTA-001089,2026-02-26,16:36:52,CLI-099,Diana Rojas,PROD-010,6,3.76,0.00,EFECTIVO
VTA-001089,2026-02-26,16:36:52,CLI-099,Diana Rojas,PROD-032,6,6.11,0.00,EFECTIVO
VTA-001089,2026-02-26,16:36:52,CLI-099,Diana Rojas,PROD-002,4,4.51,0.00,EFECTIVO
VTA-001090,2026-02-26,07:43:16,CLI-061,Rosa Díaz,PROD-002,6,4.51,0.00,EFECTIVO
VTA-001091,2026-02-26,14:29:48,CLI-002,José Mendoza,PROD-031,13,0.38,0.00,EFECTIVO
VTA-001091,2026-02-26,14:29:48,CLI-002,José Mendoza,PROD-008,6,3.01,0.00,EFECTIVO
VTA-001092,2026-02-26,10:52:42,CLI-022,José García,PROD-002,4,4.51,0.00,EFECTIVO
VTA-001092,2026-02-26,10:52:42,CLI-022,José García,PROD-026,1,1.41,0.00,EFECTIVO
VTA-001092,2026-02-26,10:52:42,CLI-022,José García,PROD-004,1,3.29,0.00,EFECTIVO
VTA-001092,2026-02-26,10:52:42,CLI-022,José García,PROD-033,4,9.31,0.00,EFECTIVO
VTA-001092,2026-02-26,10:52:42,CLI-022,José García,PROD-010,1,3.76,0.00,EFECTIVO
VTA-001093,2026-02-26,18:58:20,CLI-078,Renzo Díaz,PROD-026,1,1.41,0.00,PLIN
VTA-001093,2026-02-26,18:58:20,CLI-078,Renzo Díaz,PROD-006,6,1.88,1.62,PLIN
VTA-001093,2026-02-26,18:58:20,CLI-078,Renzo Díaz,PROD-031,12,0.38,0.00,PLIN
VTA-001093,2026-02-26,18:58:20,CLI-078,Renzo Díaz,PROD-019,3,8.37,0.00,PLIN
VTA-001093,2026-02-26,18:58:20,CLI-078,Renzo Díaz,PROD-007,4,3.29,0.00,PLIN
VTA-001094,2026-02-26,18:49:18,CLI-043,María Castro,PROD-026,6,1.41,0.00,PLIN
VTA-001095,2026-02-26,20:17:40,CLI-004,Luis Mendoza,PROD-028,4,1.88,0.00,YAPE
VTA-001096,2026-02-26,10:35:10,CLI-018,Renzo Mendoza,PROD-026,4,1.41,0.00,PLIN
VTA-001096,2026-02-26,10:35:10,CLI-018,Renzo Mendoza,PROD-011,4,4.23,0.00,PLIN
VTA-001096,2026-02-26,10:35:10,CLI-018,Renzo Mendoza,PROD-027,4,2.35,0.00,PLIN
VTA-001097,2026-02-26,16:21:19,CLI-023,María García,PROD-003,3,10.25,0.00,YAPE
VTA-001098,2026-02-26,14:18:32,CLI-068,Jorge Díaz,PROD-027,5,2.35,0.00,EFECTIVO
VTA-001098,2026-02-26,14:18:32,CLI-068,Jorge Díaz,PROD-031,15,0.38,0.00,EFECTIVO
VTA-001098,2026-02-26,14:18:32,CLI-068,Jorge Díaz,PROD-001,3,4.89,0.00,EFECTIVO
VTA-001099,2026-02-26,17:37:09,CLI-070,Miguel Díaz,PROD-006,5,1.88,0.00,YAPE
VTA-001099,2026-02-26,17:37:09,CLI-070,Miguel Díaz,PROD-004,2,3.29,0.00,YAPE
VTA-001099,2026-02-26,17:37:09,CLI-070,Miguel Díaz,PROD-027,5,2.35,1.37,YAPE
VTA-001099,2026-02-26,17:37:09,CLI-070,Miguel Díaz,PROD-007,5,3.29,0.00,YAPE
VTA-001100,2026-02-27,16:23:36,CLI-016,Víctor Mendoza,PROD-011,5,4.23,0.00,EFECTIVO
VTA-001101,2026-02-27,14:05:32,CLI-074,Juan Díaz,PROD-007,5,3.29,0.00,EFECTIVO
VTA-001101,2026-02-27,14:05:32,CLI-074,Juan Díaz,PROD-018,4,3.95,0.00,EFECTIVO
VTA-001101,2026-02-27,14:05:32,CLI-074,Juan Díaz,PROD-032,3,6.11,0.00,EFECTIVO
VTA-001102,2026-02-27,10:14:26,CLI-010,Miguel Mendoza,PROD-026,4,1.41,0.40,EFECTIVO
VTA-001102,2026-02-27,10:14:26,CLI-010,Miguel Mendoza,PROD-006,5,1.88,0.00,EFECTIVO
VTA-001102,2026-02-27,10:14:26,CLI-010,Miguel Mendoza,PROD-009,1,5.55,0.00,EFECTIVO
VTA-001103,2026-02-27,09:02:43,CLI-047,Ana Castro,PROD-018,5,3.95,0.00,YAPE
VTA-001103,2026-02-27,09:02:43,CLI-047,Ana Castro,PROD-007,1,3.29,0.00,YAPE
VTA-001103,2026-02-27,09:02:43,CLI-047,Ana Castro,PROD-026,5,1.41,0.00,YAPE
VTA-001103,2026-02-27,09:02:43,CLI-047,Ana Castro,PROD-011,4,4.23,0.00,YAPE
VTA-001104,2026-02-27,19:13:12,CLI-060,Marco Castro,PROD-018,5,3.95,0.00,EFECTIVO
VTA-001104,2026-02-27,19:13:12,CLI-060,Marco Castro,PROD-002,2,4.51,0.00,EFECTIVO
VTA-001104,2026-02-27,19:13:12,CLI-060,Marco Castro,PROD-011,5,4.23,0.00,EFECTIVO
VTA-001105,2026-02-27,07:03:34,CLI-035,Milagros García,PROD-008,2,3.01,0.75,YAPE
VTA-001105,2026-02-27,07:03:34,CLI-035,Milagros García,PROD-010,6,3.76,1.09,YAPE
VTA-001105,2026-02-27,07:03:34,CLI-035,Milagros García,PROD-011,6,4.23,0.00,YAPE
VTA-001106,2026-02-27,10:55:30,CLI-028,Jorge García,PROD-001,4,4.89,0.00,EFECTIVO
VTA-001107,2026-02-27,14:10:00,CLI-031,Elena García,PROD-001,1,4.89,0.00,EFECTIVO
VTA-001107,2026-02-27,14:10:00,CLI-031,Elena García,PROD-034,2,4.23,0.69,EFECTIVO
VTA-001108,2026-02-27,21:31:13,CLI-015,Milagros Mendoza,PROD-008,5,3.01,0.00,PLIN
VTA-001108,2026-02-27,21:31:13,CLI-015,Milagros Mendoza,PROD-012,3,7.43,0.00,PLIN
VTA-001108,2026-02-27,21:31:13,CLI-015,Milagros Mendoza,PROD-020,6,6.11,0.00,PLIN
VTA-001109,2026-02-27,09:00:54,CLI-015,Milagros Mendoza,PROD-026,4,1.41,0.00,YAPE
VTA-001110,2026-02-27,11:08:11,CLI-069,Lucía Díaz,PROD-010,2,3.76,0.00,TARJETA
VTA-001110,2026-02-27,11:08:11,CLI-069,Lucía Díaz,PROD-013,5,2.07,0.00,TARJETA
VTA-001111,2026-02-27,14:15:19,CLI-048,Jorge Castro,PROD-002,4,4.51,0.00,EFECTIVO
VTA-001112,2026-02-27,16:36:26,CLI-043,María Castro,PROD-002,6,4.51,0.00,YAPE
VTA-001112,2026-02-27,16:36:26,CLI-043,María Castro,PROD-012,4,7.43,0.00,YAPE
VTA-001112,2026-02-27,16:36:26,CLI-043,María Castro,PROD-003,2,10.25,0.00,YAPE
VTA-001112,2026-02-27,16:36:26,CLI-043,María Castro,PROD-019,1,8.37,0.00,YAPE
VTA-001113,2026-02-27,07:50:50,CLI-012,Pedro Mendoza,PROD-010,2,3.76,0.00,YAPE
VTA-001113,2026-02-27,07:50:50,CLI-012,Pedro Mendoza,PROD-026,5,1.41,0.94,YAPE
VTA-001113,2026-02-27,07:50:50,CLI-012,Pedro Mendoza,PROD-013,3,2.07,0.00,YAPE
VTA-001113,2026-02-27,07:50:50,CLI-012,Pedro Mendoza,PROD-004,1,3.29,0.00,YAPE
VTA-001114,2026-02-27,20:58:02,CLI-009,Lucía Mendoza,PROD-003,4,10.25,0.00,EFECTIVO
VTA-001114,2026-02-27,20:58:02,CLI-009,Lucía Mendoza,PROD-008,4,3.01,0.00,EFECTIVO
VTA-001114,2026-02-27,20:58:02,CLI-009,Lucía Mendoza,PROD-007,5,3.29,0.00,EFECTIVO
VTA-001114,2026-02-27,20:58:02,CLI-009,Lucía Mendoza,PROD-009,4,5.55,0.00,EFECTIVO
VTA-001114,2026-02-27,20:58:02,CLI-009,Lucía Mendoza,PROD-012,5,7.43,0.00,EFECTIVO
VTA-001115,2026-02-27,19:58:59,CLI-007,Ana Mendoza,PROD-031,6,0.38,0.00,YAPE
VTA-001116,2026-02-27,21:13:33,CLI-071,Elena Díaz,PROD-003,4,10.25,4.35,TARJETA
VTA-001116,2026-02-27,21:13:33,CLI-071,Elena Díaz,PROD-012,3,7.43,0.00,TARJETA
VTA-001117,2026-02-27,12:32:30,CLI-027,Ana García,PROD-008,1,3.01,0.00,YAPE
VTA-001117,2026-02-27,12:32:30,CLI-027,Ana García,PROD-031,9,0.38,0.00,YAPE
VTA-001117,2026-02-27,12:32:30,CLI-027,Ana García,PROD-022,3,3.01,0.00,YAPE
VTA-001118,2026-02-27,17:50:52,CLI-035,Milagros García,PROD-002,2,4.51,0.00,TARJETA
VTA-001119,2026-02-27,18:56:09,CLI-043,María Castro,PROD-013,6,2.07,0.00,YAPE
VTA-001119,2026-02-27,18:56:09,CLI-043,María Castro,PROD-009,5,5.55,0.00,YAPE
VTA-001119,2026-02-27,18:56:09,CLI-043,María Castro,PROD-033,1,9.31,0.00,YAPE
VTA-001120,2026-02-27,18:53:49,CLI-023,María García,PROD-009,3,5.55,0.00,YAPE
VTA-001120,2026-02-27,18:53:49,CLI-023,María García,PROD-006,2,1.88,0.00,YAPE
VTA-001121,2026-02-27,19:14:57,CLI-016,Víctor Mendoza,PROD-016,2,10.81,0.00,EFECTIVO
VTA-001121,2026-02-27,19:14:57,CLI-016,Víctor Mendoza,PROD-010,6,3.76,0.00,EFECTIVO
VTA-001122,2026-02-27,11:09:02,CLI-068,Jorge Díaz,PROD-005,5,6.49,0.00,TARJETA
VTA-001122,2026-02-27,11:09:02,CLI-068,Jorge Díaz,PROD-011,2,4.23,0.00,TARJETA
VTA-001123,2026-02-27,11:22:10,CLI-015,Milagros Mendoza,PROD-010,4,3.76,0.00,YAPE
VTA-001124,2026-02-27,16:21:31,CLI-100,Marco Rojas,PROD-026,6,1.41,0.00,EFECTIVO
VTA-001124,2026-02-27,16:21:31,CLI-100,Marco Rojas,PROD-028,1,1.88,0.00,EFECTIVO
VTA-001125,2026-02-27,17:56:47,CLI-008,Jorge Mendoza,PROD-003,4,10.25,0.00,YAPE
VTA-001126,2026-02-28,20:56:16,CLI-034,Juan García,PROD-034,4,4.23,0.00,YAPE
VTA-001126,2026-02-28,20:56:16,CLI-034,Juan García,PROD-008,2,3.01,0.00,YAPE
VTA-001127,2026-02-28,21:30:01,CLI-038,Renzo García,PROD-017,1,7.99,0.00,YAPE
VTA-001127,2026-02-28,21:30:01,CLI-038,Renzo García,PROD-022,3,3.01,1.15,YAPE
VTA-001127,2026-02-28,21:30:01,CLI-038,Renzo García,PROD-004,1,3.29,0.00,YAPE
VTA-001127,2026-02-28,21:30:01,CLI-038,Renzo García,PROD-027,5,2.35,0.00,YAPE
VTA-001128,2026-02-28,18:38:37,CLI-039,Diana García,PROD-012,4,7.43,0.00,YAPE
VTA-001128,2026-02-28,18:38:37,CLI-039,Diana García,PROD-019,3,8.37,0.00,YAPE
VTA-001129,2026-02-28,16:45:59,CLI-028,Jorge García,PROD-034,6,4.23,0.00,TARJETA
VTA-001129,2026-02-28,16:45:59,CLI-028,Jorge García,PROD-013,2,2.07,0.00,TARJETA
VTA-001130,2026-02-28,17:10:56,CLI-021,Rosa García,PROD-029,2,2.63,0.00,EFECTIVO
VTA-001131,2026-02-28,14:48:35,CLI-021,Rosa García,PROD-003,5,10.25,0.00,PLIN
VTA-001131,2026-02-28,14:48:35,CLI-021,Rosa García,PROD-010,4,3.76,0.00,PLIN
VTA-001131,2026-02-28,14:48:35,CLI-021,Rosa García,PROD-009,6,5.55,0.00,PLIN
VTA-001132,2026-02-28,08:44:07,CLI-004,Luis Mendoza,PROD-007,1,3.29,0.00,YAPE
VTA-001132,2026-02-28,08:44:07,CLI-004,Luis Mendoza,PROD-017,5,7.99,0.00,YAPE
VTA-001132,2026-02-28,08:44:07,CLI-004,Luis Mendoza,PROD-031,17,0.38,0.18,YAPE
VTA-001132,2026-02-28,08:44:07,CLI-004,Luis Mendoza,PROD-026,6,1.41,0.00,YAPE
VTA-001132,2026-02-28,08:44:07,CLI-004,Luis Mendoza,PROD-011,6,4.23,0.00,YAPE
VTA-001133,2026-02-28,21:17:19,CLI-096,Víctor Rojas,PROD-002,5,4.51,0.00,EFECTIVO
VTA-001133,2026-02-28,21:17:19,CLI-096,Víctor Rojas,PROD-012,5,7.43,0.00,EFECTIVO
VTA-001134,2026-02-28,15:18:46,CLI-021,Rosa García,PROD-003,5,10.25,0.00,YAPE
VTA-001135,2026-02-28,17:47:09,CLI-055,Milagros Castro,PROD-032,4,6.11,0.00,EFECTIVO
VTA-001135,2026-02-28,17:47:09,CLI-055,Milagros Castro,PROD-008,6,3.01,0.00,EFECTIVO
VTA-001136,2026-02-28,10:12:13,CLI-062,José Díaz,PROD-032,5,6.11,0.00,PLIN
VTA-001136,2026-02-28,10:12:13,CLI-062,José Díaz,PROD-011,2,4.23,0.00,PLIN
VTA-001137,2026-02-28,12:51:30,CLI-062,José Díaz,PROD-017,3,7.99,0.00,EFECTIVO
VTA-001137,2026-02-28,12:51:30,CLI-062,José Díaz,PROD-002,6,4.51,0.00,EFECTIVO
VTA-001137,2026-02-28,12:51:30,CLI-062,José Díaz,PROD-003,5,10.25,0.00,EFECTIVO
VTA-001137,2026-02-28,12:51:30,CLI-062,José Díaz,PROD-026,5,1.41,0.00,EFECTIVO
VTA-001138,2026-02-28,20:34:36,CLI-004,Luis Mendoza,PROD-019,5,8.37,0.00,TARJETA
VTA-001138,2026-02-28,20:34:36,CLI-004,Luis Mendoza,PROD-015,4,8.37,0.00,TARJETA
VTA-001139,2026-02-28,08:16:35,CLI-060,Marco Castro,PROD-018,6,3.95,0.00,YAPE
VTA-001139,2026-02-28,08:16:35,CLI-060,Marco Castro,PROD-007,3,3.29,0.00,YAPE
VTA-001140,2026-02-28,12:09:40,CLI-010,Miguel Mendoza,PROD-010,5,3.76,2.22,EFECTIVO
VTA-001140,2026-02-28,12:09:40,CLI-010,Miguel Mendoza,PROD-032,6,6.11,0.00,EFECTIVO
VTA-001141,2026-02-28,20:30:56,CLI-002,José Mendoza,PROD-012,1,7.43,0.00,YAPE
VTA-001141,2026-02-28,20:30:56,CLI-002,José Mendoza,PROD-004,4,3.29,0.00,YAPE
VTA-001141,2026-02-28,20:30:56,CLI-002,José Mendoza,PROD-011,2,4.23,0.00,YAPE
VTA-001142,2026-02-28,14:07:49,CLI-021,Rosa García,PROD-007,3,3.29,0.00,YAPE
VTA-001143,2026-02-28,12:40:47,CLI-068,Jorge Díaz,PROD-008,5,3.01,0.00,EFECTIVO
VTA-001143,2026-02-28,12:40:47,CLI-068,Jorge Díaz,PROD-028,4,1.88,0.00,EFECTIVO
VTA-001144,2026-02-28,18:42:33,CLI-060,Marco Castro,PROD-002,1,4.51,0.00,PLIN
VTA-001144,2026-02-28,18:42:33,CLI-060,Marco Castro,PROD-001,4,4.89,0.00,PLIN
VTA-001145,2026-02-28,10:38:46,CLI-013,Patricia Mendoza,PROD-026,6,1.41,0.00,EFECTIVO
VTA-001146,2026-02-28,11:30:33,CLI-029,Lucía García,PROD-002,5,4.51,0.00,EFECTIVO
VTA-001146,2026-02-28,11:30:33,CLI-029,Lucía García,PROD-031,15,0.38,0.00,EFECTIVO
VTA-001147,2026-02-28,21:40:43,CLI-027,Ana García,PROD-014,1,8.93,0.00,EFECTIVO
VTA-001147,2026-02-28,21:40:43,CLI-027,Ana García,PROD-004,5,3.29,0.00,EFECTIVO
VTA-001147,2026-02-28,21:40:43,CLI-027,Ana García,PROD-022,4,3.01,1.61,EFECTIVO
VTA-001147,2026-02-28,21:40:43,CLI-027,Ana García,PROD-006,4,1.88,0.48,EFECTIVO
VTA-001148,2026-02-28,19:49:05,CLI-050,Miguel Castro,PROD-011,3,4.23,0.00,PLIN
VTA-001148,2026-02-28,19:49:05,CLI-050,Miguel Castro,PROD-018,4,3.95,0.00,PLIN
VTA-001149,2026-02-28,10:22:56,CLI-094,Juan Rojas,PROD-028,6,1.88,0.00,YAPE
VTA-001150,2026-02-28,11:10:04,CLI-034,Juan García,PROD-005,5,6.49,0.00,EFECTIVO
VTA-001151,2026-02-28,13:57:28,CLI-041,Rosa Castro,PROD-026,2,1.41,0.00,YAPE
VTA-001151,2026-02-28,13:57:28,CLI-041,Rosa Castro,PROD-001,3,4.89,0.00,YAPE
VTA-001152,2026-02-28,19:27:47,CLI-035,Milagros García,PROD-006,4,1.88,0.00,TARJETA
VTA-001152,2026-02-28,19:27:47,CLI-035,Milagros García,PROD-031,13,0.38,0.00,TARJETA
VTA-001153,2026-03-01,09:04:53,CLI-006,Carlos Mendoza,PROD-004,4,3.40,0.00,EFECTIVO
VTA-001153,2026-03-01,09:04:53,CLI-006,Carlos Mendoza,PROD-013,1,2.13,0.00,EFECTIVO
VTA-001153,2026-03-01,09:04:53,CLI-006,Carlos Mendoza,PROD-007,1,3.40,0.00,EFECTIVO
VTA-001154,2026-03-01,07:32:49,CLI-014,Juan Mendoza,PROD-002,1,4.66,0.00,EFECTIVO
VTA-001154,2026-03-01,07:32:49,CLI-014,Juan Mendoza,PROD-031,8,0.39,0.00,EFECTIVO
VTA-001155,2026-03-01,16:40:36,CLI-091,Elena Rojas,PROD-011,3,4.37,0.00,EFECTIVO
VTA-001156,2026-03-01,11:46:35,CLI-052,Pedro Castro,PROD-009,3,5.72,2.42,TARJETA
VTA-001156,2026-03-01,11:46:35,CLI-052,Pedro Castro,PROD-003,5,10.57,0.00,TARJETA
VTA-001157,2026-03-01,17:24:08,CLI-066,Carlos Díaz,PROD-003,3,10.57,0.00,YAPE
VTA-001158,2026-03-01,19:33:48,CLI-065,Carmen Díaz,PROD-017,3,8.24,0.00,TARJETA
VTA-001158,2026-03-01,19:33:48,CLI-065,Carmen Díaz,PROD-022,1,3.10,0.00,TARJETA
VTA-001158,2026-03-01,19:33:48,CLI-065,Carmen Díaz,PROD-002,4,4.66,0.00,TARJETA
VTA-001159,2026-03-01,07:52:43,CLI-023,María García,PROD-010,6,3.88,0.00,EFECTIVO
VTA-001160,2026-03-01,20:08:27,CLI-066,Carlos Díaz,PROD-031,2,0.39,0.00,EFECTIVO
VTA-001161,2026-03-01,17:06:28,CLI-006,Carlos Mendoza,PROD-002,6,4.66,0.00,PLIN
VTA-001161,2026-03-01,17:06:28,CLI-006,Carlos Mendoza,PROD-029,1,2.72,0.00,PLIN
VTA-001161,2026-03-01,17:06:28,CLI-006,Carlos Mendoza,PROD-026,2,1.46,0.00,PLIN
VTA-001162,2026-03-01,14:19:13,CLI-034,Juan García,PROD-028,1,1.94,0.00,YAPE
VTA-001163,2026-03-01,18:32:27,CLI-025,Carmen García,PROD-010,3,3.88,0.00,YAPE
VTA-001164,2026-03-01,21:53:20,CLI-080,Marco Díaz,PROD-015,4,8.63,0.00,YAPE
VTA-001164,2026-03-01,21:53:20,CLI-080,Marco Díaz,PROD-033,3,9.60,0.00,YAPE
VTA-001165,2026-03-01,09:27:38,CLI-067,Ana Díaz,PROD-017,5,8.24,0.00,EFECTIVO
VTA-001165,2026-03-01,09:27:38,CLI-067,Ana Díaz,PROD-006,1,1.94,0.00,EFECTIVO
VTA-001165,2026-03-01,09:27:38,CLI-067,Ana Díaz,PROD-004,2,3.40,0.00,EFECTIVO
VTA-001165,2026-03-01,09:27:38,CLI-067,Ana Díaz,PROD-019,6,8.63,1.19,EFECTIVO
VTA-001166,2026-03-01,18:58:29,CLI-054,Juan Castro,PROD-006,5,1.94,0.00,EFECTIVO
VTA-001166,2026-03-01,18:58:29,CLI-054,Juan Castro,PROD-013,1,2.13,0.00,EFECTIVO
VTA-001166,2026-03-01,18:58:29,CLI-054,Juan Castro,PROD-002,6,4.66,1.11,EFECTIVO
VTA-001167,2026-03-01,07:13:35,CLI-017,Claudia Mendoza,PROD-031,13,0.39,0.43,YAPE
VTA-001167,2026-03-01,07:13:35,CLI-017,Claudia Mendoza,PROD-009,6,5.72,0.00,YAPE
VTA-001167,2026-03-01,07:13:35,CLI-017,Claudia Mendoza,PROD-004,1,3.40,0.00,YAPE
VTA-001167,2026-03-01,07:13:35,CLI-017,Claudia Mendoza,PROD-011,5,4.37,0.00,YAPE
VTA-001167,2026-03-01,07:13:35,CLI-017,Claudia Mendoza,PROD-022,6,3.10,0.00,YAPE
VTA-001168,2026-03-01,14:33:17,CLI-051,Elena Castro,PROD-026,5,1.46,0.00,TARJETA
VTA-001168,2026-03-01,14:33:17,CLI-051,Elena Castro,PROD-019,1,8.63,0.00,TARJETA
VTA-001168,2026-03-01,14:33:17,CLI-051,Elena Castro,PROD-006,6,1.94,0.00,TARJETA
VTA-001168,2026-03-01,14:33:17,CLI-051,Elena Castro,PROD-017,1,8.24,0.00,TARJETA
VTA-001169,2026-03-01,11:31:37,CLI-047,Ana Castro,PROD-003,5,10.57,0.00,EFECTIVO
VTA-001169,2026-03-01,11:31:37,CLI-047,Ana Castro,PROD-007,3,3.40,0.00,EFECTIVO
VTA-001169,2026-03-01,11:31:37,CLI-047,Ana Castro,PROD-002,2,4.66,0.00,EFECTIVO
VTA-001169,2026-03-01,11:31:37,CLI-047,Ana Castro,PROD-028,3,1.94,0.00,EFECTIVO
VTA-001170,2026-03-01,16:15:16,CLI-004,Luis Mendoza,PROD-008,6,3.10,0.00,YAPE
VTA-001171,2026-03-01,16:01:10,CLI-049,Lucía Castro,PROD-014,2,9.21,0.00,PLIN
VTA-001172,2026-03-01,19:30:42,CLI-008,Jorge Mendoza,PROD-007,4,3.40,0.00,EFECTIVO
VTA-001172,2026-03-01,19:30:42,CLI-008,Jorge Mendoza,PROD-011,3,4.37,0.00,EFECTIVO
VTA-001173,2026-03-01,11:18:59,CLI-019,Diana Mendoza,PROD-011,2,4.37,0.00,EFECTIVO
VTA-001173,2026-03-01,11:18:59,CLI-019,Diana Mendoza,PROD-026,1,1.46,0.00,EFECTIVO
VTA-001173,2026-03-01,11:18:59,CLI-019,Diana Mendoza,PROD-005,4,6.69,0.00,EFECTIVO
VTA-001174,2026-03-01,13:04:11,CLI-005,Carmen Mendoza,PROD-026,1,1.46,0.00,EFECTIVO
VTA-001175,2026-03-01,20:01:59,CLI-055,Milagros Castro,PROD-003,6,10.57,0.00,YAPE
VTA-001176,2026-03-01,11:50:55,CLI-047,Ana Castro,PROD-031,5,0.39,0.00,PLIN
VTA-001176,2026-03-01,11:50:55,CLI-047,Ana Castro,PROD-027,4,2.42,0.00,PLIN
VTA-001176,2026-03-01,11:50:55,CLI-047,Ana Castro,PROD-013,2,2.13,0.00,PLIN
VTA-001177,2026-03-01,12:26:39,CLI-040,Marco García,PROD-009,6,5.72,0.00,EFECTIVO
VTA-001177,2026-03-01,12:26:39,CLI-040,Marco García,PROD-007,1,3.40,0.00,EFECTIVO
VTA-001178,2026-03-01,20:46:37,CLI-077,Claudia Díaz,PROD-010,5,3.88,0.00,EFECTIVO
VTA-001178,2026-03-01,20:46:37,CLI-077,Claudia Díaz,PROD-034,5,4.37,0.00,EFECTIVO
VTA-001178,2026-03-01,20:46:37,CLI-077,Claudia Díaz,PROD-002,4,4.66,0.00,EFECTIVO
VTA-001178,2026-03-01,20:46:37,CLI-077,Claudia Díaz,PROD-028,4,1.94,0.00,EFECTIVO
VTA-001179,2026-03-01,18:05:39,CLI-090,Miguel Rojas,PROD-013,1,2.13,0.00,EFECTIVO
VTA-001179,2026-03-01,18:05:39,CLI-090,Miguel Rojas,PROD-004,5,3.40,0.00,EFECTIVO
VTA-001179,2026-03-01,18:05:39,CLI-090,Miguel Rojas,PROD-008,4,3.10,0.00,EFECTIVO
VTA-001180,2026-03-01,17:54:04,CLI-014,Juan Mendoza,PROD-026,6,1.46,0.00,TARJETA
VTA-001181,2026-03-02,18:32:39,CLI-056,Víctor Castro,PROD-028,2,1.94,0.00,PLIN
VTA-001181,2026-03-02,18:32:39,CLI-056,Víctor Castro,PROD-031,19,0.39,0.00,PLIN
VTA-001181,2026-03-02,18:32:39,CLI-056,Víctor Castro,PROD-003,5,10.57,0.00,PLIN
VTA-001182,2026-03-02,11:02:37,CLI-041,Rosa Castro,PROD-003,5,10.57,0.00,EFECTIVO
VTA-001182,2026-03-02,11:02:37,CLI-041,Rosa Castro,PROD-006,5,1.94,1.23,EFECTIVO
VTA-001182,2026-03-02,11:02:37,CLI-041,Rosa Castro,PROD-023,3,7.27,0.00,EFECTIVO
VTA-001183,2026-03-02,07:41:03,CLI-009,Lucía Mendoza,PROD-006,6,1.94,0.00,EFECTIVO
VTA-001183,2026-03-02,07:41:03,CLI-009,Lucía Mendoza,PROD-032,1,6.30,0.00,EFECTIVO
VTA-001183,2026-03-02,07:41:03,CLI-009,Lucía Mendoza,PROD-031,12,0.39,0.00,EFECTIVO
VTA-001184,2026-03-02,17:20:52,CLI-056,Víctor Castro,PROD-006,3,1.94,0.23,EFECTIVO
VTA-001184,2026-03-02,17:20:52,CLI-056,Víctor Castro,PROD-017,5,8.24,0.00,EFECTIVO
VTA-001185,2026-03-02,11:16:12,CLI-034,Juan García,PROD-029,6,2.72,0.00,EFECTIVO
VTA-001186,2026-03-02,14:17:46,CLI-011,Elena Mendoza,PROD-028,6,1.94,0.00,YAPE
VTA-001187,2026-03-02,19:43:13,CLI-016,Víctor Mendoza,PROD-034,5,4.37,0.00,YAPE
VTA-001187,2026-03-02,19:43:13,CLI-016,Víctor Mendoza,PROD-002,4,4.66,0.00,YAPE
VTA-001188,2026-03-02,12:54:44,CLI-009,Lucía Mendoza,PROD-006,4,1.94,0.00,PLIN
VTA-001188,2026-03-02,12:54:44,CLI-009,Lucía Mendoza,PROD-031,6,0.39,0.00,PLIN
VTA-001188,2026-03-02,12:54:44,CLI-009,Lucía Mendoza,PROD-016,4,11.15,0.00,PLIN
VTA-001189,2026-03-02,14:23:25,CLI-002,José Mendoza,PROD-028,3,1.94,0.00,EFECTIVO
VTA-001189,2026-03-02,14:23:25,CLI-002,José Mendoza,PROD-010,4,3.88,0.00,EFECTIVO
VTA-001189,2026-03-02,14:23:25,CLI-002,José Mendoza,PROD-011,3,4.37,1.53,EFECTIVO
VTA-001190,2026-03-02,20:46:46,CLI-024,Luis García,PROD-029,6,2.72,0.00,EFECTIVO
VTA-001190,2026-03-02,20:46:46,CLI-024,Luis García,PROD-032,5,6.30,0.00,EFECTIVO
VTA-001191,2026-03-02,20:31:45,CLI-007,Ana Mendoza,PROD-023,2,7.27,0.00,YAPE
VTA-001191,2026-03-02,20:31:45,CLI-007,Ana Mendoza,PROD-012,1,7.66,0.00,YAPE
VTA-001192,2026-03-02,12:11:11,CLI-035,Milagros García,PROD-003,5,10.57,0.00,YAPE
VTA-001193,2026-03-02,11:40:51,CLI-094,Juan Rojas,PROD-026,4,1.46,0.00,EFECTIVO
VTA-001194,2026-03-02,11:54:00,CLI-028,Jorge García,PROD-011,6,4.37,0.00,EFECTIVO
VTA-001195,2026-03-03,16:41:35,CLI-015,Milagros Mendoza,PROD-027,5,2.42,0.00,EFECTIVO
VTA-001196,2026-03-03,13:11:22,CLI-031,Elena García,PROD-009,6,5.72,0.00,EFECTIVO
VTA-001196,2026-03-03,13:11:22,CLI-031,Elena García,PROD-006,2,1.94,0.00,EFECTIVO
VTA-001197,2026-03-03,15:12:14,CLI-040,Marco García,PROD-012,4,7.66,0.00,EFECTIVO
VTA-001197,2026-03-03,15:12:14,CLI-040,Marco García,PROD-013,6,2.13,0.00,EFECTIVO
VTA-001198,2026-03-03,14:46:26,CLI-015,Milagros Mendoza,PROD-019,3,8.63,0.00,PLIN
VTA-001199,2026-03-03,20:03:38,CLI-023,María García,PROD-026,2,1.46,0.00,YAPE
VTA-001200,2026-03-03,08:27:31,CLI-015,Milagros Mendoza,PROD-011,5,4.37,0.00,YAPE
VTA-001200,2026-03-03,08:27:31,CLI-015,Milagros Mendoza,PROD-006,6,1.94,0.00,YAPE
VTA-001200,2026-03-03,08:27:31,CLI-015,Milagros Mendoza,PROD-026,5,1.46,0.00,YAPE
VTA-001201,2026-03-03,13:40:54,CLI-024,Luis García,PROD-012,4,7.66,0.00,EFECTIVO
VTA-001202,2026-03-03,18:10:52,CLI-095,Milagros Rojas,PROD-014,4,9.21,0.00,YAPE
VTA-001202,2026-03-03,18:10:52,CLI-095,Milagros Rojas,PROD-022,6,3.10,0.00,YAPE
VTA-001202,2026-03-03,18:10:52,CLI-095,Milagros Rojas,PROD-032,2,6.30,0.00,YAPE
VTA-001202,2026-03-03,18:10:52,CLI-095,Milagros Rojas,PROD-029,6,2.72,0.00,YAPE
VTA-001203,2026-03-03,19:21:48,CLI-077,Claudia Díaz,PROD-011,3,4.37,0.00,EFECTIVO
VTA-001203,2026-03-03,19:21:48,CLI-077,Claudia Díaz,PROD-006,1,1.94,0.00,EFECTIVO
VTA-001203,2026-03-03,19:21:48,CLI-077,Claudia Díaz,PROD-009,2,5.72,0.00,EFECTIVO
VTA-001203,2026-03-03,19:21:48,CLI-077,Claudia Díaz,PROD-032,6,6.30,0.00,EFECTIVO
VTA-001204,2026-03-03,20:33:00,CLI-003,María Mendoza,PROD-009,5,5.72,0.00,EFECTIVO
VTA-001204,2026-03-03,20:33:00,CLI-003,María Mendoza,PROD-001,1,5.04,0.00,EFECTIVO
VTA-001205,2026-03-03,13:38:00,CLI-017,Claudia Mendoza,PROD-023,4,7.27,0.00,EFECTIVO
VTA-001205,2026-03-03,13:38:00,CLI-017,Claudia Mendoza,PROD-015,1,8.63,0.41,EFECTIVO
VTA-001205,2026-03-03,13:38:00,CLI-017,Claudia Mendoza,PROD-001,3,5.04,0.00,EFECTIVO
VTA-001206,2026-03-03,18:49:12,CLI-090,Miguel Rojas,PROD-029,5,2.72,0.00,PLIN
VTA-001207,2026-03-03,08:25:01,CLI-027,Ana García,PROD-029,2,2.72,0.64,YAPE
VTA-001207,2026-03-03,08:25:01,CLI-027,Ana García,PROD-013,4,2.13,0.00,YAPE
VTA-001208,2026-03-03,10:33:32,CLI-045,Carmen Castro,PROD-017,3,8.24,0.00,TARJETA
VTA-001208,2026-03-03,10:33:32,CLI-045,Carmen Castro,PROD-006,2,1.94,0.00,TARJETA
VTA-001209,2026-03-03,07:42:08,CLI-036,Víctor García,PROD-015,5,8.63,0.00,YAPE
VTA-001210,2026-03-03,14:49:13,CLI-001,Rosa Mendoza,PROD-003,4,10.57,0.00,TARJETA
VTA-001210,2026-03-03,14:49:13,CLI-001,Rosa Mendoza,PROD-029,2,2.72,0.00,TARJETA
VTA-001211,2026-03-03,18:44:10,CLI-007,Ana Mendoza,PROD-029,6,2.72,0.00,EFECTIVO
VTA-001211,2026-03-03,18:44:10,CLI-007,Ana Mendoza,PROD-009,1,5.72,0.00,EFECTIVO
VTA-001212,2026-03-03,21:38:55,CLI-072,Pedro Díaz,PROD-027,1,2.42,0.00,YAPE
VTA-001212,2026-03-03,21:38:55,CLI-072,Pedro Díaz,PROD-008,2,3.10,0.00,YAPE
VTA-001212,2026-03-03,21:38:55,CLI-072,Pedro Díaz,PROD-006,5,1.94,0.00,YAPE
VTA-001213,2026-03-04,14:56:48,CLI-059,Diana Castro,PROD-008,4,3.10,0.00,EFECTIVO
VTA-001213,2026-03-04,14:56:48,CLI-059,Diana Castro,PROD-006,6,1.94,0.00,EFECTIVO
VTA-001213,2026-03-04,14:56:48,CLI-059,Diana Castro,PROD-010,1,3.88,0.00,EFECTIVO
VTA-001214,2026-03-04,17:34:31,CLI-044,Luis Castro,PROD-014,4,9.21,0.00,YAPE
VTA-001214,2026-03-04,17:34:31,CLI-044,Luis Castro,PROD-023,6,7.27,0.00,YAPE
VTA-001215,2026-03-04,11:46:49,CLI-058,Renzo Castro,PROD-004,3,3.40,0.00,TARJETA
VTA-001216,2026-03-04,19:14:38,CLI-066,Carlos Díaz,PROD-011,4,4.37,0.46,EFECTIVO
VTA-001216,2026-03-04,19:14:38,CLI-066,Carlos Díaz,PROD-001,1,5.04,0.00,EFECTIVO
VTA-001216,2026-03-04,19:14:38,CLI-066,Carlos Díaz,PROD-009,1,5.72,0.00,EFECTIVO
VTA-001217,2026-03-04,21:41:25,CLI-070,Miguel Díaz,PROD-011,5,4.37,1.52,PLIN
VTA-001217,2026-03-04,21:41:25,CLI-070,Miguel Díaz,PROD-001,6,5.04,0.00,PLIN
VTA-001217,2026-03-04,21:41:25,CLI-070,Miguel Díaz,PROD-003,6,10.57,0.00,PLIN
VTA-001217,2026-03-04,21:41:25,CLI-070,Miguel Díaz,PROD-026,6,1.46,0.63,PLIN
VTA-001218,2026-03-04,12:26:46,CLI-022,José García,PROD-031,20,0.39,0.00,YAPE
VTA-001218,2026-03-04,12:26:46,CLI-022,José García,PROD-007,4,3.40,0.00,YAPE
VTA-001218,2026-03-04,12:26:46,CLI-022,José García,PROD-026,6,1.46,0.00,YAPE
VTA-001219,2026-03-04,17:33:12,CLI-010,Miguel Mendoza,PROD-015,1,8.63,0.00,EFECTIVO
VTA-001219,2026-03-04,17:33:12,CLI-010,Miguel Mendoza,PROD-004,5,3.40,0.00,EFECTIVO
VTA-001219,2026-03-04,17:33:12,CLI-010,Miguel Mendoza,PROD-014,1,9.21,0.73,EFECTIVO
VTA-001219,2026-03-04,17:33:12,CLI-010,Miguel Mendoza,PROD-029,4,2.72,0.00,EFECTIVO
VTA-001220,2026-03-04,17:41:13,CLI-038,Renzo García,PROD-005,2,6.69,0.00,PLIN
VTA-001220,2026-03-04,17:41:13,CLI-038,Renzo García,PROD-006,6,1.94,0.00,PLIN
VTA-001221,2026-03-04,13:22:28,CLI-062,José Díaz,PROD-027,5,2.42,0.00,YAPE
VTA-001221,2026-03-04,13:22:28,CLI-062,José Díaz,PROD-028,2,1.94,0.00,YAPE
VTA-001221,2026-03-04,13:22:28,CLI-062,José Díaz,PROD-010,6,3.88,3.39,YAPE
VTA-001222,2026-03-04,07:17:11,CLI-043,María Castro,PROD-008,6,3.10,1.49,YAPE
VTA-001222,2026-03-04,07:17:11,CLI-043,María Castro,PROD-028,5,1.94,0.31,YAPE
VTA-001223,2026-03-04,16:38:40,CLI-005,Carmen Mendoza,PROD-028,3,1.94,0.00,YAPE
VTA-001224,2026-03-04,19:54:49,CLI-005,Carmen Mendoza,PROD-017,6,8.24,0.00,EFECTIVO
VTA-001224,2026-03-04,19:54:49,CLI-005,Carmen Mendoza,PROD-018,5,4.07,0.00,EFECTIVO
VTA-001224,2026-03-04,19:54:49,CLI-005,Carmen Mendoza,PROD-013,1,2.13,0.00,EFECTIVO
VTA-001224,2026-03-04,19:54:49,CLI-005,Carmen Mendoza,PROD-001,5,5.04,0.00,EFECTIVO
VTA-001224,2026-03-04,19:54:49,CLI-005,Carmen Mendoza,PROD-031,19,0.39,0.61,EFECTIVO
VTA-001225,2026-03-04,15:33:50,CLI-003,María Mendoza,PROD-028,3,1.94,0.00,YAPE
VTA-001225,2026-03-04,15:33:50,CLI-003,María Mendoza,PROD-029,4,2.72,0.00,YAPE
VTA-001225,2026-03-04,15:33:50,CLI-003,María Mendoza,PROD-001,5,5.04,0.00,YAPE
VTA-001225,2026-03-04,15:33:50,CLI-003,María Mendoza,PROD-012,6,7.66,0.00,YAPE
VTA-001226,2026-03-04,18:30:27,CLI-003,María Mendoza,PROD-008,3,3.10,0.00,YAPE
VTA-001226,2026-03-04,18:30:27,CLI-003,María Mendoza,PROD-016,2,11.15,2.83,YAPE
VTA-001226,2026-03-04,18:30:27,CLI-003,María Mendoza,PROD-028,2,1.94,0.00,YAPE
VTA-001227,2026-03-04,19:01:15,CLI-100,Marco Rojas,PROD-026,1,1.46,0.05,PLIN
VTA-001227,2026-03-04,19:01:15,CLI-100,Marco Rojas,PROD-019,1,8.63,0.00,PLIN
VTA-001227,2026-03-04,19:01:15,CLI-100,Marco Rojas,PROD-001,6,5.04,0.00,PLIN
VTA-001228,2026-03-05,09:19:24,CLI-006,Carlos Mendoza,PROD-018,5,4.07,1.13,PLIN
VTA-001229,2026-03-05,10:24:23,CLI-014,Juan Mendoza,PROD-003,3,10.57,0.00,EFECTIVO
VTA-001229,2026-03-05,10:24:23,CLI-014,Juan Mendoza,PROD-001,2,5.04,0.00,EFECTIVO
VTA-001230,2026-03-05,18:56:32,CLI-009,Lucía Mendoza,PROD-003,3,10.57,0.00,YAPE
VTA-001231,2026-03-05,10:37:55,CLI-022,José García,PROD-003,5,10.57,0.00,EFECTIVO
VTA-001231,2026-03-05,10:37:55,CLI-022,José García,PROD-006,3,1.94,0.00,EFECTIVO
VTA-001232,2026-03-05,18:14:11,CLI-069,Lucía Díaz,PROD-032,2,6.30,0.00,EFECTIVO
VTA-001233,2026-03-05,16:24:29,CLI-044,Luis Castro,PROD-032,5,6.30,0.00,EFECTIVO
VTA-001234,2026-03-05,15:13:03,CLI-015,Milagros Mendoza,PROD-002,3,4.66,0.00,EFECTIVO
VTA-001234,2026-03-05,15:13:03,CLI-015,Milagros Mendoza,PROD-026,2,1.46,0.00,EFECTIVO
VTA-001234,2026-03-05,15:13:03,CLI-015,Milagros Mendoza,PROD-029,3,2.72,0.00,EFECTIVO
VTA-001234,2026-03-05,15:13:03,CLI-015,Milagros Mendoza,PROD-019,4,8.63,0.00,EFECTIVO
VTA-001234,2026-03-05,15:13:03,CLI-015,Milagros Mendoza,PROD-005,6,6.69,0.00,EFECTIVO
VTA-001235,2026-03-05,11:46:36,CLI-014,Juan Mendoza,PROD-015,1,8.63,0.00,YAPE
VTA-001236,2026-03-05,13:28:29,CLI-014,Juan Mendoza,PROD-008,6,3.10,0.00,EFECTIVO
VTA-001236,2026-03-05,13:28:29,CLI-014,Juan Mendoza,PROD-007,6,3.40,0.00,EFECTIVO
VTA-001236,2026-03-05,13:28:29,CLI-014,Juan Mendoza,PROD-031,4,0.39,0.00,EFECTIVO
VTA-001237,2026-03-05,21:49:44,CLI-009,Lucía Mendoza,PROD-026,2,1.46,0.39,TARJETA
VTA-001238,2026-03-05,07:40:39,CLI-071,Elena Díaz,PROD-018,2,4.07,0.00,EFECTIVO
VTA-001239,2026-03-05,10:20:52,CLI-083,María Rojas,PROD-006,4,1.94,0.00,PLIN
VTA-001239,2026-03-05,10:20:52,CLI-083,María Rojas,PROD-034,3,4.37,0.00,PLIN
VTA-001240,2026-03-05,13:34:35,CLI-023,María García,PROD-027,5,2.42,1.26,EFECTIVO
VTA-001240,2026-03-05,13:34:35,CLI-023,María García,PROD-031,2,0.39,0.00,EFECTIVO
VTA-001241,2026-03-05,21:15:21,CLI-008,Jorge Mendoza,PROD-013,1,2.13,0.24,EFECTIVO
VTA-001242,2026-03-05,11:16:57,CLI-059,Diana Castro,PROD-004,3,3.40,0.00,EFECTIVO
VTA-001242,2026-03-05,11:16:57,CLI-059,Diana Castro,PROD-009,2,5.72,0.00,EFECTIVO
VTA-001243,2026-03-05,13:01:32,CLI-013,Patricia Mendoza,PROD-006,4,1.94,0.00,EFECTIVO
VTA-001244,2026-03-05,21:36:34,CLI-022,José García,PROD-026,4,1.46,0.00,YAPE
VTA-001244,2026-03-05,21:36:34,CLI-022,José García,PROD-008,2,3.10,0.00,YAPE
VTA-001244,2026-03-05,21:36:34,CLI-022,José García,PROD-011,4,4.37,0.00,YAPE
VTA-001244,2026-03-05,21:36:34,CLI-022,José García,PROD-016,4,11.15,0.00,YAPE
VTA-001245,2026-03-05,15:02:43,CLI-049,Lucía Castro,PROD-028,3,1.94,0.00,EFECTIVO
VTA-001245,2026-03-05,15:02:43,CLI-049,Lucía Castro,PROD-019,3,8.63,0.00,EFECTIVO
VTA-001245,2026-03-05,15:02:43,CLI-049,Lucía Castro,PROD-027,4,2.42,0.00,EFECTIVO
VTA-001245,2026-03-05,15:02:43,CLI-049,Lucía Castro,PROD-004,3,3.40,0.00,EFECTIVO
VTA-001246,2026-03-05,12:35:14,CLI-066,Carlos Díaz,PROD-027,1,2.42,0.00,YAPE
VTA-001246,2026-03-05,12:35:14,CLI-066,Carlos Díaz,PROD-031,18,0.39,0.00,YAPE
VTA-001247,2026-03-06,18:19:13,CLI-042,José Castro,PROD-003,1,10.57,0.00,TARJETA
VTA-001247,2026-03-06,18:19:13,CLI-042,José Castro,PROD-001,1,5.04,0.00,TARJETA
VTA-001247,2026-03-06,18:19:13,CLI-042,José Castro,PROD-011,3,4.37,1.17,TARJETA
VTA-001248,2026-03-06,13:49:26,CLI-050,Miguel Castro,PROD-003,2,10.57,0.00,EFECTIVO
VTA-001248,2026-03-06,13:49:26,CLI-050,Miguel Castro,PROD-023,1,7.27,0.00,EFECTIVO
VTA-001249,2026-03-06,20:39:07,CLI-066,Carlos Díaz,PROD-001,4,5.04,0.00,YAPE
VTA-001249,2026-03-06,20:39:07,CLI-066,Carlos Díaz,PROD-029,5,2.72,1.77,YAPE
VTA-001249,2026-03-06,20:39:07,CLI-066,Carlos Díaz,PROD-002,2,4.66,0.00,YAPE
VTA-001249,2026-03-06,20:39:07,CLI-066,Carlos Díaz,PROD-015,5,8.63,1.22,YAPE
VTA-001250,2026-03-06,18:44:33,CLI-047,Ana Castro,PROD-020,6,6.30,0.00,EFECTIVO
VTA-001250,2026-03-06,18:44:33,CLI-047,Ana Castro,PROD-006,3,1.94,0.00,EFECTIVO
VTA-001251,2026-03-06,11:48:41,CLI-065,Carmen Díaz,PROD-006,1,1.94,0.00,PLIN
VTA-001251,2026-03-06,11:48:41,CLI-065,Carmen Díaz,PROD-016,6,11.15,0.00,PLIN
VTA-001252,2026-03-06,20:16:35,CLI-022,José García,PROD-031,12,0.39,0.00,YAPE
VTA-001252,2026-03-06,20:16:35,CLI-022,José García,PROD-027,5,2.42,0.00,YAPE
VTA-001253,2026-03-06,19:05:57,CLI-048,Jorge Castro,PROD-003,3,10.57,0.00,YAPE
VTA-001253,2026-03-06,19:05:57,CLI-048,Jorge Castro,PROD-001,2,5.04,0.00,YAPE
VTA-001254,2026-03-06,16:16:28,CLI-006,Carlos Mendoza,PROD-002,4,4.66,0.00,YAPE
VTA-001254,2026-03-06,16:16:28,CLI-006,Carlos Mendoza,PROD-001,3,5.04,0.00,YAPE
VTA-001254,2026-03-06,16:16:28,CLI-006,Carlos Mendoza,PROD-026,5,1.46,0.00,YAPE
VTA-001254,2026-03-06,16:16:28,CLI-006,Carlos Mendoza,PROD-016,2,11.15,0.00,YAPE
VTA-001255,2026-03-06,11:01:08,CLI-026,Carlos García,PROD-034,2,4.37,0.00,YAPE
VTA-001255,2026-03-06,11:01:08,CLI-026,Carlos García,PROD-010,1,3.88,0.00,YAPE
VTA-001256,2026-03-06,08:59:28,CLI-006,Carlos Mendoza,PROD-011,5,4.37,0.00,YAPE
VTA-001256,2026-03-06,08:59:28,CLI-006,Carlos Mendoza,PROD-008,1,3.10,0.00,YAPE
VTA-001256,2026-03-06,08:59:28,CLI-006,Carlos Mendoza,PROD-031,20,0.39,0.00,YAPE
VTA-001257,2026-03-06,08:49:54,CLI-002,José Mendoza,PROD-020,1,6.30,0.00,EFECTIVO
VTA-001258,2026-03-06,15:34:56,CLI-076,Víctor Díaz,PROD-003,3,10.57,0.00,PLIN
VTA-001258,2026-03-06,15:34:56,CLI-076,Víctor Díaz,PROD-027,1,2.42,0.00,PLIN
VTA-001258,2026-03-06,15:34:56,CLI-076,Víctor Díaz,PROD-031,17,0.39,0.00,PLIN
VTA-001259,2026-03-06,09:06:18,CLI-005,Carmen Mendoza,PROD-027,6,2.42,0.00,EFECTIVO
VTA-001259,2026-03-06,09:06:18,CLI-005,Carmen Mendoza,PROD-022,2,3.10,0.00,EFECTIVO
VTA-001259,2026-03-06,09:06:18,CLI-005,Carmen Mendoza,PROD-028,4,1.94,0.00,EFECTIVO
VTA-001259,2026-03-06,09:06:18,CLI-005,Carmen Mendoza,PROD-007,4,3.40,0.00,EFECTIVO
VTA-001260,2026-03-06,12:59:27,CLI-004,Luis Mendoza,PROD-007,2,3.40,0.00,EFECTIVO
VTA-001260,2026-03-06,12:59:27,CLI-004,Luis Mendoza,PROD-004,6,3.40,0.00,EFECTIVO
VTA-001260,2026-03-06,12:59:27,CLI-004,Luis Mendoza,PROD-028,1,1.94,0.00,EFECTIVO
VTA-001261,2026-03-06,20:41:19,CLI-012,Pedro Mendoza,PROD-006,3,1.94,0.00,EFECTIVO
VTA-001261,2026-03-06,20:41:19,CLI-012,Pedro Mendoza,PROD-005,2,6.69,0.00,EFECTIVO
VTA-001261,2026-03-06,20:41:19,CLI-012,Pedro Mendoza,PROD-031,16,0.39,0.00,EFECTIVO
VTA-001262,2026-03-06,10:15:48,CLI-046,Carlos Castro,PROD-026,2,1.46,0.25,EFECTIVO
VTA-001262,2026-03-06,10:15:48,CLI-046,Carlos Castro,PROD-005,5,6.69,0.00,EFECTIVO
VTA-001263,2026-03-06,10:50:26,CLI-002,José Mendoza,PROD-010,2,3.88,0.00,EFECTIVO
VTA-001264,2026-03-06,17:12:53,CLI-051,Elena Castro,PROD-027,4,2.42,0.00,EFECTIVO
VTA-001265,2026-03-06,08:08:41,CLI-037,Claudia García,PROD-032,6,6.30,0.00,YAPE
VTA-001266,2026-03-06,10:29:18,CLI-012,Pedro Mendoza,PROD-018,3,4.07,0.00,TARJETA
VTA-001266,2026-03-06,10:29:18,CLI-012,Pedro Mendoza,PROD-005,4,6.69,1.95,TARJETA
VTA-001267,2026-03-06,13:46:01,CLI-070,Miguel Díaz,PROD-011,1,4.37,0.00,EFECTIVO
VTA-001267,2026-03-06,13:46:01,CLI-070,Miguel Díaz,PROD-001,6,5.04,0.00,EFECTIVO
VTA-001267,2026-03-06,13:46:01,CLI-070,Miguel Díaz,PROD-006,5,1.94,0.00,EFECTIVO
VTA-001268,2026-03-06,12:31:54,CLI-071,Elena Díaz,PROD-014,3,9.21,0.00,YAPE
VTA-001268,2026-03-06,12:31:54,CLI-071,Elena Díaz,PROD-010,6,3.88,0.00,YAPE
VTA-001268,2026-03-06,12:31:54,CLI-071,Elena Díaz,PROD-029,2,2.72,0.00,YAPE
VTA-001269,2026-03-07,20:31:08,CLI-016,Víctor Mendoza,PROD-009,2,5.72,0.00,PLIN
VTA-001269,2026-03-07,20:31:08,CLI-016,Víctor Mendoza,PROD-031,5,0.39,0.00,PLIN
VTA-001269,2026-03-07,20:31:08,CLI-016,Víctor Mendoza,PROD-029,5,2.72,0.00,PLIN
VTA-001269,2026-03-07,20:31:08,CLI-016,Víctor Mendoza,PROD-014,1,9.21,0.00,PLIN
VTA-001270,2026-03-07,18:46:33,CLI-026,Carlos García,PROD-028,2,1.94,0.00,TARJETA
VTA-001271,2026-03-07,21:50:15,CLI-020,Marco Mendoza,PROD-006,2,1.94,0.00,YAPE
VTA-001272,2026-03-07,11:26:31,CLI-007,Ana Mendoza,PROD-019,2,8.63,0.00,EFECTIVO
VTA-001272,2026-03-07,11:26:31,CLI-007,Ana Mendoza,PROD-007,1,3.40,0.28,EFECTIVO
VTA-001272,2026-03-07,11:26:31,CLI-007,Ana Mendoza,PROD-029,1,2.72,0.00,EFECTIVO
VTA-001272,2026-03-07,11:26:31,CLI-007,Ana Mendoza,PROD-034,5,4.37,0.00,EFECTIVO
VTA-001272,2026-03-07,11:26:31,CLI-007,Ana Mendoza,PROD-011,2,4.37,0.00,EFECTIVO
VTA-001273,2026-03-07,12:21:13,CLI-066,Carlos Díaz,PROD-010,5,3.88,0.00,TARJETA
VTA-001274,2026-03-07,10:15:03,CLI-014,Juan Mendoza,PROD-007,2,3.40,0.00,YAPE
VTA-001274,2026-03-07,10:15:03,CLI-014,Juan Mendoza,PROD-026,5,1.46,0.00,YAPE
VTA-001275,2026-03-07,14:54:24,CLI-067,Ana Díaz,PROD-031,5,0.39,0.00,EFECTIVO
VTA-001276,2026-03-07,16:39:57,CLI-068,Jorge Díaz,PROD-027,6,2.42,0.00,YAPE
VTA-001276,2026-03-07,16:39:57,CLI-068,Jorge Díaz,PROD-006,4,1.94,0.00,YAPE
VTA-001277,2026-03-07,07:24:44,CLI-011,Elena Mendoza,PROD-007,2,3.40,0.00,TARJETA
VTA-001277,2026-03-07,07:24:44,CLI-011,Elena Mendoza,PROD-015,1,8.63,0.00,TARJETA
VTA-001278,2026-03-07,14:52:14,CLI-074,Juan Díaz,PROD-001,3,5.04,0.00,YAPE
VTA-001278,2026-03-07,14:52:14,CLI-074,Juan Díaz,PROD-004,4,3.40,0.00,YAPE
VTA-001278,2026-03-07,14:52:14,CLI-074,Juan Díaz,PROD-026,5,1.46,0.00,YAPE
VTA-001278,2026-03-07,14:52:14,CLI-074,Juan Díaz,PROD-009,5,5.72,0.00,YAPE
VTA-001279,2026-03-07,10:48:43,CLI-012,Pedro Mendoza,PROD-028,2,1.94,0.00,TARJETA
VTA-001279,2026-03-07,10:48:43,CLI-012,Pedro Mendoza,PROD-006,2,1.94,0.00,TARJETA
VTA-001279,2026-03-07,10:48:43,CLI-012,Pedro Mendoza,PROD-031,2,0.39,0.00,TARJETA
VTA-001279,2026-03-07,10:48:43,CLI-012,Pedro Mendoza,PROD-034,1,4.37,0.00,TARJETA
VTA-001279,2026-03-07,10:48:43,CLI-012,Pedro Mendoza,PROD-015,1,8.63,0.00,TARJETA
VTA-001280,2026-03-07,20:06:30,CLI-081,Rosa Rojas,PROD-031,20,0.39,0.00,EFECTIVO
VTA-001280,2026-03-07,20:06:30,CLI-081,Rosa Rojas,PROD-011,5,4.37,0.00,EFECTIVO
VTA-001280,2026-03-07,20:06:30,CLI-081,Rosa Rojas,PROD-029,5,2.72,1.19,EFECTIVO
VTA-001280,2026-03-07,20:06:30,CLI-081,Rosa Rojas,PROD-027,2,2.42,0.00,EFECTIVO
VTA-001280,2026-03-07,20:06:30,CLI-081,Rosa Rojas,PROD-026,6,1.46,0.00,EFECTIVO
VTA-001281,2026-03-07,12:38:34,CLI-011,Elena Mendoza,PROD-031,2,0.39,0.00,YAPE
VTA-001282,2026-03-07,10:43:09,CLI-008,Jorge Mendoza,PROD-026,2,1.46,0.00,TARJETA
VTA-001283,2026-03-07,09:59:42,CLI-026,Carlos García,PROD-016,6,11.15,0.00,YAPE
VTA-001283,2026-03-07,09:59:42,CLI-026,Carlos García,PROD-008,3,3.10,0.00,YAPE
VTA-001284,2026-03-07,16:16:17,CLI-063,María Díaz,PROD-012,4,7.66,0.00,EFECTIVO
VTA-001284,2026-03-07,16:16:17,CLI-063,María Díaz,PROD-026,4,1.46,0.00,EFECTIVO
VTA-001285,2026-03-07,07:17:25,CLI-087,Ana Rojas,PROD-011,6,4.37,0.00,EFECTIVO
VTA-001285,2026-03-07,07:17:25,CLI-087,Ana Rojas,PROD-034,3,4.37,0.00,EFECTIVO
VTA-001286,2026-03-07,09:29:20,CLI-001,Rosa Mendoza,PROD-034,6,4.37,0.00,EFECTIVO
VTA-001286,2026-03-07,09:29:20,CLI-001,Rosa Mendoza,PROD-004,4,3.40,0.00,EFECTIVO
VTA-001287,2026-03-07,16:00:42,CLI-007,Ana Mendoza,PROD-011,5,4.37,0.00,EFECTIVO
VTA-001288,2026-03-07,17:17:05,CLI-030,Miguel García,PROD-026,2,1.46,0.00,EFECTIVO
VTA-001289,2026-03-08,11:15:10,CLI-069,Lucía Díaz,PROD-031,12,0.39,0.55,PLIN
VTA-001290,2026-03-08,18:53:37,CLI-045,Carmen Castro,PROD-034,4,4.37,0.00,EFECTIVO
VTA-001290,2026-03-08,18:53:37,CLI-045,Carmen Castro,PROD-031,19,0.39,0.51,EFECTIVO
VTA-001291,2026-03-08,18:55:59,CLI-095,Milagros Rojas,PROD-012,3,7.66,0.00,EFECTIVO
VTA-001291,2026-03-08,18:55:59,CLI-095,Milagros Rojas,PROD-031,9,0.39,0.00,EFECTIVO
VTA-001292,2026-03-08,13:49:36,CLI-048,Jorge Castro,PROD-013,2,2.13,0.00,EFECTIVO
VTA-001293,2026-03-08,20:59:42,CLI-053,Patricia Castro,PROD-032,1,6.30,0.00,YAPE
VTA-001294,2026-03-08,09:33:31,CLI-002,José Mendoza,PROD-031,4,0.39,0.00,EFECTIVO
VTA-001294,2026-03-08,09:33:31,CLI-002,José Mendoza,PROD-007,5,3.40,0.00,EFECTIVO
VTA-001294,2026-03-08,09:33:31,CLI-002,José Mendoza,PROD-024,2,12.51,0.00,EFECTIVO
VTA-001295,2026-03-08,07:11:08,CLI-061,Rosa Díaz,PROD-011,1,4.37,0.00,EFECTIVO
VTA-001295,2026-03-08,07:11:08,CLI-061,Rosa Díaz,PROD-006,6,1.94,0.27,EFECTIVO
VTA-001296,2026-03-08,21:56:23,CLI-013,Patricia Mendoza,PROD-014,3,9.21,0.00,TARJETA
VTA-001297,2026-03-08,15:46:40,CLI-075,Milagros Díaz,PROD-003,1,10.57,0.00,EFECTIVO
VTA-001297,2026-03-08,15:46:40,CLI-075,Milagros Díaz,PROD-005,4,6.69,0.00,EFECTIVO
VTA-001297,2026-03-08,15:46:40,CLI-075,Milagros Díaz,PROD-032,5,6.30,0.00,EFECTIVO
VTA-001297,2026-03-08,15:46:40,CLI-075,Milagros Díaz,PROD-008,6,3.10,0.00,EFECTIVO
VTA-001298,2026-03-08,18:07:43,CLI-055,Milagros Castro,PROD-027,6,2.42,0.00,EFECTIVO
VTA-001298,2026-03-08,18:07:43,CLI-055,Milagros Castro,PROD-008,6,3.10,0.00,EFECTIVO
VTA-001298,2026-03-08,18:07:43,CLI-055,Milagros Castro,PROD-001,4,5.04,0.00,EFECTIVO
VTA-001299,2026-03-08,16:04:35,CLI-069,Lucía Díaz,PROD-008,2,3.10,0.00,PLIN
VTA-001299,2026-03-08,16:04:35,CLI-069,Lucía Díaz,PROD-019,2,8.63,0.00,PLIN
VTA-001299,2026-03-08,16:04:35,CLI-069,Lucía Díaz,PROD-020,1,6.30,0.00,PLIN
VTA-001299,2026-03-08,16:04:35,CLI-069,Lucía Díaz,PROD-027,3,2.42,0.00,PLIN
VTA-001300,2026-03-08,07:37:58,CLI-006,Carlos Mendoza,PROD-026,4,1.46,0.00,TARJETA
VTA-001300,2026-03-08,07:37:58,CLI-006,Carlos Mendoza,PROD-013,4,2.13,0.00,TARJETA
VTA-001300,2026-03-08,07:37:58,CLI-006,Carlos Mendoza,PROD-006,5,1.94,0.00,TARJETA
VTA-001301,2026-03-08,21:52:16,CLI-074,Juan Díaz,PROD-019,6,8.63,0.00,EFECTIVO
VTA-001301,2026-03-08,21:52:16,CLI-074,Juan Díaz,PROD-018,2,4.07,0.00,EFECTIVO
VTA-001301,2026-03-08,21:52:16,CLI-074,Juan Díaz,PROD-027,4,2.42,0.00,EFECTIVO
VTA-001302,2026-03-08,13:41:22,CLI-038,Renzo García,PROD-008,5,3.10,0.00,EFECTIVO
VTA-001302,2026-03-08,13:41:22,CLI-038,Renzo García,PROD-011,6,4.37,0.00,EFECTIVO
VTA-001303,2026-03-08,15:58:05,CLI-030,Miguel García,PROD-027,1,2.42,0.00,YAPE
VTA-001303,2026-03-08,15:58:05,CLI-030,Miguel García,PROD-031,10,0.39,0.00,YAPE
VTA-001304,2026-03-08,16:10:04,CLI-022,José García,PROD-002,3,4.66,0.00,EFECTIVO
VTA-001305,2026-03-08,19:50:31,CLI-056,Víctor Castro,PROD-007,6,3.40,2.78,EFECTIVO
VTA-001305,2026-03-08,19:50:31,CLI-056,Víctor Castro,PROD-026,5,1.46,0.00,EFECTIVO
VTA-001305,2026-03-08,19:50:31,CLI-056,Víctor Castro,PROD-002,4,4.66,0.00,EFECTIVO
VTA-001306,2026-03-08,21:03:44,CLI-025,Carmen García,PROD-003,4,10.57,0.00,EFECTIVO
VTA-001306,2026-03-08,21:03:44,CLI-025,Carmen García,PROD-005,1,6.69,0.00,EFECTIVO
VTA-001306,2026-03-08,21:03:44,CLI-025,Carmen García,PROD-027,6,2.42,1.99,EFECTIVO
VTA-001307,2026-03-08,07:07:15,CLI-007,Ana Mendoza,PROD-011,5,4.37,2.52,YAPE
VTA-001307,2026-03-08,07:07:15,CLI-007,Ana Mendoza,PROD-007,5,3.40,0.00,YAPE
VTA-001307,2026-03-08,07:07:15,CLI-007,Ana Mendoza,PROD-031,8,0.39,0.00,YAPE
VTA-001307,2026-03-08,07:07:15,CLI-007,Ana Mendoza,PROD-034,3,4.37,0.70,YAPE
VTA-001308,2026-03-08,19:41:08,CLI-018,Renzo Mendoza,PROD-033,3,9.60,0.00,EFECTIVO
VTA-001309,2026-03-09,18:52:58,CLI-043,María Castro,PROD-008,1,3.10,0.00,EFECTIVO
VTA-001309,2026-03-09,18:52:58,CLI-043,María Castro,PROD-010,4,3.88,0.50,EFECTIVO
VTA-001310,2026-03-09,10:25:20,CLI-013,Patricia Mendoza,PROD-026,5,1.46,0.00,YAPE
VTA-001310,2026-03-09,10:25:20,CLI-013,Patricia Mendoza,PROD-012,6,7.66,0.00,YAPE
VTA-001310,2026-03-09,10:25:20,CLI-013,Patricia Mendoza,PROD-027,6,2.42,0.00,YAPE
VTA-001311,2026-03-09,15:43:43,CLI-035,Milagros García,PROD-017,2,8.24,0.00,EFECTIVO
VTA-001312,2026-03-09,11:47:12,CLI-010,Miguel Mendoza,PROD-015,6,8.63,0.00,YAPE
VTA-001312,2026-03-09,11:47:12,CLI-010,Miguel Mendoza,PROD-011,6,4.37,0.00,YAPE
VTA-001313,2026-03-09,07:19:08,CLI-065,Carmen Díaz,PROD-019,5,8.63,0.00,PLIN
VTA-001313,2026-03-09,07:19:08,CLI-065,Carmen Díaz,PROD-008,5,3.10,0.00,PLIN
VTA-001314,2026-03-09,12:18:01,CLI-002,José Mendoza,PROD-033,3,9.60,0.00,YAPE
VTA-001314,2026-03-09,12:18:01,CLI-002,José Mendoza,PROD-001,5,5.04,0.00,YAPE
VTA-001315,2026-03-09,21:55:39,CLI-036,Víctor García,PROD-001,2,5.04,0.00,EFECTIVO
VTA-001315,2026-03-09,21:55:39,CLI-036,Víctor García,PROD-007,6,3.40,0.00,EFECTIVO
VTA-001316,2026-03-09,13:53:42,CLI-036,Víctor García,PROD-026,3,1.46,0.00,YAPE
VTA-001316,2026-03-09,13:53:42,CLI-036,Víctor García,PROD-029,1,2.72,0.00,YAPE
VTA-001316,2026-03-09,13:53:42,CLI-036,Víctor García,PROD-018,2,4.07,0.40,YAPE
VTA-001316,2026-03-09,13:53:42,CLI-036,Víctor García,PROD-004,5,3.40,0.00,YAPE
VTA-001317,2026-03-09,17:58:06,CLI-010,Miguel Mendoza,PROD-018,1,4.07,0.00,YAPE
VTA-001317,2026-03-09,17:58:06,CLI-010,Miguel Mendoza,PROD-001,6,5.04,2.57,YAPE
VTA-001317,2026-03-09,17:58:06,CLI-010,Miguel Mendoza,PROD-006,2,1.94,0.00,YAPE
VTA-001318,2026-03-09,08:46:00,CLI-082,José Rojas,PROD-027,3,2.42,1.08,YAPE
VTA-001319,2026-03-09,12:42:34,CLI-006,Carlos Mendoza,PROD-031,16,0.39,0.49,EFECTIVO
VTA-001320,2026-03-09,17:50:56,CLI-008,Jorge Mendoza,PROD-029,1,2.72,0.00,YAPE
VTA-001320,2026-03-09,17:50:56,CLI-008,Jorge Mendoza,PROD-012,5,7.66,0.00,YAPE
VTA-001321,2026-03-09,12:18:01,CLI-043,María Castro,PROD-006,6,1.94,0.00,YAPE
VTA-001321,2026-03-09,12:18:01,CLI-043,María Castro,PROD-034,2,4.37,0.00,YAPE
VTA-001321,2026-03-09,12:18:01,CLI-043,María Castro,PROD-002,6,4.66,0.00,YAPE
VTA-001321,2026-03-09,12:18:01,CLI-043,María Castro,PROD-009,5,5.72,0.00,YAPE
VTA-001322,2026-03-09,12:45:29,CLI-044,Luis Castro,PROD-008,2,3.10,0.65,TARJETA
VTA-001322,2026-03-09,12:45:29,CLI-044,Luis Castro,PROD-011,6,4.37,3.49,TARJETA
VTA-001322,2026-03-09,12:45:29,CLI-044,Luis Castro,PROD-028,5,1.94,0.00,TARJETA
VTA-001322,2026-03-09,12:45:29,CLI-044,Luis Castro,PROD-031,7,0.39,0.00,TARJETA
VTA-001322,2026-03-09,12:45:29,CLI-044,Luis Castro,PROD-007,5,3.40,0.00,TARJETA
VTA-001323,2026-03-09,18:21:48,CLI-051,Elena Castro,PROD-018,4,4.07,0.00,YAPE
VTA-001324,2026-03-09,15:33:05,CLI-061,Rosa Díaz,PROD-007,4,3.40,0.00,EFECTIVO
VTA-001324,2026-03-09,15:33:05,CLI-061,Rosa Díaz,PROD-001,6,5.04,2.40,EFECTIVO
VTA-001324,2026-03-09,15:33:05,CLI-061,Rosa Díaz,PROD-026,5,1.46,0.00,EFECTIVO
VTA-001324,2026-03-09,15:33:05,CLI-061,Rosa Díaz,PROD-006,3,1.94,0.00,EFECTIVO
VTA-001324,2026-03-09,15:33:05,CLI-061,Rosa Díaz,PROD-004,2,3.40,0.00,EFECTIVO
VTA-001325,2026-03-09,07:53:24,CLI-013,Patricia Mendoza,PROD-007,6,3.40,0.00,EFECTIVO
VTA-001325,2026-03-09,07:53:24,CLI-013,Patricia Mendoza,PROD-021,2,14.45,0.00,EFECTIVO
VTA-001325,2026-03-09,07:53:24,CLI-013,Patricia Mendoza,PROD-011,3,4.37,0.00,EFECTIVO
VTA-001325,2026-03-09,07:53:24,CLI-013,Patricia Mendoza,PROD-009,4,5.72,0.00,EFECTIVO
VTA-001325,2026-03-09,07:53:24,CLI-013,Patricia Mendoza,PROD-031,17,0.39,0.00,EFECTIVO
VTA-001326,2026-03-09,18:08:59,CLI-086,Carlos Rojas,PROD-012,5,7.66,0.00,EFECTIVO
VTA-001326,2026-03-09,18:08:59,CLI-086,Carlos Rojas,PROD-027,4,2.42,0.00,EFECTIVO
VTA-001327,2026-03-09,08:17:21,CLI-069,Lucía Díaz,PROD-018,2,4.07,0.00,YAPE
VTA-001327,2026-03-09,08:17:21,CLI-069,Lucía Díaz,PROD-003,1,10.57,0.00,YAPE
VTA-001327,2026-03-09,08:17:21,CLI-069,Lucía Díaz,PROD-034,2,4.37,0.00,YAPE
VTA-001327,2026-03-09,08:17:21,CLI-069,Lucía Díaz,PROD-033,4,9.60,0.00,YAPE
VTA-001328,2026-03-10,15:08:42,CLI-098,Renzo Rojas,PROD-012,2,7.66,0.00,EFECTIVO
VTA-001329,2026-03-10,11:31:54,CLI-042,José Castro,PROD-018,4,4.07,0.00,PLIN
VTA-001329,2026-03-10,11:31:54,CLI-042,José Castro,PROD-004,3,3.40,0.00,PLIN
VTA-001330,2026-03-10,18:10:21,CLI-002,José Mendoza,PROD-010,6,3.88,0.00,EFECTIVO
VTA-001331,2026-03-10,16:57:26,CLI-034,Juan García,PROD-007,6,3.40,0.78,EFECTIVO
VTA-001331,2026-03-10,16:57:26,CLI-034,Juan García,PROD-003,2,10.57,0.00,EFECTIVO
VTA-001332,2026-03-10,11:56:06,CLI-001,Rosa Mendoza,PROD-008,1,3.10,0.00,EFECTIVO
VTA-001332,2026-03-10,11:56:06,CLI-001,Rosa Mendoza,PROD-015,2,8.63,0.00,EFECTIVO
VTA-001332,2026-03-10,11:56:06,CLI-001,Rosa Mendoza,PROD-001,6,5.04,1.10,EFECTIVO
VTA-001332,2026-03-10,11:56:06,CLI-001,Rosa Mendoza,PROD-027,4,2.42,0.00,EFECTIVO
VTA-001333,2026-03-10,11:59:09,CLI-008,Jorge Mendoza,PROD-031,9,0.39,0.00,EFECTIVO
VTA-001333,2026-03-10,11:59:09,CLI-008,Jorge Mendoza,PROD-016,6,11.15,0.00,EFECTIVO
VTA-001333,2026-03-10,11:59:09,CLI-008,Jorge Mendoza,PROD-013,3,2.13,0.00,EFECTIVO
VTA-001334,2026-03-10,09:32:28,CLI-066,Carlos Díaz,PROD-032,2,6.30,0.00,PLIN
VTA-001334,2026-03-10,09:32:28,CLI-066,Carlos Díaz,PROD-022,6,3.10,0.00,PLIN
VTA-001334,2026-03-10,09:32:28,CLI-066,Carlos Díaz,PROD-019,3,8.63,0.00,PLIN
VTA-001335,2026-03-10,08:36:11,CLI-013,Patricia Mendoza,PROD-010,3,3.88,0.00,TARJETA
VTA-001335,2026-03-10,08:36:11,CLI-013,Patricia Mendoza,PROD-009,4,5.72,0.00,TARJETA
VTA-001336,2026-03-10,12:30:31,CLI-059,Diana Castro,PROD-012,4,7.66,1.86,EFECTIVO
VTA-001336,2026-03-10,12:30:31,CLI-059,Diana Castro,PROD-022,3,3.10,0.77,EFECTIVO
VTA-001337,2026-03-10,16:21:14,CLI-027,Ana García,PROD-020,4,6.30,0.00,YAPE
VTA-001337,2026-03-10,16:21:14,CLI-027,Ana García,PROD-013,6,2.13,1.35,YAPE
VTA-001337,2026-03-10,16:21:14,CLI-027,Ana García,PROD-012,2,7.66,0.00,YAPE
VTA-001338,2026-03-10,17:17:29,CLI-040,Marco García,PROD-001,6,5.04,0.00,EFECTIVO
VTA-001338,2026-03-10,17:17:29,CLI-040,Marco García,PROD-002,1,4.66,0.00,EFECTIVO
VTA-001339,2026-03-10,14:27:05,CLI-010,Miguel Mendoza,PROD-006,4,1.94,0.00,YAPE
VTA-001339,2026-03-10,14:27:05,CLI-010,Miguel Mendoza,PROD-014,3,9.21,0.00,YAPE
VTA-001339,2026-03-10,14:27:05,CLI-010,Miguel Mendoza,PROD-010,5,3.88,0.00,YAPE
VTA-001340,2026-03-10,15:36:29,CLI-036,Víctor García,PROD-022,2,3.10,0.00,EFECTIVO
VTA-001340,2026-03-10,15:36:29,CLI-036,Víctor García,PROD-011,1,4.37,0.00,EFECTIVO
VTA-001341,2026-03-10,16:18:43,CLI-022,José García,PROD-005,2,6.69,0.00,PLIN
VTA-001341,2026-03-10,16:18:43,CLI-022,José García,PROD-008,4,3.10,0.00,PLIN
VTA-001341,2026-03-10,16:18:43,CLI-022,José García,PROD-009,5,5.72,0.00,PLIN
VTA-001341,2026-03-10,16:18:43,CLI-022,José García,PROD-029,3,2.72,0.60,PLIN
VTA-001342,2026-03-10,08:06:38,CLI-061,Rosa Díaz,PROD-028,1,1.94,0.00,EFECTIVO
VTA-001342,2026-03-10,08:06:38,CLI-061,Rosa Díaz,PROD-029,1,2.72,0.00,EFECTIVO
VTA-001343,2026-03-10,14:49:26,CLI-027,Ana García,PROD-004,1,3.40,0.00,PLIN
VTA-001343,2026-03-10,14:49:26,CLI-027,Ana García,PROD-001,2,5.04,0.00,PLIN
VTA-001343,2026-03-10,14:49:26,CLI-027,Ana García,PROD-008,4,3.10,0.00,PLIN
VTA-001343,2026-03-10,14:49:26,CLI-027,Ana García,PROD-013,1,2.13,0.00,PLIN
VTA-001344,2026-03-10,16:20:04,CLI-008,Jorge Mendoza,PROD-006,4,1.94,0.00,YAPE
VTA-001344,2026-03-10,16:20:04,CLI-008,Jorge Mendoza,PROD-008,6,3.10,0.00,YAPE
VTA-001344,2026-03-10,16:20:04,CLI-008,Jorge Mendoza,PROD-005,6,6.69,0.00,YAPE
VTA-001345,2026-03-10,07:31:59,CLI-060,Marco Castro,PROD-001,1,5.04,0.00,PLIN
VTA-001345,2026-03-10,07:31:59,CLI-060,Marco Castro,PROD-004,4,3.40,0.00,PLIN
VTA-001345,2026-03-10,07:31:59,CLI-060,Marco Castro,PROD-003,4,10.57,0.00,PLIN
VTA-001346,2026-03-11,15:23:02,CLI-015,Milagros Mendoza,PROD-002,4,4.66,0.00,YAPE
VTA-001347,2026-03-11,10:54:55,CLI-015,Milagros Mendoza,PROD-034,5,4.37,0.00,YAPE
VTA-001347,2026-03-11,10:54:55,CLI-015,Milagros Mendoza,PROD-008,4,3.10,1.63,YAPE
VTA-001347,2026-03-11,10:54:55,CLI-015,Milagros Mendoza,PROD-027,1,2.42,0.06,YAPE
VTA-001348,2026-03-11,19:06:45,CLI-002,José Mendoza,PROD-008,3,3.10,0.00,YAPE
VTA-001348,2026-03-11,19:06:45,CLI-002,José Mendoza,PROD-006,5,1.94,0.00,YAPE
VTA-001348,2026-03-11,19:06:45,CLI-002,José Mendoza,PROD-026,1,1.46,0.00,YAPE
VTA-001349,2026-03-11,08:42:47,CLI-016,Víctor Mendoza,PROD-031,19,0.39,0.00,YAPE
VTA-001349,2026-03-11,08:42:47,CLI-016,Víctor Mendoza,PROD-027,6,2.42,1.47,YAPE
VTA-001349,2026-03-11,08:42:47,CLI-016,Víctor Mendoza,PROD-018,5,4.07,0.00,YAPE
VTA-001349,2026-03-11,08:42:47,CLI-016,Víctor Mendoza,PROD-011,5,4.37,0.00,YAPE
VTA-001349,2026-03-11,08:42:47,CLI-016,Víctor Mendoza,PROD-010,5,3.88,0.00,YAPE
VTA-001350,2026-03-11,17:52:49,CLI-041,Rosa Castro,PROD-003,6,10.57,0.00,EFECTIVO
VTA-001350,2026-03-11,17:52:49,CLI-041,Rosa Castro,PROD-033,4,9.60,0.00,EFECTIVO
VTA-001351,2026-03-11,16:48:38,CLI-036,Víctor García,PROD-032,4,6.30,0.00,EFECTIVO
VTA-001351,2026-03-11,16:48:38,CLI-036,Víctor García,PROD-028,5,1.94,0.00,EFECTIVO
VTA-001351,2026-03-11,16:48:38,CLI-036,Víctor García,PROD-011,3,4.37,0.73,EFECTIVO
VTA-001352,2026-03-11,09:19:49,CLI-057,Claudia Castro,PROD-028,2,1.94,0.00,YAPE
VTA-001353,2026-03-11,13:36:21,CLI-036,Víctor García,PROD-026,4,1.46,0.00,EFECTIVO
VTA-001353,2026-03-11,13:36:21,CLI-036,Víctor García,PROD-008,3,3.10,0.00,EFECTIVO
VTA-001353,2026-03-11,13:36:21,CLI-036,Víctor García,PROD-007,1,3.40,0.00,EFECTIVO
VTA-001353,2026-03-11,13:36:21,CLI-036,Víctor García,PROD-001,2,5.04,0.00,EFECTIVO
VTA-001354,2026-03-11,19:37:12,CLI-007,Ana Mendoza,PROD-013,3,2.13,0.00,EFECTIVO
VTA-001355,2026-03-11,14:44:18,CLI-088,Jorge Rojas,PROD-003,6,10.57,0.00,YAPE
VTA-001355,2026-03-11,14:44:18,CLI-088,Jorge Rojas,PROD-002,1,4.66,0.57,YAPE
VTA-001355,2026-03-11,14:44:18,CLI-088,Jorge Rojas,PROD-029,3,2.72,0.00,YAPE
VTA-001356,2026-03-11,11:33:22,CLI-019,Diana Mendoza,PROD-013,4,2.13,0.00,EFECTIVO
VTA-001356,2026-03-11,11:33:22,CLI-019,Diana Mendoza,PROD-031,5,0.39,0.00,EFECTIVO
VTA-001357,2026-03-11,11:15:18,CLI-001,Rosa Mendoza,PROD-005,6,6.69,0.00,YAPE
VTA-001357,2026-03-11,11:15:18,CLI-001,Rosa Mendoza,PROD-031,4,0.39,0.00,YAPE
VTA-001358,2026-03-11,11:48:45,CLI-078,Renzo Díaz,PROD-011,5,4.37,0.00,EFECTIVO
VTA-001358,2026-03-11,11:48:45,CLI-078,Renzo Díaz,PROD-034,5,4.37,1.69,EFECTIVO
VTA-001358,2026-03-11,11:48:45,CLI-078,Renzo Díaz,PROD-010,2,3.88,0.00,EFECTIVO
VTA-001358,2026-03-11,11:48:45,CLI-078,Renzo Díaz,PROD-001,1,5.04,0.00,EFECTIVO
VTA-001359,2026-03-11,12:18:44,CLI-015,Milagros Mendoza,PROD-029,5,2.72,0.00,EFECTIVO
VTA-001359,2026-03-11,12:18:44,CLI-015,Milagros Mendoza,PROD-023,2,7.27,0.00,EFECTIVO
VTA-001360,2026-03-11,19:01:55,CLI-025,Carmen García,PROD-007,1,3.40,0.00,EFECTIVO
VTA-001360,2026-03-11,19:01:55,CLI-025,Carmen García,PROD-031,7,0.39,0.00,EFECTIVO
VTA-001360,2026-03-11,19:01:55,CLI-025,Carmen García,PROD-027,5,2.42,0.00,EFECTIVO
VTA-001360,2026-03-11,19:01:55,CLI-025,Carmen García,PROD-001,2,5.04,0.34,EFECTIVO
VTA-001360,2026-03-11,19:01:55,CLI-025,Carmen García,PROD-029,1,2.72,0.00,EFECTIVO
VTA-001361,2026-03-11,13:45:00,CLI-043,María Castro,PROD-028,6,1.94,0.00,EFECTIVO
VTA-001361,2026-03-11,13:45:00,CLI-043,María Castro,PROD-017,6,8.24,0.00,EFECTIVO
VTA-001361,2026-03-11,13:45:00,CLI-043,María Castro,PROD-016,6,11.15,0.00,EFECTIVO
VTA-001361,2026-03-11,13:45:00,CLI-043,María Castro,PROD-027,6,2.42,0.00,EFECTIVO
VTA-001362,2026-03-11,15:15:19,CLI-006,Carlos Mendoza,PROD-002,1,4.66,0.53,YAPE
VTA-001362,2026-03-11,15:15:19,CLI-006,Carlos Mendoza,PROD-012,3,7.66,0.00,YAPE
VTA-001362,2026-03-11,15:15:19,CLI-006,Carlos Mendoza,PROD-027,1,2.42,0.00,YAPE
VTA-001363,2026-03-11,10:07:01,CLI-022,José García,PROD-016,3,11.15,0.00,YAPE
VTA-001364,2026-03-12,13:31:43,CLI-042,José Castro,PROD-020,4,6.30,0.00,EFECTIVO
VTA-001364,2026-03-12,13:31:43,CLI-042,José Castro,PROD-026,3,1.46,0.00,EFECTIVO
VTA-001364,2026-03-12,13:31:43,CLI-042,José Castro,PROD-011,6,4.37,0.00,EFECTIVO
VTA-001364,2026-03-12,13:31:43,CLI-042,José Castro,PROD-001,1,5.04,0.00,EFECTIVO
VTA-001365,2026-03-12,19:24:58,CLI-062,José Díaz,PROD-027,5,2.42,0.00,EFECTIVO
VTA-001366,2026-03-12,19:02:52,CLI-068,Jorge Díaz,PROD-002,4,4.66,0.00,YAPE
VTA-001366,2026-03-12,19:02:52,CLI-068,Jorge Díaz,PROD-027,4,2.42,1.45,YAPE
VTA-001367,2026-03-12,12:24:32,CLI-062,José Díaz,PROD-015,3,8.63,0.00,EFECTIVO
VTA-001367,2026-03-12,12:24:32,CLI-062,José Díaz,PROD-002,6,4.66,0.00,EFECTIVO
VTA-001368,2026-03-12,16:11:37,CLI-008,Jorge Mendoza,PROD-005,3,6.69,0.00,EFECTIVO
VTA-001368,2026-03-12,16:11:37,CLI-008,Jorge Mendoza,PROD-026,1,1.46,0.03,EFECTIVO
VTA-001369,2026-03-12,07:40:00,CLI-030,Miguel García,PROD-015,2,8.63,2.13,YAPE
VTA-001370,2026-03-12,15:51:47,CLI-013,Patricia Mendoza,PROD-006,4,1.94,0.00,TARJETA
VTA-001370,2026-03-12,15:51:47,CLI-013,Patricia Mendoza,PROD-023,6,7.27,3.06,TARJETA
VTA-001370,2026-03-12,15:51:47,CLI-013,Patricia Mendoza,PROD-010,2,3.88,0.00,TARJETA
VTA-001370,2026-03-12,15:51:47,CLI-013,Patricia Mendoza,PROD-033,4,9.60,0.00,TARJETA
VTA-001370,2026-03-12,15:51:47,CLI-013,Patricia Mendoza,PROD-007,4,3.40,0.00,TARJETA
VTA-001371,2026-03-12,09:09:26,CLI-019,Diana Mendoza,PROD-011,2,4.37,0.00,YAPE
VTA-001372,2026-03-12,20:01:01,CLI-027,Ana García,PROD-029,6,2.72,0.00,TARJETA
VTA-001372,2026-03-12,20:01:01,CLI-027,Ana García,PROD-013,2,2.13,0.00,TARJETA
VTA-001372,2026-03-12,20:01:01,CLI-027,Ana García,PROD-027,6,2.42,0.00,TARJETA
VTA-001372,2026-03-12,20:01:01,CLI-027,Ana García,PROD-026,6,1.46,0.00,TARJETA
VTA-001373,2026-03-12,16:31:06,CLI-008,Jorge Mendoza,PROD-006,1,1.94,0.00,EFECTIVO
VTA-001373,2026-03-12,16:31:06,CLI-008,Jorge Mendoza,PROD-026,5,1.46,0.00,EFECTIVO
VTA-001374,2026-03-12,13:28:40,CLI-047,Ana Castro,PROD-013,6,2.13,0.00,TARJETA
VTA-001374,2026-03-12,13:28:40,CLI-047,Ana Castro,PROD-028,2,1.94,0.00,TARJETA
VTA-001374,2026-03-12,13:28:40,CLI-047,Ana Castro,PROD-029,5,2.72,0.00,TARJETA
VTA-001375,2026-03-12,09:28:38,CLI-014,Juan Mendoza,PROD-005,3,6.69,1.80,YAPE
VTA-001375,2026-03-12,09:28:38,CLI-014,Juan Mendoza,PROD-004,6,3.40,0.00,YAPE
VTA-001376,2026-03-13,11:31:52,CLI-023,María García,PROD-027,5,2.42,0.00,PLIN
VTA-001376,2026-03-13,11:31:52,CLI-023,María García,PROD-006,5,1.94,0.00,PLIN
VTA-001376,2026-03-13,11:31:52,CLI-023,María García,PROD-001,4,5.04,0.00,PLIN
VTA-001377,2026-03-13,12:09:10,CLI-008,Jorge Mendoza,PROD-002,6,4.66,0.00,EFECTIVO
VTA-001377,2026-03-13,12:09:10,CLI-008,Jorge Mendoza,PROD-029,2,2.72,0.00,EFECTIVO
VTA-001377,2026-03-13,12:09:10,CLI-008,Jorge Mendoza,PROD-008,5,3.10,0.00,EFECTIVO
VTA-001377,2026-03-13,12:09:10,CLI-008,Jorge Mendoza,PROD-011,6,4.37,2.21,EFECTIVO
VTA-001377,2026-03-13,12:09:10,CLI-008,Jorge Mendoza,PROD-027,6,2.42,0.00,EFECTIVO
VTA-001378,2026-03-13,19:32:34,CLI-004,Luis Mendoza,PROD-017,3,8.24,0.00,EFECTIVO
VTA-001378,2026-03-13,19:32:34,CLI-004,Luis Mendoza,PROD-002,3,4.66,0.00,EFECTIVO
VTA-001378,2026-03-13,19:32:34,CLI-004,Luis Mendoza,PROD-022,6,3.10,2.50,EFECTIVO
VTA-001379,2026-03-13,09:24:55,CLI-008,Jorge Mendoza,PROD-002,4,4.66,0.00,YAPE
VTA-001379,2026-03-13,09:24:55,CLI-008,Jorge Mendoza,PROD-031,9,0.39,0.22,YAPE
VTA-001380,2026-03-13,11:17:59,CLI-078,Renzo Díaz,PROD-009,3,5.72,0.00,PLIN
VTA-001381,2026-03-13,18:56:05,CLI-031,Elena García,PROD-007,3,3.40,0.00,YAPE
VTA-001381,2026-03-13,18:56:05,CLI-031,Elena García,PROD-026,5,1.46,0.00,YAPE
VTA-001382,2026-03-13,10:22:57,CLI-045,Carmen Castro,PROD-017,6,8.24,0.00,EFECTIVO
VTA-001382,2026-03-13,10:22:57,CLI-045,Carmen Castro,PROD-028,5,1.94,0.00,EFECTIVO
VTA-001383,2026-03-13,10:59:35,CLI-007,Ana Mendoza,PROD-017,1,8.24,0.00,EFECTIVO
VTA-001384,2026-03-13,10:29:49,CLI-022,José García,PROD-015,5,8.63,0.00,EFECTIVO
VTA-001384,2026-03-13,10:29:49,CLI-022,José García,PROD-007,5,3.40,0.00,EFECTIVO
VTA-001384,2026-03-13,10:29:49,CLI-022,José García,PROD-003,5,10.57,6.75,EFECTIVO
VTA-001385,2026-03-13,11:14:45,CLI-049,Lucía Castro,PROD-005,2,6.69,0.00,EFECTIVO
VTA-001385,2026-03-13,11:14:45,CLI-049,Lucía Castro,PROD-019,3,8.63,0.00,EFECTIVO
VTA-001385,2026-03-13,11:14:45,CLI-049,Lucía Castro,PROD-010,3,3.88,0.00,EFECTIVO
VTA-001385,2026-03-13,11:14:45,CLI-049,Lucía Castro,PROD-002,5,4.66,0.00,EFECTIVO
VTA-001386,2026-03-13,09:59:18,CLI-028,Jorge García,PROD-028,6,1.94,0.00,PLIN
VTA-001386,2026-03-13,09:59:18,CLI-028,Jorge García,PROD-018,4,4.07,0.75,PLIN
VTA-001386,2026-03-13,09:59:18,CLI-028,Jorge García,PROD-009,1,5.72,0.00,PLIN
VTA-001387,2026-03-13,08:50:00,CLI-039,Diana García,PROD-019,1,8.63,0.00,EFECTIVO
VTA-001387,2026-03-13,08:50:00,CLI-039,Diana García,PROD-013,5,2.13,0.00,EFECTIVO
VTA-001387,2026-03-13,08:50:00,CLI-039,Diana García,PROD-026,6,1.46,0.00,EFECTIVO
VTA-001388,2026-03-13,18:21:17,CLI-035,Milagros García,PROD-006,5,1.94,0.00,EFECTIVO
VTA-001388,2026-03-13,18:21:17,CLI-035,Milagros García,PROD-031,18,0.39,0.66,EFECTIVO
VTA-001389,2026-03-13,09:43:37,CLI-004,Luis Mendoza,PROD-016,6,11.15,0.00,TARJETA
VTA-001389,2026-03-13,09:43:37,CLI-004,Luis Mendoza,PROD-028,1,1.94,0.00,TARJETA
VTA-001390,2026-03-13,12:22:52,CLI-004,Luis Mendoza,PROD-028,6,1.94,0.00,EFECTIVO
VTA-001390,2026-03-13,12:22:52,CLI-004,Luis Mendoza,PROD-012,3,7.66,0.00,EFECTIVO
VTA-001390,2026-03-13,12:22:52,CLI-004,Luis Mendoza,PROD-011,5,4.37,0.00,EFECTIVO
VTA-001391,2026-03-13,15:13:31,CLI-054,Juan Castro,PROD-009,4,5.72,0.00,TARJETA
VTA-001392,2026-03-13,18:59:03,CLI-039,Diana García,PROD-022,4,3.10,0.00,YAPE
VTA-001393,2026-03-13,19:43:44,CLI-020,Marco Mendoza,PROD-020,4,6.30,0.00,EFECTIVO
VTA-001394,2026-03-13,14:40:09,CLI-054,Juan Castro,PROD-007,5,3.40,2.07,YAPE
VTA-001394,2026-03-13,14:40:09,CLI-054,Juan Castro,PROD-022,6,3.10,0.00,YAPE
VTA-001395,2026-03-13,19:58:18,CLI-016,Víctor Mendoza,PROD-031,9,0.39,0.00,EFECTIVO
VTA-001396,2026-03-13,12:58:07,CLI-036,Víctor García,PROD-007,1,3.40,0.00,PLIN
VTA-001396,2026-03-13,12:58:07,CLI-036,Víctor García,PROD-015,3,8.63,0.00,PLIN
VTA-001396,2026-03-13,12:58:07,CLI-036,Víctor García,PROD-027,4,2.42,0.00,PLIN
VTA-001397,2026-03-13,16:02:08,CLI-047,Ana Castro,PROD-015,4,8.63,0.00,YAPE
VTA-001397,2026-03-13,16:02:08,CLI-047,Ana Castro,PROD-012,3,7.66,0.00,YAPE
VTA-001397,2026-03-13,16:02:08,CLI-047,Ana Castro,PROD-032,1,6.30,0.00,YAPE
VTA-001398,2026-03-13,19:56:55,CLI-013,Patricia Mendoza,PROD-028,2,1.94,0.00,YAPE
VTA-001398,2026-03-13,19:56:55,CLI-013,Patricia Mendoza,PROD-012,1,7.66,0.00,YAPE
VTA-001399,2026-03-13,14:37:16,CLI-060,Marco Castro,PROD-031,17,0.39,0.73,EFECTIVO
VTA-001399,2026-03-13,14:37:16,CLI-060,Marco Castro,PROD-018,5,4.07,0.00,EFECTIVO
VTA-001399,2026-03-13,14:37:16,CLI-060,Marco Castro,PROD-034,3,4.37,0.00,EFECTIVO
VTA-001399,2026-03-13,14:37:16,CLI-060,Marco Castro,PROD-020,6,6.30,0.00,EFECTIVO
VTA-001400,2026-03-13,18:35:43,CLI-001,Rosa Mendoza,PROD-027,2,2.42,0.00,EFECTIVO
VTA-001400,2026-03-13,18:35:43,CLI-001,Rosa Mendoza,PROD-004,5,3.40,0.00,EFECTIVO
VTA-001401,2026-03-13,11:53:07,CLI-003,María Mendoza,PROD-029,4,2.72,0.00,YAPE
VTA-001402,2026-03-13,17:12:16,CLI-004,Luis Mendoza,PROD-001,3,5.04,0.00,YAPE
VTA-001402,2026-03-13,17:12:16,CLI-004,Luis Mendoza,PROD-023,4,7.27,1.52,YAPE
VTA-001402,2026-03-13,17:12:16,CLI-004,Luis Mendoza,PROD-002,6,4.66,0.00,YAPE
VTA-001403,2026-03-14,20:49:19,CLI-042,José Castro,PROD-033,4,9.60,0.00,EFECTIVO
VTA-001403,2026-03-14,20:49:19,CLI-042,José Castro,PROD-016,2,11.15,0.00,EFECTIVO
VTA-001404,2026-03-14,10:40:14,CLI-008,Jorge Mendoza,PROD-022,1,3.10,0.00,EFECTIVO
VTA-001404,2026-03-14,10:40:14,CLI-008,Jorge Mendoza,PROD-033,2,9.60,0.00,EFECTIVO
VTA-001404,2026-03-14,10:40:14,CLI-008,Jorge Mendoza,PROD-026,1,1.46,0.00,EFECTIVO
VTA-001405,2026-03-14,15:50:29,CLI-043,María Castro,PROD-011,3,4.37,0.00,YAPE
VTA-001406,2026-03-14,10:39:55,CLI-062,José Díaz,PROD-027,1,2.42,0.00,EFECTIVO
VTA-001406,2026-03-14,10:39:55,CLI-062,José Díaz,PROD-032,2,6.30,0.00,EFECTIVO
VTA-001407,2026-03-14,18:21:26,CLI-062,José Díaz,PROD-014,2,9.21,0.00,PLIN
VTA-001407,2026-03-14,18:21:26,CLI-062,José Díaz,PROD-003,3,10.57,2.05,PLIN
VTA-001407,2026-03-14,18:21:26,CLI-062,José Díaz,PROD-007,6,3.40,0.00,PLIN
VTA-001408,2026-03-14,14:45:54,CLI-023,María García,PROD-001,5,5.04,0.00,YAPE
VTA-001408,2026-03-14,14:45:54,CLI-023,María García,PROD-006,1,1.94,0.00,YAPE
VTA-001408,2026-03-14,14:45:54,CLI-023,María García,PROD-029,2,2.72,0.00,YAPE
VTA-001408,2026-03-14,14:45:54,CLI-023,María García,PROD-011,4,4.37,1.20,YAPE
VTA-001408,2026-03-14,14:45:54,CLI-023,María García,PROD-031,7,0.39,0.00,YAPE
VTA-001409,2026-03-14,21:48:56,CLI-068,Jorge Díaz,PROD-012,1,7.66,0.00,EFECTIVO
VTA-001409,2026-03-14,21:48:56,CLI-068,Jorge Díaz,PROD-016,5,11.15,0.00,EFECTIVO
VTA-001409,2026-03-14,21:48:56,CLI-068,Jorge Díaz,PROD-014,2,9.21,0.00,EFECTIVO
VTA-001410,2026-03-14,10:33:44,CLI-050,Miguel Castro,PROD-007,4,3.40,0.00,YAPE
VTA-001410,2026-03-14,10:33:44,CLI-050,Miguel Castro,PROD-016,1,11.15,0.00,YAPE
VTA-001410,2026-03-14,10:33:44,CLI-050,Miguel Castro,PROD-011,2,4.37,0.00,YAPE
VTA-001410,2026-03-14,10:33:44,CLI-050,Miguel Castro,PROD-013,4,2.13,0.67,YAPE
VTA-001410,2026-03-14,10:33:44,CLI-050,Miguel Castro,PROD-031,12,0.39,0.00,YAPE
VTA-001411,2026-03-14,19:16:59,CLI-068,Jorge Díaz,PROD-007,4,3.40,0.00,TARJETA
VTA-001411,2026-03-14,19:16:59,CLI-068,Jorge Díaz,PROD-029,6,2.72,0.00,TARJETA
VTA-001411,2026-03-14,19:16:59,CLI-068,Jorge Díaz,PROD-019,5,8.63,0.00,TARJETA
VTA-001412,2026-03-14,10:33:45,CLI-012,Pedro Mendoza,PROD-005,1,6.69,0.00,YAPE
VTA-001412,2026-03-14,10:33:45,CLI-012,Pedro Mendoza,PROD-013,2,2.13,0.00,YAPE
VTA-001412,2026-03-14,10:33:45,CLI-012,Pedro Mendoza,PROD-028,5,1.94,0.00,YAPE
VTA-001412,2026-03-14,10:33:45,CLI-012,Pedro Mendoza,PROD-001,1,5.04,0.00,YAPE
VTA-001413,2026-03-14,13:10:19,CLI-010,Miguel Mendoza,PROD-008,2,3.10,0.00,EFECTIVO
VTA-001413,2026-03-14,13:10:19,CLI-010,Miguel Mendoza,PROD-019,4,8.63,0.00,EFECTIVO
VTA-001413,2026-03-14,13:10:19,CLI-010,Miguel Mendoza,PROD-003,3,10.57,0.00,EFECTIVO
VTA-001414,2026-03-14,17:09:23,CLI-035,Milagros García,PROD-013,1,2.13,0.00,EFECTIVO
VTA-001414,2026-03-14,17:09:23,CLI-035,Milagros García,PROD-032,5,6.30,0.00,EFECTIVO
VTA-001414,2026-03-14,17:09:23,CLI-035,Milagros García,PROD-003,4,10.57,0.00,EFECTIVO
VTA-001414,2026-03-14,17:09:23,CLI-035,Milagros García,PROD-004,6,3.40,0.76,EFECTIVO
VTA-001415,2026-03-14,17:30:02,CLI-063,María Díaz,PROD-003,4,10.57,0.00,EFECTIVO
VTA-001415,2026-03-14,17:30:02,CLI-063,María Díaz,PROD-006,3,1.94,0.00,EFECTIVO
VTA-001416,2026-03-14,12:15:35,CLI-081,Rosa Rojas,PROD-007,3,3.40,0.00,YAPE
VTA-001417,2026-03-14,21:27:00,CLI-030,Miguel García,PROD-027,2,2.42,0.00,EFECTIVO
VTA-001418,2026-03-14,17:15:07,CLI-012,Pedro Mendoza,PROD-012,6,7.66,0.00,PLIN
VTA-001418,2026-03-14,17:15:07,CLI-012,Pedro Mendoza,PROD-016,4,11.15,0.00,PLIN
VTA-001418,2026-03-14,17:15:07,CLI-012,Pedro Mendoza,PROD-006,5,1.94,0.00,PLIN
VTA-001418,2026-03-14,17:15:07,CLI-012,Pedro Mendoza,PROD-001,6,5.04,0.00,PLIN
VTA-001419,2026-03-14,16:38:18,CLI-025,Carmen García,PROD-011,4,4.37,0.00,YAPE
VTA-001419,2026-03-14,16:38:18,CLI-025,Carmen García,PROD-031,20,0.39,0.00,YAPE
VTA-001419,2026-03-14,16:38:18,CLI-025,Carmen García,PROD-032,1,6.30,0.00,YAPE
VTA-001420,2026-03-14,19:06:40,CLI-003,María Mendoza,PROD-026,3,1.46,0.00,YAPE
VTA-001421,2026-03-14,14:32:50,CLI-032,Pedro García,PROD-002,6,4.66,0.00,YAPE
VTA-001421,2026-03-14,14:32:50,CLI-032,Pedro García,PROD-031,14,0.39,0.00,YAPE
VTA-001421,2026-03-14,14:32:50,CLI-032,Pedro García,PROD-013,6,2.13,0.00,YAPE
VTA-001421,2026-03-14,14:32:50,CLI-032,Pedro García,PROD-007,6,3.40,0.00,YAPE
VTA-001422,2026-03-14,08:31:30,CLI-076,Víctor Díaz,PROD-007,3,3.40,1.23,EFECTIVO
VTA-001422,2026-03-14,08:31:30,CLI-076,Víctor Díaz,PROD-003,4,10.57,1.03,EFECTIVO
VTA-001422,2026-03-14,08:31:30,CLI-076,Víctor Díaz,PROD-013,1,2.13,0.00,EFECTIVO
VTA-001422,2026-03-14,08:31:30,CLI-076,Víctor Díaz,PROD-026,3,1.46,0.00,EFECTIVO
VTA-001423,2026-03-14,11:57:50,CLI-051,Elena Castro,PROD-027,2,2.42,0.00,EFECTIVO
VTA-001423,2026-03-14,11:57:50,CLI-051,Elena Castro,PROD-014,1,9.21,0.00,EFECTIVO
VTA-001424,2026-03-14,10:51:32,CLI-003,María Mendoza,PROD-022,1,3.10,0.00,EFECTIVO
VTA-001424,2026-03-14,10:51:32,CLI-003,María Mendoza,PROD-004,2,3.40,0.83,EFECTIVO
VTA-001424,2026-03-14,10:51:32,CLI-003,María Mendoza,PROD-026,3,1.46,0.00,EFECTIVO
VTA-001424,2026-03-14,10:51:32,CLI-003,María Mendoza,PROD-002,6,4.66,0.00,EFECTIVO
VTA-001425,2026-03-14,09:00:52,CLI-023,María García,PROD-006,6,1.94,0.00,PLIN
VTA-001426,2026-03-15,20:45:07,CLI-087,Ana Rojas,PROD-002,6,4.66,0.00,YAPE
VTA-001427,2026-03-15,15:54:38,CLI-004,Luis Mendoza,PROD-002,4,4.66,0.00,EFECTIVO
VTA-001428,2026-03-15,07:33:59,CLI-012,Pedro Mendoza,PROD-003,6,10.57,2.40,YAPE
VTA-001428,2026-03-15,07:33:59,CLI-012,Pedro Mendoza,PROD-011,4,4.37,0.00,YAPE
VTA-001428,2026-03-15,07:33:59,CLI-012,Pedro Mendoza,PROD-032,3,6.30,0.00,YAPE
VTA-001429,2026-03-15,15:28:49,CLI-002,José Mendoza,PROD-003,6,10.57,0.00,EFECTIVO
VTA-001430,2026-03-15,18:43:33,CLI-017,Claudia Mendoza,PROD-031,20,0.39,0.00,YAPE
VTA-001430,2026-03-15,18:43:33,CLI-017,Claudia Mendoza,PROD-001,1,5.04,0.00,YAPE
VTA-001431,2026-03-15,21:28:44,CLI-001,Rosa Mendoza,PROD-019,4,8.63,0.00,TARJETA
VTA-001431,2026-03-15,21:28:44,CLI-001,Rosa Mendoza,PROD-006,1,1.94,0.17,TARJETA
VTA-001431,2026-03-15,21:28:44,CLI-001,Rosa Mendoza,PROD-034,6,4.37,0.00,TARJETA
VTA-001431,2026-03-15,21:28:44,CLI-001,Rosa Mendoza,PROD-012,3,7.66,0.00,TARJETA
VTA-001432,2026-03-15,17:58:06,CLI-050,Miguel Castro,PROD-026,3,1.46,0.00,TARJETA
VTA-001432,2026-03-15,17:58:06,CLI-050,Miguel Castro,PROD-007,6,3.40,0.00,TARJETA
VTA-001432,2026-03-15,17:58:06,CLI-050,Miguel Castro,PROD-019,2,8.63,0.00,TARJETA
VTA-001432,2026-03-15,17:58:06,CLI-050,Miguel Castro,PROD-013,3,2.13,0.00,TARJETA
VTA-001433,2026-03-15,12:53:04,CLI-007,Ana Mendoza,PROD-012,2,7.66,0.00,EFECTIVO
VTA-001433,2026-03-15,12:53:04,CLI-007,Ana Mendoza,PROD-002,3,4.66,0.00,EFECTIVO
VTA-001434,2026-03-15,16:37:31,CLI-048,Jorge Castro,PROD-031,5,0.39,0.00,YAPE
VTA-001435,2026-03-15,12:36:36,CLI-040,Marco García,PROD-006,2,1.94,0.16,TARJETA
VTA-001435,2026-03-15,12:36:36,CLI-040,Marco García,PROD-023,4,7.27,0.00,TARJETA
VTA-001435,2026-03-15,12:36:36,CLI-040,Marco García,PROD-026,5,1.46,0.00,TARJETA
VTA-001435,2026-03-15,12:36:36,CLI-040,Marco García,PROD-034,3,4.37,0.72,TARJETA
VTA-001436,2026-03-15,19:01:21,CLI-019,Diana Mendoza,PROD-001,2,5.04,0.00,EFECTIVO
VTA-001436,2026-03-15,19:01:21,CLI-019,Diana Mendoza,PROD-009,1,5.72,0.00,EFECTIVO
VTA-001437,2026-03-15,19:36:07,CLI-067,Ana Díaz,PROD-026,1,1.46,0.00,TARJETA
VTA-001437,2026-03-15,19:36:07,CLI-067,Ana Díaz,PROD-010,1,3.88,0.00,TARJETA
VTA-001438,2026-03-15,17:03:21,CLI-045,Carmen Castro,PROD-026,3,1.46,0.00,EFECTIVO
VTA-001439,2026-03-15,12:02:51,CLI-073,Patricia Díaz,PROD-007,3,3.40,0.00,EFECTIVO
VTA-001439,2026-03-15,12:02:51,CLI-073,Patricia Díaz,PROD-027,5,2.42,0.00,EFECTIVO
VTA-001440,2026-03-15,09:50:14,CLI-009,Lucía Mendoza,PROD-004,4,3.40,0.00,YAPE
VTA-001441,2026-03-15,19:59:01,CLI-003,María Mendoza,PROD-011,5,4.37,0.00,PLIN
VTA-001441,2026-03-15,19:59:01,CLI-003,María Mendoza,PROD-026,2,1.46,0.00,PLIN
VTA-001441,2026-03-15,19:59:01,CLI-003,María Mendoza,PROD-001,4,5.04,0.00,PLIN
VTA-001441,2026-03-15,19:59:01,CLI-003,María Mendoza,PROD-013,1,2.13,0.00,PLIN
VTA-001441,2026-03-15,19:59:01,CLI-003,María Mendoza,PROD-029,5,2.72,0.00,PLIN
VTA-001442,2026-03-15,11:34:00,CLI-007,Ana Mendoza,PROD-032,1,6.30,0.00,YAPE
VTA-001442,2026-03-15,11:34:00,CLI-007,Ana Mendoza,PROD-007,1,3.40,0.37,YAPE
VTA-001443,2026-03-15,15:35:52,CLI-012,Pedro Mendoza,PROD-031,19,0.39,0.00,EFECTIVO
VTA-001444,2026-03-15,15:48:15,CLI-031,Elena García,PROD-003,4,10.57,0.00,EFECTIVO
VTA-001444,2026-03-15,15:48:15,CLI-031,Elena García,PROD-027,4,2.42,0.00,EFECTIVO
VTA-001444,2026-03-15,15:48:15,CLI-031,Elena García,PROD-004,4,3.40,0.00,EFECTIVO
VTA-001444,2026-03-15,15:48:15,CLI-031,Elena García,PROD-002,3,4.66,0.36,EFECTIVO
VTA-001445,2026-03-15,12:46:47,CLI-050,Miguel Castro,PROD-028,2,1.94,0.00,YAPE
VTA-001445,2026-03-15,12:46:47,CLI-050,Miguel Castro,PROD-023,2,7.27,0.00,YAPE
VTA-001445,2026-03-15,12:46:47,CLI-050,Miguel Castro,PROD-006,3,1.94,0.00,YAPE
VTA-001446,2026-03-15,13:42:13,CLI-057,Claudia Castro,PROD-015,4,8.63,0.00,EFECTIVO
VTA-001446,2026-03-15,13:42:13,CLI-057,Claudia Castro,PROD-006,4,1.94,0.00,EFECTIVO
VTA-001446,2026-03-15,13:42:13,CLI-057,Claudia Castro,PROD-032,3,6.30,0.00,EFECTIVO
VTA-001447,2026-03-15,15:24:47,CLI-042,José Castro,PROD-007,5,3.40,0.00,EFECTIVO
VTA-001447,2026-03-15,15:24:47,CLI-042,José Castro,PROD-031,11,0.39,0.00,EFECTIVO
VTA-001447,2026-03-15,15:24:47,CLI-042,José Castro,PROD-002,1,4.66,0.00,EFECTIVO
VTA-001447,2026-03-15,15:24:47,CLI-042,José Castro,PROD-009,3,5.72,0.00,EFECTIVO
VTA-001448,2026-03-15,11:39:03,CLI-028,Jorge García,PROD-031,13,0.39,0.00,EFECTIVO
VTA-001448,2026-03-15,11:39:03,CLI-028,Jorge García,PROD-010,6,3.88,0.00,EFECTIVO
VTA-001448,2026-03-15,11:39:03,CLI-028,Jorge García,PROD-002,4,4.66,0.00,EFECTIVO
VTA-001449,2026-03-15,11:35:48,CLI-019,Diana Mendoza,PROD-007,4,3.40,0.00,YAPE
VTA-001449,2026-03-15,11:35:48,CLI-019,Diana Mendoza,PROD-018,1,4.07,0.00,YAPE
VTA-001450,2026-03-16,14:12:26,CLI-092,Pedro Rojas,PROD-011,4,4.37,0.00,YAPE
VTA-001450,2026-03-16,14:12:26,CLI-092,Pedro Rojas,PROD-014,4,9.21,0.00,YAPE
VTA-001450,2026-03-16,14:12:26,CLI-092,Pedro Rojas,PROD-006,1,1.94,0.00,YAPE
VTA-001450,2026-03-16,14:12:26,CLI-092,Pedro Rojas,PROD-032,2,6.30,0.00,YAPE
VTA-001451,2026-03-16,19:16:12,CLI-088,Jorge Rojas,PROD-003,3,10.57,0.00,EFECTIVO
VTA-001451,2026-03-16,19:16:12,CLI-088,Jorge Rojas,PROD-022,2,3.10,0.00,EFECTIVO
VTA-001451,2026-03-16,19:16:12,CLI-088,Jorge Rojas,PROD-008,1,3.10,0.00,EFECTIVO
VTA-001451,2026-03-16,19:16:12,CLI-088,Jorge Rojas,PROD-026,2,1.46,0.00,EFECTIVO
VTA-001451,2026-03-16,19:16:12,CLI-088,Jorge Rojas,PROD-031,8,0.39,0.00,EFECTIVO
VTA-001452,2026-03-16,07:13:24,CLI-065,Carmen Díaz,PROD-013,3,2.13,0.00,PLIN
VTA-001452,2026-03-16,07:13:24,CLI-065,Carmen Díaz,PROD-028,5,1.94,0.00,PLIN
VTA-001453,2026-03-16,18:16:13,CLI-005,Carmen Mendoza,PROD-026,3,1.46,0.00,YAPE
VTA-001453,2026-03-16,18:16:13,CLI-005,Carmen Mendoza,PROD-028,3,1.94,0.00,YAPE
VTA-001454,2026-03-16,19:08:11,CLI-056,Víctor Castro,PROD-029,6,2.72,0.00,YAPE
VTA-001454,2026-03-16,19:08:11,CLI-056,Víctor Castro,PROD-034,5,4.37,0.00,YAPE
VTA-001454,2026-03-16,19:08:11,CLI-056,Víctor Castro,PROD-026,3,1.46,0.00,YAPE
VTA-001455,2026-03-16,21:24:33,CLI-043,María Castro,PROD-017,3,8.24,0.00,EFECTIVO
VTA-001455,2026-03-16,21:24:33,CLI-043,María Castro,PROD-026,6,1.46,0.00,EFECTIVO
VTA-001456,2026-03-16,09:13:05,CLI-053,Patricia Castro,PROD-031,8,0.39,0.00,YAPE
VTA-001457,2026-03-16,20:47:24,CLI-078,Renzo Díaz,PROD-013,6,2.13,0.00,PLIN
VTA-001457,2026-03-16,20:47:24,CLI-078,Renzo Díaz,PROD-027,5,2.42,0.00,PLIN
VTA-001457,2026-03-16,20:47:24,CLI-078,Renzo Díaz,PROD-033,2,9.60,0.00,PLIN
VTA-001458,2026-03-16,21:08:36,CLI-024,Luis García,PROD-009,5,5.72,0.00,EFECTIVO
VTA-001459,2026-03-16,21:52:57,CLI-040,Marco García,PROD-018,4,4.07,0.00,YAPE
VTA-001459,2026-03-16,21:52:57,CLI-040,Marco García,PROD-029,1,2.72,0.00,YAPE
VTA-001459,2026-03-16,21:52:57,CLI-040,Marco García,PROD-013,4,2.13,1.11,YAPE
VTA-001459,2026-03-16,21:52:57,CLI-040,Marco García,PROD-027,5,2.42,0.00,YAPE
VTA-001460,2026-03-16,19:42:02,CLI-037,Claudia García,PROD-003,3,10.57,0.00,TARJETA
VTA-001461,2026-03-16,09:42:12,CLI-015,Milagros Mendoza,PROD-011,3,4.37,0.00,PLIN
VTA-001462,2026-03-16,16:32:20,CLI-069,Lucía Díaz,PROD-008,2,3.10,0.00,EFECTIVO
VTA-001463,2026-03-16,19:30:19,CLI-076,Víctor Díaz,PROD-015,3,8.63,0.00,YAPE
VTA-001463,2026-03-16,19:30:19,CLI-076,Víctor Díaz,PROD-005,2,6.69,0.00,YAPE
VTA-001463,2026-03-16,19:30:19,CLI-076,Víctor Díaz,PROD-006,2,1.94,0.00,YAPE
VTA-001463,2026-03-16,19:30:19,CLI-076,Víctor Díaz,PROD-001,4,5.04,0.00,YAPE
VTA-001464,2026-03-16,19:26:51,CLI-009,Lucía Mendoza,PROD-029,6,2.72,0.00,YAPE
VTA-001464,2026-03-16,19:26:51,CLI-009,Lucía Mendoza,PROD-031,16,0.39,0.00,YAPE
VTA-001465,2026-03-16,12:23:09,CLI-014,Juan Mendoza,PROD-031,10,0.39,0.00,TARJETA
VTA-001466,2026-03-17,18:15:26,CLI-068,Jorge Díaz,PROD-026,4,1.46,0.00,EFECTIVO
VTA-001466,2026-03-17,18:15:26,CLI-068,Jorge Díaz,PROD-016,3,11.15,0.00,EFECTIVO
VTA-001466,2026-03-17,18:15:26,CLI-068,Jorge Díaz,PROD-007,5,3.40,0.00,EFECTIVO
VTA-001466,2026-03-17,18:15:26,CLI-068,Jorge Díaz,PROD-004,5,3.40,0.00,EFECTIVO
VTA-001467,2026-03-17,10:55:46,CLI-039,Diana García,PROD-031,4,0.39,0.00,YAPE
VTA-001467,2026-03-17,10:55:46,CLI-039,Diana García,PROD-022,5,3.10,0.00,YAPE
VTA-001468,2026-03-17,20:03:11,CLI-015,Milagros Mendoza,PROD-027,3,2.42,0.00,EFECTIVO
VTA-001468,2026-03-17,20:03:11,CLI-015,Milagros Mendoza,PROD-005,6,6.69,0.00,EFECTIVO
VTA-001468,2026-03-17,20:03:11,CLI-015,Milagros Mendoza,PROD-026,3,1.46,0.00,EFECTIVO
VTA-001469,2026-03-17,11:24:47,CLI-001,Rosa Mendoza,PROD-017,1,8.24,0.47,YAPE
VTA-001469,2026-03-17,11:24:47,CLI-001,Rosa Mendoza,PROD-031,14,0.39,0.00,YAPE
VTA-001469,2026-03-17,11:24:47,CLI-001,Rosa Mendoza,PROD-016,3,11.15,0.00,YAPE
VTA-001470,2026-03-17,17:27:37,CLI-002,José Mendoza,PROD-003,1,10.57,0.00,EFECTIVO
VTA-001470,2026-03-17,17:27:37,CLI-002,José Mendoza,PROD-022,1,3.10,0.00,EFECTIVO
VTA-001470,2026-03-17,17:27:37,CLI-002,José Mendoza,PROD-034,3,4.37,0.00,EFECTIVO
VTA-001471,2026-03-17,19:36:38,CLI-006,Carlos Mendoza,PROD-010,4,3.88,0.00,EFECTIVO
VTA-001471,2026-03-17,19:36:38,CLI-006,Carlos Mendoza,PROD-028,6,1.94,0.00,EFECTIVO
VTA-001471,2026-03-17,19:36:38,CLI-006,Carlos Mendoza,PROD-027,3,2.42,0.00,EFECTIVO
VTA-001471,2026-03-17,19:36:38,CLI-006,Carlos Mendoza,PROD-001,5,5.04,0.00,EFECTIVO
VTA-001471,2026-03-17,19:36:38,CLI-006,Carlos Mendoza,PROD-008,2,3.10,0.00,EFECTIVO
VTA-001472,2026-03-17,07:59:20,CLI-011,Elena Mendoza,PROD-019,6,8.63,4.24,TARJETA
VTA-001473,2026-03-17,12:44:04,CLI-003,María Mendoza,PROD-007,6,3.40,0.00,EFECTIVO
VTA-001473,2026-03-17,12:44:04,CLI-003,María Mendoza,PROD-029,3,2.72,0.00,EFECTIVO
VTA-001474,2026-03-17,19:52:40,CLI-047,Ana Castro,PROD-002,3,4.66,0.00,TARJETA
VTA-001475,2026-03-17,07:38:32,CLI-074,Juan Díaz,PROD-001,1,5.04,0.00,TARJETA
VTA-001475,2026-03-17,07:38:32,CLI-074,Juan Díaz,PROD-003,4,10.57,0.00,TARJETA
VTA-001475,2026-03-17,07:38:32,CLI-074,Juan Díaz,PROD-006,3,1.94,0.00,TARJETA
VTA-001476,2026-03-17,17:14:30,CLI-065,Carmen Díaz,PROD-002,6,4.66,0.62,PLIN
VTA-001476,2026-03-17,17:14:30,CLI-065,Carmen Díaz,PROD-029,3,2.72,0.00,PLIN
VTA-001477,2026-03-17,20:16:38,CLI-034,Juan García,PROD-012,6,7.66,0.00,EFECTIVO
VTA-001477,2026-03-17,20:16:38,CLI-034,Juan García,PROD-002,4,4.66,0.00,EFECTIVO
VTA-001477,2026-03-17,20:16:38,CLI-034,Juan García,PROD-032,1,6.30,0.00,EFECTIVO
VTA-001478,2026-03-17,19:13:01,CLI-003,María Mendoza,PROD-033,2,9.60,0.00,EFECTIVO
VTA-001478,2026-03-17,19:13:01,CLI-003,María Mendoza,PROD-008,5,3.10,0.00,EFECTIVO
VTA-001479,2026-03-17,17:02:49,CLI-061,Rosa Díaz,PROD-008,1,3.10,0.00,YAPE
VTA-001480,2026-03-17,10:29:17,CLI-056,Víctor Castro,PROD-010,4,3.88,0.00,TARJETA
VTA-001480,2026-03-17,10:29:17,CLI-056,Víctor Castro,PROD-001,5,5.04,0.00,TARJETA
VTA-001481,2026-03-17,17:01:03,CLI-011,Elena Mendoza,PROD-013,2,2.13,0.00,EFECTIVO
VTA-001482,2026-03-17,19:27:49,CLI-052,Pedro Castro,PROD-026,4,1.46,0.00,EFECTIVO
VTA-001482,2026-03-17,19:27:49,CLI-052,Pedro Castro,PROD-011,2,4.37,0.00,EFECTIVO
VTA-001482,2026-03-17,19:27:49,CLI-052,Pedro Castro,PROD-007,4,3.40,0.00,EFECTIVO
VTA-001482,2026-03-17,19:27:49,CLI-052,Pedro Castro,PROD-002,5,4.66,0.00,EFECTIVO
VTA-001483,2026-03-18,07:37:37,CLI-018,Renzo Mendoza,PROD-004,4,3.40,0.00,EFECTIVO
VTA-001483,2026-03-18,07:37:37,CLI-018,Renzo Mendoza,PROD-002,1,4.66,0.00,EFECTIVO
VTA-001484,2026-03-18,19:58:59,CLI-058,Renzo Castro,PROD-033,5,9.60,4.03,YAPE
VTA-001484,2026-03-18,19:58:59,CLI-058,Renzo Castro,PROD-004,1,3.40,0.00,YAPE
VTA-001484,2026-03-18,19:58:59,CLI-058,Renzo Castro,PROD-031,4,0.39,0.00,YAPE
VTA-001484,2026-03-18,19:58:59,CLI-058,Renzo Castro,PROD-012,4,7.66,0.00,YAPE
VTA-001485,2026-03-18,08:02:40,CLI-009,Lucía Mendoza,PROD-015,4,8.63,0.00,PLIN
VTA-001485,2026-03-18,08:02:40,CLI-009,Lucía Mendoza,PROD-031,13,0.39,0.00,PLIN
VTA-001485,2026-03-18,08:02:40,CLI-009,Lucía Mendoza,PROD-011,6,4.37,0.00,PLIN
VTA-001485,2026-03-18,08:02:40,CLI-009,Lucía Mendoza,PROD-002,4,4.66,0.00,PLIN
VTA-001485,2026-03-18,08:02:40,CLI-009,Lucía Mendoza,PROD-019,2,8.63,0.00,PLIN
VTA-001486,2026-03-18,20:32:32,CLI-028,Jorge García,PROD-019,2,8.63,0.00,YAPE
VTA-001487,2026-03-18,21:35:51,CLI-027,Ana García,PROD-004,2,3.40,0.00,YAPE
VTA-001487,2026-03-18,21:35:51,CLI-027,Ana García,PROD-031,6,0.39,0.00,YAPE
VTA-001487,2026-03-18,21:35:51,CLI-027,Ana García,PROD-001,3,5.04,0.00,YAPE
VTA-001488,2026-03-18,20:45:13,CLI-001,Rosa Mendoza,PROD-003,1,10.57,0.00,PLIN
VTA-001489,2026-03-18,20:18:38,CLI-057,Claudia Castro,PROD-031,7,0.39,0.00,TARJETA
VTA-001490,2026-03-18,08:25:32,CLI-004,Luis Mendoza,PROD-027,4,2.42,0.00,YAPE
VTA-001490,2026-03-18,08:25:32,CLI-004,Luis Mendoza,PROD-008,6,3.10,0.00,YAPE
VTA-001491,2026-03-18,18:06:33,CLI-043,María Castro,PROD-002,1,4.66,0.00,PLIN
VTA-001492,2026-03-18,18:12:30,CLI-056,Víctor Castro,PROD-020,1,6.30,0.00,YAPE
VTA-001493,2026-03-18,17:36:20,CLI-067,Ana Díaz,PROD-029,3,2.72,0.00,YAPE
VTA-001493,2026-03-18,17:36:20,CLI-067,Ana Díaz,PROD-012,1,7.66,0.00,YAPE
VTA-001494,2026-03-18,20:20:33,CLI-013,Patricia Mendoza,PROD-001,5,5.04,0.00,EFECTIVO
VTA-001494,2026-03-18,20:20:33,CLI-013,Patricia Mendoza,PROD-002,2,4.66,0.00,EFECTIVO
VTA-001495,2026-03-18,17:35:42,CLI-030,Miguel García,PROD-034,5,4.37,0.00,EFECTIVO
VTA-001495,2026-03-18,17:35:42,CLI-030,Miguel García,PROD-027,4,2.42,0.21,EFECTIVO
VTA-001495,2026-03-18,17:35:42,CLI-030,Miguel García,PROD-011,6,4.37,0.00,EFECTIVO
VTA-001495,2026-03-18,17:35:42,CLI-030,Miguel García,PROD-013,4,2.13,0.00,EFECTIVO
VTA-001496,2026-03-18,08:30:19,CLI-004,Luis Mendoza,PROD-031,15,0.39,0.00,YAPE
VTA-001497,2026-03-18,08:59:20,CLI-013,Patricia Mendoza,PROD-002,6,4.66,0.00,EFECTIVO
VTA-001497,2026-03-18,08:59:20,CLI-013,Patricia Mendoza,PROD-027,1,2.42,0.00,EFECTIVO
VTA-001497,2026-03-18,08:59:20,CLI-013,Patricia Mendoza,PROD-010,2,3.88,0.00,EFECTIVO
VTA-001498,2026-03-18,11:17:52,CLI-021,Rosa García,PROD-016,2,11.15,0.00,YAPE
VTA-001498,2026-03-18,11:17:52,CLI-021,Rosa García,PROD-023,4,7.27,0.00,YAPE
VTA-001498,2026-03-18,11:17:52,CLI-021,Rosa García,PROD-007,2,3.40,0.00,YAPE
VTA-001498,2026-03-18,11:17:52,CLI-021,Rosa García,PROD-032,1,6.30,0.00,YAPE
VTA-001499,2026-03-18,15:00:46,CLI-088,Jorge Rojas,PROD-001,3,5.04,0.00,EFECTIVO
VTA-001499,2026-03-18,15:00:46,CLI-088,Jorge Rojas,PROD-028,3,1.94,0.00,EFECTIVO
VTA-001500,2026-03-19,07:55:28,CLI-010,Miguel Mendoza,PROD-010,4,3.88,0.00,YAPE
VTA-001501,2026-03-19,08:11:35,CLI-079,Diana Díaz,PROD-031,6,0.39,0.00,YAPE
VTA-001501,2026-03-19,08:11:35,CLI-079,Diana Díaz,PROD-012,6,7.66,0.00,YAPE
VTA-001502,2026-03-19,16:24:46,CLI-012,Pedro Mendoza,PROD-010,6,3.88,0.00,PLIN
VTA-001502,2026-03-19,16:24:46,CLI-012,Pedro Mendoza,PROD-011,4,4.37,0.00,PLIN
VTA-001503,2026-03-19,21:01:30,CLI-083,María Rojas,PROD-006,3,1.94,0.00,YAPE
VTA-001503,2026-03-19,21:01:30,CLI-083,María Rojas,PROD-032,4,6.30,0.00,YAPE
VTA-001504,2026-03-19,19:00:17,CLI-005,Carmen Mendoza,PROD-001,2,5.04,0.00,YAPE
VTA-001504,2026-03-19,19:00:17,CLI-005,Carmen Mendoza,PROD-019,6,8.63,0.00,YAPE
VTA-001504,2026-03-19,19:00:17,CLI-005,Carmen Mendoza,PROD-013,5,2.13,1.10,YAPE
VTA-001505,2026-03-19,16:25:27,CLI-060,Marco Castro,PROD-031,14,0.39,0.00,YAPE
VTA-001506,2026-03-19,17:12:00,CLI-032,Pedro García,PROD-032,3,6.30,0.00,PLIN
VTA-001507,2026-03-19,14:46:29,CLI-083,María Rojas,PROD-015,2,8.63,0.00,EFECTIVO
VTA-001507,2026-03-19,14:46:29,CLI-083,María Rojas,PROD-013,4,2.13,0.00,EFECTIVO
VTA-001508,2026-03-19,15:40:43,CLI-082,José Rojas,PROD-011,1,4.37,0.00,YAPE
VTA-001508,2026-03-19,15:40:43,CLI-082,José Rojas,PROD-013,2,2.13,0.00,YAPE
VTA-001508,2026-03-19,15:40:43,CLI-082,José Rojas,PROD-015,1,8.63,0.00,YAPE
VTA-001508,2026-03-19,15:40:43,CLI-082,José Rojas,PROD-028,4,1.94,0.00,YAPE
VTA-001509,2026-03-19,11:44:37,CLI-022,José García,PROD-016,3,11.15,0.00,EFECTIVO
VTA-001509,2026-03-19,11:44:37,CLI-022,José García,PROD-012,3,7.66,0.00,EFECTIVO
VTA-001510,2026-03-19,11:00:41,CLI-035,Milagros García,PROD-006,1,1.94,0.00,PLIN
VTA-001510,2026-03-19,11:00:41,CLI-035,Milagros García,PROD-027,4,2.42,0.00,PLIN
VTA-001510,2026-03-19,11:00:41,CLI-035,Milagros García,PROD-029,5,2.72,0.00,PLIN
VTA-001510,2026-03-19,11:00:41,CLI-035,Milagros García,PROD-026,4,1.46,0.00,PLIN
VTA-001510,2026-03-19,11:00:41,CLI-035,Milagros García,PROD-022,4,3.10,1.75,PLIN
VTA-001511,2026-03-19,16:49:30,CLI-003,María Mendoza,PROD-019,3,8.63,0.00,YAPE
VTA-001511,2026-03-19,16:49:30,CLI-003,María Mendoza,PROD-030,4,3.40,0.00,YAPE
VTA-001511,2026-03-19,16:49:30,CLI-003,María Mendoza,PROD-032,6,6.30,0.00,YAPE
VTA-001512,2026-03-19,08:15:01,CLI-006,Carlos Mendoza,PROD-027,1,2.42,0.00,EFECTIVO
VTA-001513,2026-03-19,16:59:42,CLI-084,Luis Rojas,PROD-008,1,3.10,0.00,EFECTIVO
VTA-001513,2026-03-19,16:59:42,CLI-084,Luis Rojas,PROD-006,3,1.94,0.00,EFECTIVO
VTA-001513,2026-03-19,16:59:42,CLI-084,Luis Rojas,PROD-005,2,6.69,0.00,EFECTIVO
VTA-001513,2026-03-19,16:59:42,CLI-084,Luis Rojas,PROD-026,1,1.46,0.00,EFECTIVO
VTA-001514,2026-03-19,14:37:29,CLI-027,Ana García,PROD-032,6,6.30,0.95,EFECTIVO
VTA-001514,2026-03-19,14:37:29,CLI-027,Ana García,PROD-008,5,3.10,0.00,EFECTIVO
VTA-001514,2026-03-19,14:37:29,CLI-027,Ana García,PROD-013,4,2.13,1.09,EFECTIVO
VTA-001515,2026-03-19,17:54:17,CLI-040,Marco García,PROD-029,4,2.72,0.00,EFECTIVO
VTA-001516,2026-03-19,09:22:45,CLI-059,Diana Castro,PROD-001,2,5.04,0.00,YAPE
VTA-001517,2026-03-19,17:29:38,CLI-046,Carlos Castro,PROD-033,5,9.60,0.00,YAPE
VTA-001518,2026-03-19,21:24:05,CLI-042,José Castro,PROD-022,2,3.10,0.00,PLIN
VTA-001519,2026-03-19,19:48:47,CLI-067,Ana Díaz,PROD-007,5,3.40,0.00,EFECTIVO
VTA-001519,2026-03-19,19:48:47,CLI-067,Ana Díaz,PROD-004,4,3.40,0.00,EFECTIVO
VTA-001519,2026-03-19,19:48:47,CLI-067,Ana Díaz,PROD-012,3,7.66,0.00,EFECTIVO
VTA-001519,2026-03-19,19:48:47,CLI-067,Ana Díaz,PROD-026,1,1.46,0.00,EFECTIVO
VTA-001520,2026-03-20,11:01:25,CLI-003,María Mendoza,PROD-006,3,1.94,0.00,EFECTIVO
VTA-001520,2026-03-20,11:01:25,CLI-003,María Mendoza,PROD-007,3,3.40,0.00,EFECTIVO
VTA-001521,2026-03-20,21:26:51,CLI-014,Juan Mendoza,PROD-017,4,8.24,1.17,YAPE
VTA-001522,2026-03-20,09:27:19,CLI-001,Rosa Mendoza,PROD-028,4,1.94,0.00,EFECTIVO
VTA-001523,2026-03-20,18:36:34,CLI-025,Carmen García,PROD-032,5,6.30,0.00,EFECTIVO
VTA-001524,2026-03-20,08:04:17,CLI-018,Renzo Mendoza,PROD-015,6,8.63,0.00,EFECTIVO
VTA-001524,2026-03-20,08:04:17,CLI-018,Renzo Mendoza,PROD-001,2,5.04,0.00,EFECTIVO
VTA-001524,2026-03-20,08:04:17,CLI-018,Renzo Mendoza,PROD-007,2,3.40,0.00,EFECTIVO
VTA-001525,2026-03-20,13:47:34,CLI-047,Ana Castro,PROD-013,6,2.13,0.00,EFECTIVO
VTA-001525,2026-03-20,13:47:34,CLI-047,Ana Castro,PROD-021,4,14.45,0.00,EFECTIVO
VTA-001526,2026-03-20,18:23:27,CLI-064,Luis Díaz,PROD-031,19,0.39,0.00,EFECTIVO
VTA-001527,2026-03-20,21:10:43,CLI-098,Renzo Rojas,PROD-027,2,2.42,0.00,YAPE
VTA-001527,2026-03-20,21:10:43,CLI-098,Renzo Rojas,PROD-002,5,4.66,0.00,YAPE
VTA-001528,2026-03-20,17:46:23,CLI-095,Milagros Rojas,PROD-009,4,5.72,0.00,EFECTIVO
VTA-001529,2026-03-20,19:25:33,CLI-022,José García,PROD-018,4,4.07,0.00,EFECTIVO
VTA-001530,2026-03-20,07:17:56,CLI-042,José Castro,PROD-029,3,2.72,0.00,TARJETA
VTA-001530,2026-03-20,07:17:56,CLI-042,José Castro,PROD-005,1,6.69,0.00,TARJETA
VTA-001530,2026-03-20,07:17:56,CLI-042,José Castro,PROD-026,1,1.46,0.00,TARJETA
VTA-001531,2026-03-20,19:52:37,CLI-040,Marco García,PROD-028,5,1.94,0.00,YAPE
VTA-001531,2026-03-20,19:52:37,CLI-040,Marco García,PROD-031,7,0.39,0.00,YAPE
VTA-001531,2026-03-20,19:52:37,CLI-040,Marco García,PROD-006,2,1.94,0.00,YAPE
VTA-001532,2026-03-20,08:26:34,CLI-031,Elena García,PROD-004,3,3.40,1.48,YAPE
VTA-001533,2026-03-20,20:18:47,CLI-017,Claudia Mendoza,PROD-031,9,0.39,0.00,EFECTIVO
VTA-001533,2026-03-20,20:18:47,CLI-017,Claudia Mendoza,PROD-011,5,4.37,0.00,EFECTIVO
VTA-001533,2026-03-20,20:18:47,CLI-017,Claudia Mendoza,PROD-012,5,7.66,0.00,EFECTIVO
VTA-001534,2026-03-20,10:44:35,CLI-014,Juan Mendoza,PROD-002,1,4.66,0.00,YAPE
VTA-001534,2026-03-20,10:44:35,CLI-014,Juan Mendoza,PROD-018,5,4.07,0.00,YAPE
VTA-001534,2026-03-20,10:44:35,CLI-014,Juan Mendoza,PROD-029,5,2.72,0.00,YAPE
VTA-001535,2026-03-20,11:05:43,CLI-066,Carlos Díaz,PROD-002,4,4.66,0.00,EFECTIVO
VTA-001536,2026-03-20,12:21:26,CLI-003,María Mendoza,PROD-011,1,4.37,0.00,EFECTIVO
VTA-001537,2026-03-20,12:17:28,CLI-008,Jorge Mendoza,PROD-028,2,1.94,0.00,YAPE
VTA-001537,2026-03-20,12:17:28,CLI-008,Jorge Mendoza,PROD-002,3,4.66,1.40,YAPE
VTA-001537,2026-03-20,12:17:28,CLI-008,Jorge Mendoza,PROD-006,4,1.94,0.00,YAPE
VTA-001538,2026-03-20,07:50:44,CLI-088,Jorge Rojas,PROD-013,4,2.13,0.00,PLIN
VTA-001538,2026-03-20,07:50:44,CLI-088,Jorge Rojas,PROD-031,8,0.39,0.00,PLIN
VTA-001538,2026-03-20,07:50:44,CLI-088,Jorge Rojas,PROD-006,1,1.94,0.00,PLIN
VTA-001539,2026-03-20,17:55:43,CLI-001,Rosa Mendoza,PROD-002,4,4.66,0.00,PLIN
VTA-001540,2026-03-20,15:02:15,CLI-003,María Mendoza,PROD-010,2,3.88,0.00,YAPE
VTA-001540,2026-03-20,15:02:15,CLI-003,María Mendoza,PROD-015,2,8.63,0.00,YAPE
VTA-001540,2026-03-20,15:02:15,CLI-003,María Mendoza,PROD-017,4,8.24,0.00,YAPE
VTA-001540,2026-03-20,15:02:15,CLI-003,María Mendoza,PROD-002,2,4.66,0.00,YAPE
VTA-001540,2026-03-20,15:02:15,CLI-003,María Mendoza,PROD-019,1,8.63,0.00,YAPE
VTA-001541,2026-03-20,16:33:31,CLI-007,Ana Mendoza,PROD-029,4,2.72,0.00,YAPE
VTA-001541,2026-03-20,16:33:31,CLI-007,Ana Mendoza,PROD-031,20,0.39,0.00,YAPE
VTA-001542,2026-03-20,21:10:34,CLI-028,Jorge García,PROD-034,2,4.37,0.00,EFECTIVO
VTA-001543,2026-03-20,18:36:30,CLI-011,Elena Mendoza,PROD-031,2,0.39,0.00,YAPE
VTA-001544,2026-03-21,15:00:00,CLI-028,Jorge García,PROD-011,6,4.37,0.00,PLIN
VTA-001545,2026-03-21,12:03:25,CLI-058,Renzo Castro,PROD-006,2,1.94,0.00,EFECTIVO
VTA-001546,2026-03-21,09:20:18,CLI-014,Juan Mendoza,PROD-010,1,3.88,0.00,EFECTIVO
VTA-001547,2026-03-21,13:36:47,CLI-081,Rosa Rojas,PROD-031,13,0.39,0.00,PLIN
VTA-001547,2026-03-21,13:36:47,CLI-081,Rosa Rojas,PROD-034,5,4.37,3.01,PLIN
VTA-001547,2026-03-21,13:36:47,CLI-081,Rosa Rojas,PROD-026,5,1.46,0.00,PLIN
VTA-001547,2026-03-21,13:36:47,CLI-081,Rosa Rojas,PROD-027,5,2.42,0.00,PLIN
VTA-001548,2026-03-21,08:40:13,CLI-001,Rosa Mendoza,PROD-004,3,3.40,0.00,PLIN
VTA-001548,2026-03-21,08:40:13,CLI-001,Rosa Mendoza,PROD-018,1,4.07,0.00,PLIN
VTA-001548,2026-03-21,08:40:13,CLI-001,Rosa Mendoza,PROD-026,3,1.46,0.00,PLIN
VTA-001549,2026-03-21,15:27:27,CLI-048,Jorge Castro,PROD-006,5,1.94,0.00,EFECTIVO
VTA-001550,2026-03-21,16:44:29,CLI-075,Milagros Díaz,PROD-006,5,1.94,1.42,YAPE
VTA-001550,2026-03-21,16:44:29,CLI-075,Milagros Díaz,PROD-028,4,1.94,0.00,YAPE
VTA-001550,2026-03-21,16:44:29,CLI-075,Milagros Díaz,PROD-005,6,6.69,0.00,YAPE
VTA-001551,2026-03-21,08:37:07,CLI-100,Marco Rojas,PROD-004,6,3.40,0.00,PLIN
VTA-001551,2026-03-21,08:37:07,CLI-100,Marco Rojas,PROD-005,3,6.69,0.00,PLIN
VTA-001552,2026-03-21,16:46:54,CLI-014,Juan Mendoza,PROD-016,1,11.15,0.00,YAPE
VTA-001552,2026-03-21,16:46:54,CLI-014,Juan Mendoza,PROD-013,6,2.13,0.00,YAPE
VTA-001552,2026-03-21,16:46:54,CLI-014,Juan Mendoza,PROD-009,5,5.72,0.00,YAPE
VTA-001552,2026-03-21,16:46:54,CLI-014,Juan Mendoza,PROD-029,6,2.72,0.00,YAPE
VTA-001553,2026-03-21,16:52:16,CLI-057,Claudia Castro,PROD-007,1,3.40,0.00,EFECTIVO
VTA-001553,2026-03-21,16:52:16,CLI-057,Claudia Castro,PROD-009,4,5.72,0.00,EFECTIVO
VTA-001554,2026-03-21,12:28:31,CLI-004,Luis Mendoza,PROD-027,1,2.42,0.00,TARJETA
VTA-001555,2026-03-21,09:05:49,CLI-005,Carmen Mendoza,PROD-031,7,0.39,0.00,PLIN
VTA-001555,2026-03-21,09:05:49,CLI-005,Carmen Mendoza,PROD-008,3,3.10,0.00,PLIN
VTA-001555,2026-03-21,09:05:49,CLI-005,Carmen Mendoza,PROD-007,1,3.40,0.00,PLIN
VTA-001555,2026-03-21,09:05:49,CLI-005,Carmen Mendoza,PROD-022,5,3.10,0.93,PLIN
VTA-001555,2026-03-21,09:05:49,CLI-005,Carmen Mendoza,PROD-019,1,8.63,0.00,PLIN
VTA-001556,2026-03-21,15:49:22,CLI-021,Rosa García,PROD-026,6,1.46,0.24,PLIN
VTA-001557,2026-03-21,19:53:27,CLI-062,José Díaz,PROD-017,4,8.24,0.00,YAPE
VTA-001557,2026-03-21,19:53:27,CLI-062,José Díaz,PROD-031,12,0.39,0.00,YAPE
VTA-001557,2026-03-21,19:53:27,CLI-062,José Díaz,PROD-005,1,6.69,0.00,YAPE
VTA-001557,2026-03-21,19:53:27,CLI-062,José Díaz,PROD-027,4,2.42,0.00,YAPE
VTA-001558,2026-03-21,17:05:47,CLI-006,Carlos Mendoza,PROD-028,2,1.94,0.00,PLIN
VTA-001558,2026-03-21,17:05:47,CLI-006,Carlos Mendoza,PROD-006,5,1.94,0.00,PLIN
VTA-001558,2026-03-21,17:05:47,CLI-006,Carlos Mendoza,PROD-007,5,3.40,0.64,PLIN
VTA-001558,2026-03-21,17:05:47,CLI-006,Carlos Mendoza,PROD-005,3,6.69,0.00,PLIN
VTA-001558,2026-03-21,17:05:47,CLI-006,Carlos Mendoza,PROD-023,6,7.27,0.00,PLIN
VTA-001559,2026-03-21,18:07:24,CLI-036,Víctor García,PROD-006,5,1.94,0.00,EFECTIVO
VTA-001559,2026-03-21,18:07:24,CLI-036,Víctor García,PROD-011,5,4.37,0.00,EFECTIVO
VTA-001560,2026-03-21,21:04:26,CLI-025,Carmen García,PROD-022,3,3.10,0.00,EFECTIVO
VTA-001561,2026-03-21,16:09:47,CLI-093,Patricia Rojas,PROD-026,6,1.46,0.00,YAPE
VTA-001561,2026-03-21,16:09:47,CLI-093,Patricia Rojas,PROD-018,5,4.07,0.00,YAPE
VTA-001562,2026-03-21,20:04:38,CLI-031,Elena García,PROD-008,6,3.10,1.98,YAPE
VTA-001562,2026-03-21,20:04:38,CLI-031,Elena García,PROD-014,5,9.21,0.00,YAPE
VTA-001562,2026-03-21,20:04:38,CLI-031,Elena García,PROD-011,5,4.37,0.00,YAPE
VTA-001563,2026-03-22,15:37:18,CLI-037,Claudia García,PROD-029,3,2.72,0.00,EFECTIVO
VTA-001564,2026-03-22,08:33:48,CLI-079,Diana Díaz,PROD-023,1,7.27,0.27,EFECTIVO
VTA-001564,2026-03-22,08:33:48,CLI-079,Diana Díaz,PROD-028,6,1.94,0.00,EFECTIVO
VTA-001565,2026-03-22,15:48:03,CLI-060,Marco Castro,PROD-016,3,11.15,0.00,YAPE
VTA-001565,2026-03-22,15:48:03,CLI-060,Marco Castro,PROD-011,1,4.37,0.13,YAPE
VTA-001565,2026-03-22,15:48:03,CLI-060,Marco Castro,PROD-019,1,8.63,0.54,YAPE
VTA-001566,2026-03-22,09:34:23,CLI-024,Luis García,PROD-031,6,0.39,0.00,YAPE
VTA-001567,2026-03-22,11:42:17,CLI-049,Lucía Castro,PROD-006,2,1.94,0.00,EFECTIVO
VTA-001567,2026-03-22,11:42:17,CLI-049,Lucía Castro,PROD-019,1,8.63,0.00,EFECTIVO
VTA-001568,2026-03-22,10:04:17,CLI-006,Carlos Mendoza,PROD-001,2,5.04,0.00,EFECTIVO
VTA-001569,2026-03-22,17:24:37,CLI-034,Juan García,PROD-031,4,0.39,0.00,TARJETA
VTA-001569,2026-03-22,17:24:37,CLI-034,Juan García,PROD-016,4,11.15,0.00,TARJETA
VTA-001569,2026-03-22,17:24:37,CLI-034,Juan García,PROD-011,1,4.37,0.00,TARJETA
VTA-001570,2026-03-22,17:18:23,CLI-080,Marco Díaz,PROD-011,6,4.37,0.00,EFECTIVO
VTA-001570,2026-03-22,17:18:23,CLI-080,Marco Díaz,PROD-005,6,6.69,0.00,EFECTIVO
VTA-001571,2026-03-22,09:26:18,CLI-013,Patricia Mendoza,PROD-006,1,1.94,0.00,YAPE
VTA-001572,2026-03-22,20:28:37,CLI-008,Jorge Mendoza,PROD-027,2,2.42,0.00,EFECTIVO
VTA-001572,2026-03-22,20:28:37,CLI-008,Jorge Mendoza,PROD-031,3,0.39,0.00,EFECTIVO
VTA-001572,2026-03-22,20:28:37,CLI-008,Jorge Mendoza,PROD-003,3,10.57,4.00,EFECTIVO
VTA-001572,2026-03-22,20:28:37,CLI-008,Jorge Mendoza,PROD-004,4,3.40,0.00,EFECTIVO
VTA-001573,2026-03-22,19:10:28,CLI-030,Miguel García,PROD-014,2,9.21,0.00,YAPE
VTA-001573,2026-03-22,19:10:28,CLI-030,Miguel García,PROD-026,2,1.46,0.00,YAPE
VTA-001574,2026-03-22,12:10:59,CLI-027,Ana García,PROD-028,5,1.94,0.00,EFECTIVO
VTA-001574,2026-03-22,12:10:59,CLI-027,Ana García,PROD-031,8,0.39,0.00,EFECTIVO
VTA-001574,2026-03-22,12:10:59,CLI-027,Ana García,PROD-010,1,3.88,0.00,EFECTIVO
VTA-001574,2026-03-22,12:10:59,CLI-027,Ana García,PROD-011,6,4.37,0.00,EFECTIVO
VTA-001575,2026-03-22,17:52:09,CLI-006,Carlos Mendoza,PROD-002,4,4.66,0.00,EFECTIVO
VTA-001575,2026-03-22,17:52:09,CLI-006,Carlos Mendoza,PROD-028,1,1.94,0.00,EFECTIVO
VTA-001576,2026-03-22,11:26:03,CLI-071,Elena Díaz,PROD-022,1,3.10,0.00,EFECTIVO
VTA-001576,2026-03-22,11:26:03,CLI-071,Elena Díaz,PROD-027,4,2.42,0.00,EFECTIVO
VTA-001577,2026-03-22,14:26:03,CLI-054,Juan Castro,PROD-008,3,3.10,0.00,YAPE
VTA-001578,2026-03-22,13:10:53,CLI-001,Rosa Mendoza,PROD-032,5,6.30,0.00,EFECTIVO
VTA-001578,2026-03-22,13:10:53,CLI-001,Rosa Mendoza,PROD-001,3,5.04,0.00,EFECTIVO
VTA-001578,2026-03-22,13:10:53,CLI-001,Rosa Mendoza,PROD-012,2,7.66,0.00,EFECTIVO
VTA-001579,2026-03-22,09:52:18,CLI-074,Juan Díaz,PROD-027,5,2.42,0.00,YAPE
VTA-001579,2026-03-22,09:52:18,CLI-074,Juan Díaz,PROD-031,19,0.39,0.00,YAPE
VTA-001579,2026-03-22,09:52:18,CLI-074,Juan Díaz,PROD-015,4,8.63,0.00,YAPE
VTA-001579,2026-03-22,09:52:18,CLI-074,Juan Díaz,PROD-005,4,6.69,0.00,YAPE
VTA-001579,2026-03-22,09:52:18,CLI-074,Juan Díaz,PROD-016,4,11.15,0.00,YAPE
VTA-001580,2026-03-22,16:32:29,CLI-005,Carmen Mendoza,PROD-001,2,5.04,0.00,EFECTIVO
VTA-001580,2026-03-22,16:32:29,CLI-005,Carmen Mendoza,PROD-008,1,3.10,0.00,EFECTIVO
VTA-001580,2026-03-22,16:32:29,CLI-005,Carmen Mendoza,PROD-031,3,0.39,0.10,EFECTIVO
VTA-001580,2026-03-22,16:32:29,CLI-005,Carmen Mendoza,PROD-026,5,1.46,0.00,EFECTIVO
VTA-001580,2026-03-22,16:32:29,CLI-005,Carmen Mendoza,PROD-029,3,2.72,0.00,EFECTIVO
VTA-001581,2026-03-22,18:59:48,CLI-037,Claudia García,PROD-003,4,10.57,0.00,PLIN
VTA-001581,2026-03-22,18:59:48,CLI-037,Claudia García,PROD-031,16,0.39,0.00,PLIN
VTA-001581,2026-03-22,18:59:48,CLI-037,Claudia García,PROD-002,6,4.66,0.00,PLIN
VTA-001582,2026-03-22,16:14:30,CLI-025,Carmen García,PROD-020,2,6.30,0.00,EFECTIVO
VTA-001583,2026-03-22,19:39:12,CLI-066,Carlos Díaz,PROD-002,5,4.66,0.00,EFECTIVO
VTA-001584,2026-03-22,20:55:11,CLI-009,Lucía Mendoza,PROD-034,3,4.37,0.00,YAPE
VTA-001584,2026-03-22,20:55:11,CLI-009,Lucía Mendoza,PROD-006,3,1.94,0.00,YAPE
VTA-001584,2026-03-22,20:55:11,CLI-009,Lucía Mendoza,PROD-029,2,2.72,0.00,YAPE
VTA-001585,2026-03-22,21:08:18,CLI-085,Carmen Rojas,PROD-034,4,4.37,0.00,TARJETA
VTA-001586,2026-03-22,09:57:02,CLI-007,Ana Mendoza,PROD-033,6,9.60,0.00,PLIN
VTA-001586,2026-03-22,09:57:02,CLI-007,Ana Mendoza,PROD-008,6,3.10,0.91,PLIN
VTA-001587,2026-03-22,15:57:53,CLI-010,Miguel Mendoza,PROD-031,8,0.39,0.00,EFECTIVO
VTA-001587,2026-03-22,15:57:53,CLI-010,Miguel Mendoza,PROD-004,3,3.40,0.00,EFECTIVO
VTA-001588,2026-03-22,08:19:38,CLI-100,Marco Rojas,PROD-015,6,8.63,0.00,EFECTIVO
VTA-001589,2026-03-23,11:42:30,CLI-009,Lucía Mendoza,PROD-001,6,5.04,0.00,YAPE
VTA-001589,2026-03-23,11:42:30,CLI-009,Lucía Mendoza,PROD-006,1,1.94,0.00,YAPE
VTA-001589,2026-03-23,11:42:30,CLI-009,Lucía Mendoza,PROD-007,1,3.40,0.00,YAPE
VTA-001590,2026-03-23,20:10:27,CLI-079,Diana Díaz,PROD-014,3,9.21,0.00,PLIN
VTA-001590,2026-03-23,20:10:27,CLI-079,Diana Díaz,PROD-009,6,5.72,0.00,PLIN
VTA-001591,2026-03-23,12:29:40,CLI-010,Miguel Mendoza,PROD-023,3,7.27,0.00,EFECTIVO
VTA-001591,2026-03-23,12:29:40,CLI-010,Miguel Mendoza,PROD-017,3,8.24,0.00,EFECTIVO
VTA-001591,2026-03-23,12:29:40,CLI-010,Miguel Mendoza,PROD-011,3,4.37,0.93,EFECTIVO
VTA-001592,2026-03-23,10:16:10,CLI-016,Víctor Mendoza,PROD-032,2,6.30,0.00,TARJETA
VTA-001592,2026-03-23,10:16:10,CLI-016,Víctor Mendoza,PROD-009,4,5.72,0.00,TARJETA
VTA-001592,2026-03-23,10:16:10,CLI-016,Víctor Mendoza,PROD-002,2,4.66,0.00,TARJETA
VTA-001592,2026-03-23,10:16:10,CLI-016,Víctor Mendoza,PROD-011,2,4.37,0.00,TARJETA
VTA-001593,2026-03-23,07:08:29,CLI-050,Miguel Castro,PROD-029,5,2.72,0.00,YAPE
VTA-001593,2026-03-23,07:08:29,CLI-050,Miguel Castro,PROD-009,6,5.72,0.00,YAPE
VTA-001593,2026-03-23,07:08:29,CLI-050,Miguel Castro,PROD-027,3,2.42,0.00,YAPE
VTA-001593,2026-03-23,07:08:29,CLI-050,Miguel Castro,PROD-002,5,4.66,1.66,YAPE
VTA-001593,2026-03-23,07:08:29,CLI-050,Miguel Castro,PROD-023,2,7.27,1.72,YAPE
VTA-001594,2026-03-23,12:58:12,CLI-064,Luis Díaz,PROD-009,5,5.72,1.87,YAPE
VTA-001594,2026-03-23,12:58:12,CLI-064,Luis Díaz,PROD-023,5,7.27,0.00,YAPE
VTA-001595,2026-03-23,10:49:56,CLI-028,Jorge García,PROD-007,6,3.40,0.00,YAPE
VTA-001595,2026-03-23,10:49:56,CLI-028,Jorge García,PROD-001,5,5.04,1.54,YAPE
VTA-001595,2026-03-23,10:49:56,CLI-028,Jorge García,PROD-026,6,1.46,0.00,YAPE
VTA-001596,2026-03-23,08:58:08,CLI-020,Marco Mendoza,PROD-028,6,1.94,0.00,EFECTIVO
VTA-001597,2026-03-23,13:44:40,CLI-016,Víctor Mendoza,PROD-027,1,2.42,0.00,EFECTIVO
VTA-001597,2026-03-23,13:44:40,CLI-016,Víctor Mendoza,PROD-005,1,6.69,0.00,EFECTIVO
VTA-001597,2026-03-23,13:44:40,CLI-016,Víctor Mendoza,PROD-002,3,4.66,0.00,EFECTIVO
VTA-001597,2026-03-23,13:44:40,CLI-016,Víctor Mendoza,PROD-011,2,4.37,0.00,EFECTIVO
VTA-001598,2026-03-23,11:27:50,CLI-012,Pedro Mendoza,PROD-029,6,2.72,0.00,EFECTIVO
VTA-001598,2026-03-23,11:27:50,CLI-012,Pedro Mendoza,PROD-012,4,7.66,3.87,EFECTIVO
VTA-001599,2026-03-23,10:57:52,CLI-042,José Castro,PROD-006,4,1.94,0.00,EFECTIVO
VTA-001599,2026-03-23,10:57:52,CLI-042,José Castro,PROD-031,10,0.39,0.00,EFECTIVO
VTA-001599,2026-03-23,10:57:52,CLI-042,José Castro,PROD-028,1,1.94,0.00,EFECTIVO
VTA-001599,2026-03-23,10:57:52,CLI-042,José Castro,PROD-026,6,1.46,0.00,EFECTIVO
VTA-001600,2026-03-23,17:03:42,CLI-011,Elena Mendoza,PROD-027,5,2.42,1.77,TARJETA
VTA-001601,2026-03-23,12:20:23,CLI-023,María García,PROD-006,3,1.94,0.00,EFECTIVO
VTA-001601,2026-03-23,12:20:23,CLI-023,María García,PROD-029,2,2.72,0.00,EFECTIVO
VTA-001602,2026-03-23,16:13:37,CLI-028,Jorge García,PROD-012,2,7.66,0.00,YAPE
VTA-001602,2026-03-23,16:13:37,CLI-028,Jorge García,PROD-013,2,2.13,0.00,YAPE
VTA-001603,2026-03-23,09:57:16,CLI-021,Rosa García,PROD-008,5,3.10,0.65,YAPE
VTA-001603,2026-03-23,09:57:16,CLI-021,Rosa García,PROD-028,2,1.94,0.00,YAPE
VTA-001604,2026-03-23,21:59:36,CLI-032,Pedro García,PROD-001,3,5.04,0.00,TARJETA
VTA-001605,2026-03-23,20:47:29,CLI-061,Rosa Díaz,PROD-026,2,1.46,0.00,EFECTIVO
VTA-001605,2026-03-23,20:47:29,CLI-061,Rosa Díaz,PROD-020,3,6.30,0.00,EFECTIVO
VTA-001606,2026-03-23,16:23:57,CLI-065,Carmen Díaz,PROD-007,4,3.40,0.00,EFECTIVO
VTA-001606,2026-03-23,16:23:57,CLI-065,Carmen Díaz,PROD-002,4,4.66,0.00,EFECTIVO
VTA-001606,2026-03-23,16:23:57,CLI-065,Carmen Díaz,PROD-014,1,9.21,0.00,EFECTIVO
VTA-001607,2026-03-23,16:37:47,CLI-015,Milagros Mendoza,PROD-004,5,3.40,0.00,YAPE
VTA-001608,2026-03-23,09:48:34,CLI-010,Miguel Mendoza,PROD-017,6,8.24,0.00,YAPE
VTA-001609,2026-03-24,08:06:29,CLI-056,Víctor Castro,PROD-022,5,3.10,0.00,YAPE
VTA-001609,2026-03-24,08:06:29,CLI-056,Víctor Castro,PROD-031,11,0.39,0.00,YAPE
VTA-001609,2026-03-24,08:06:29,CLI-056,Víctor Castro,PROD-026,2,1.46,0.00,YAPE
VTA-001609,2026-03-24,08:06:29,CLI-056,Víctor Castro,PROD-007,2,3.40,0.00,YAPE
VTA-001610,2026-03-24,21:31:25,CLI-007,Ana Mendoza,PROD-010,4,3.88,0.93,PLIN
VTA-001610,2026-03-24,21:31:25,CLI-007,Ana Mendoza,PROD-002,1,4.66,0.00,PLIN
VTA-001611,2026-03-24,14:27:25,CLI-011,Elena Mendoza,PROD-003,1,10.57,0.00,YAPE
VTA-001611,2026-03-24,14:27:25,CLI-011,Elena Mendoza,PROD-026,3,1.46,0.00,YAPE
VTA-001611,2026-03-24,14:27:25,CLI-011,Elena Mendoza,PROD-010,2,3.88,0.00,YAPE
VTA-001611,2026-03-24,14:27:25,CLI-011,Elena Mendoza,PROD-031,14,0.39,0.00,YAPE
VTA-001611,2026-03-24,14:27:25,CLI-011,Elena Mendoza,PROD-005,3,6.69,0.00,YAPE
VTA-001612,2026-03-24,13:33:10,CLI-064,Luis Díaz,PROD-027,6,2.42,0.00,YAPE
VTA-001612,2026-03-24,13:33:10,CLI-064,Luis Díaz,PROD-009,3,5.72,0.00,YAPE
VTA-001613,2026-03-24,14:23:45,CLI-010,Miguel Mendoza,PROD-031,13,0.39,0.00,EFECTIVO
VTA-001614,2026-03-24,16:51:28,CLI-006,Carlos Mendoza,PROD-034,5,4.37,0.00,PLIN
VTA-001614,2026-03-24,16:51:28,CLI-006,Carlos Mendoza,PROD-009,5,5.72,3.25,PLIN
VTA-001614,2026-03-24,16:51:28,CLI-006,Carlos Mendoza,PROD-031,2,0.39,0.00,PLIN
VTA-001614,2026-03-24,16:51:28,CLI-006,Carlos Mendoza,PROD-004,3,3.40,0.00,PLIN
VTA-001615,2026-03-24,19:18:26,CLI-009,Lucía Mendoza,PROD-022,3,3.10,0.00,TARJETA
VTA-001615,2026-03-24,19:18:26,CLI-009,Lucía Mendoza,PROD-009,1,5.72,0.00,TARJETA
VTA-001615,2026-03-24,19:18:26,CLI-009,Lucía Mendoza,PROD-034,5,4.37,0.00,TARJETA
VTA-001615,2026-03-24,19:18:26,CLI-009,Lucía Mendoza,PROD-007,4,3.40,0.00,TARJETA
VTA-001615,2026-03-24,19:18:26,CLI-009,Lucía Mendoza,PROD-012,6,7.66,5.93,TARJETA
VTA-001616,2026-03-24,13:25:04,CLI-002,José Mendoza,PROD-004,5,3.40,0.00,YAPE
VTA-001616,2026-03-24,13:25:04,CLI-002,José Mendoza,PROD-007,4,3.40,0.00,YAPE
VTA-001616,2026-03-24,13:25:04,CLI-002,José Mendoza,PROD-006,5,1.94,0.00,YAPE
VTA-001617,2026-03-24,08:20:25,CLI-042,José Castro,PROD-008,2,3.10,0.00,EFECTIVO
VTA-001618,2026-03-24,12:53:03,CLI-014,Juan Mendoza,PROD-031,17,0.39,0.00,EFECTIVO
VTA-001618,2026-03-24,12:53:03,CLI-014,Juan Mendoza,PROD-001,3,5.04,0.00,EFECTIVO
VTA-001619,2026-03-24,16:18:25,CLI-097,Claudia Rojas,PROD-011,5,4.37,0.71,EFECTIVO
VTA-001619,2026-03-24,16:18:25,CLI-097,Claudia Rojas,PROD-002,3,4.66,0.00,EFECTIVO
VTA-001620,2026-03-24,13:02:45,CLI-063,María Díaz,PROD-033,5,9.60,0.00,TARJETA
VTA-001620,2026-03-24,13:02:45,CLI-063,María Díaz,PROD-031,6,0.39,0.00,TARJETA
VTA-001620,2026-03-24,13:02:45,CLI-063,María Díaz,PROD-019,1,8.63,0.78,TARJETA
VTA-001620,2026-03-24,13:02:45,CLI-063,María Díaz,PROD-028,1,1.94,0.00,TARJETA
VTA-001621,2026-03-25,12:04:28,CLI-010,Miguel Mendoza,PROD-008,1,3.10,0.00,EFECTIVO
VTA-001622,2026-03-25,12:15:46,CLI-086,Carlos Rojas,PROD-004,1,3.40,0.00,EFECTIVO
VTA-001622,2026-03-25,12:15:46,CLI-086,Carlos Rojas,PROD-029,4,2.72,0.00,EFECTIVO
VTA-001623,2026-03-25,14:07:39,CLI-014,Juan Mendoza,PROD-022,5,3.10,0.00,YAPE
VTA-001624,2026-03-25,13:03:45,CLI-006,Carlos Mendoza,PROD-026,5,1.46,0.00,PLIN
VTA-001624,2026-03-25,13:03:45,CLI-006,Carlos Mendoza,PROD-029,4,2.72,0.00,PLIN
VTA-001625,2026-03-25,13:49:50,CLI-001,Rosa Mendoza,PROD-031,9,0.39,0.00,EFECTIVO
VTA-001625,2026-03-25,13:49:50,CLI-001,Rosa Mendoza,PROD-015,5,8.63,0.00,EFECTIVO
VTA-001625,2026-03-25,13:49:50,CLI-001,Rosa Mendoza,PROD-022,1,3.10,0.45,EFECTIVO
VTA-001625,2026-03-25,13:49:50,CLI-001,Rosa Mendoza,PROD-029,2,2.72,0.00,EFECTIVO
VTA-001626,2026-03-25,14:28:54,CLI-099,Diana Rojas,PROD-034,3,4.37,0.37,EFECTIVO
VTA-001626,2026-03-25,14:28:54,CLI-099,Diana Rojas,PROD-027,2,2.42,0.00,EFECTIVO
VTA-001627,2026-03-25,16:00:57,CLI-008,Jorge Mendoza,PROD-011,4,4.37,0.00,TARJETA
VTA-001628,2026-03-25,18:15:21,CLI-077,Claudia Díaz,PROD-013,5,2.13,0.00,EFECTIVO
VTA-001629,2026-03-25,08:33:48,CLI-067,Ana Díaz,PROD-015,3,8.63,0.00,YAPE
VTA-001629,2026-03-25,08:33:48,CLI-067,Ana Díaz,PROD-012,5,7.66,0.00,YAPE
VTA-001629,2026-03-25,08:33:48,CLI-067,Ana Díaz,PROD-019,3,8.63,0.00,YAPE
VTA-001629,2026-03-25,08:33:48,CLI-067,Ana Díaz,PROD-003,1,10.57,0.00,YAPE
VTA-001630,2026-03-25,12:39:32,CLI-038,Renzo García,PROD-011,2,4.37,0.00,EFECTIVO
VTA-001631,2026-03-25,14:41:02,CLI-068,Jorge Díaz,PROD-023,4,7.27,0.00,PLIN
VTA-001632,2026-03-25,16:15:39,CLI-013,Patricia Mendoza,PROD-013,2,2.13,0.00,YAPE
VTA-001632,2026-03-25,16:15:39,CLI-013,Patricia Mendoza,PROD-014,1,9.21,0.00,YAPE
VTA-001632,2026-03-25,16:15:39,CLI-013,Patricia Mendoza,PROD-033,6,9.60,0.00,YAPE
VTA-001633,2026-03-25,13:33:50,CLI-043,María Castro,PROD-016,3,11.15,0.00,EFECTIVO
VTA-001633,2026-03-25,13:33:50,CLI-043,María Castro,PROD-027,1,2.42,0.00,EFECTIVO
VTA-001634,2026-03-25,17:53:23,CLI-008,Jorge Mendoza,PROD-031,3,0.39,0.00,YAPE
VTA-001634,2026-03-25,17:53:23,CLI-008,Jorge Mendoza,PROD-015,6,8.63,0.00,YAPE
VTA-001634,2026-03-25,17:53:23,CLI-008,Jorge Mendoza,PROD-007,1,3.40,0.00,YAPE
VTA-001635,2026-03-25,16:19:23,CLI-054,Juan Castro,PROD-011,3,4.37,0.00,EFECTIVO
VTA-001636,2026-03-25,18:05:34,CLI-036,Víctor García,PROD-011,1,4.37,0.00,YAPE
VTA-001636,2026-03-25,18:05:34,CLI-036,Víctor García,PROD-014,4,9.21,0.00,YAPE
VTA-001637,2026-03-25,12:30:45,CLI-004,Luis Mendoza,PROD-006,2,1.94,0.00,PLIN
VTA-001637,2026-03-25,12:30:45,CLI-004,Luis Mendoza,PROD-026,2,1.46,0.00,PLIN
VTA-001637,2026-03-25,12:30:45,CLI-004,Luis Mendoza,PROD-014,4,9.21,0.00,PLIN
VTA-001637,2026-03-25,12:30:45,CLI-004,Luis Mendoza,PROD-022,6,3.10,0.00,PLIN
VTA-001637,2026-03-25,12:30:45,CLI-004,Luis Mendoza,PROD-011,1,4.37,0.11,PLIN
VTA-001638,2026-03-25,11:17:29,CLI-019,Diana Mendoza,PROD-023,6,7.27,0.00,YAPE
VTA-001638,2026-03-25,11:17:29,CLI-019,Diana Mendoza,PROD-032,4,6.30,0.00,YAPE
VTA-001639,2026-03-26,17:30:04,CLI-009,Lucía Mendoza,PROD-031,6,0.39,0.00,EFECTIVO
VTA-001639,2026-03-26,17:30:04,CLI-009,Lucía Mendoza,PROD-028,4,1.94,0.00,EFECTIVO
VTA-001640,2026-03-26,17:25:29,CLI-009,Lucía Mendoza,PROD-023,5,7.27,0.00,EFECTIVO
VTA-001640,2026-03-26,17:25:29,CLI-009,Lucía Mendoza,PROD-032,2,6.30,0.00,EFECTIVO
VTA-001640,2026-03-26,17:25:29,CLI-009,Lucía Mendoza,PROD-007,3,3.40,0.00,EFECTIVO
VTA-001641,2026-03-26,10:00:50,CLI-012,Pedro Mendoza,PROD-028,3,1.94,0.00,PLIN
VTA-001641,2026-03-26,10:00:50,CLI-012,Pedro Mendoza,PROD-001,2,5.04,0.00,PLIN
VTA-001641,2026-03-26,10:00:50,CLI-012,Pedro Mendoza,PROD-003,6,10.57,0.00,PLIN
VTA-001642,2026-03-26,11:40:42,CLI-049,Lucía Castro,PROD-002,3,4.66,0.00,EFECTIVO
VTA-001643,2026-03-26,12:45:00,CLI-001,Rosa Mendoza,PROD-022,3,3.10,0.00,YAPE
VTA-001644,2026-03-26,12:56:19,CLI-006,Carlos Mendoza,PROD-017,5,8.24,0.00,EFECTIVO
VTA-001644,2026-03-26,12:56:19,CLI-006,Carlos Mendoza,PROD-007,6,3.40,2.51,EFECTIVO
VTA-001644,2026-03-26,12:56:19,CLI-006,Carlos Mendoza,PROD-029,4,2.72,0.00,EFECTIVO
VTA-001644,2026-03-26,12:56:19,CLI-006,Carlos Mendoza,PROD-006,1,1.94,0.00,EFECTIVO
VTA-001645,2026-03-26,15:46:30,CLI-008,Jorge Mendoza,PROD-026,2,1.46,0.00,YAPE
VTA-001645,2026-03-26,15:46:30,CLI-008,Jorge Mendoza,PROD-001,1,5.04,0.00,YAPE
VTA-001646,2026-03-26,07:55:04,CLI-014,Juan Mendoza,PROD-014,4,9.21,0.00,YAPE
VTA-001646,2026-03-26,07:55:04,CLI-014,Juan Mendoza,PROD-003,5,10.57,0.00,YAPE
VTA-001647,2026-03-26,17:55:16,CLI-041,Rosa Castro,PROD-006,4,1.94,0.00,EFECTIVO
VTA-001647,2026-03-26,17:55:16,CLI-041,Rosa Castro,PROD-028,6,1.94,0.00,EFECTIVO
VTA-001648,2026-03-26,20:35:51,CLI-010,Miguel Mendoza,PROD-023,3,7.27,0.00,YAPE
VTA-001648,2026-03-26,20:35:51,CLI-010,Miguel Mendoza,PROD-016,3,11.15,0.00,YAPE
VTA-001649,2026-03-26,17:50:12,CLI-022,José García,PROD-013,2,2.13,0.00,TARJETA
VTA-001650,2026-03-26,08:46:18,CLI-006,Carlos Mendoza,PROD-015,4,8.63,0.00,TARJETA
VTA-001651,2026-03-26,08:22:41,CLI-045,Carmen Castro,PROD-009,2,5.72,0.39,TARJETA
VTA-001651,2026-03-26,08:22:41,CLI-045,Carmen Castro,PROD-034,2,4.37,0.00,TARJETA
VTA-001651,2026-03-26,08:22:41,CLI-045,Carmen Castro,PROD-006,1,1.94,0.00,TARJETA
VTA-001652,2026-03-26,11:55:49,CLI-037,Claudia García,PROD-001,3,5.04,0.00,TARJETA
VTA-001652,2026-03-26,11:55:49,CLI-037,Claudia García,PROD-003,3,10.57,0.00,TARJETA
VTA-001653,2026-03-26,20:06:25,CLI-023,María García,PROD-010,1,3.88,0.00,EFECTIVO
VTA-001653,2026-03-26,20:06:25,CLI-023,María García,PROD-007,1,3.40,0.21,EFECTIVO
VTA-001653,2026-03-26,20:06:25,CLI-023,María García,PROD-028,6,1.94,0.00,EFECTIVO
VTA-001654,2026-03-27,15:36:18,CLI-018,Renzo Mendoza,PROD-019,4,8.63,0.00,TARJETA
VTA-001655,2026-03-27,14:29:15,CLI-007,Ana Mendoza,PROD-031,9,0.39,0.00,EFECTIVO
VTA-001655,2026-03-27,14:29:15,CLI-007,Ana Mendoza,PROD-023,4,7.27,0.00,EFECTIVO
VTA-001655,2026-03-27,14:29:15,CLI-007,Ana Mendoza,PROD-011,4,4.37,2.32,EFECTIVO
VTA-001656,2026-03-27,15:35:42,CLI-057,Claudia Castro,PROD-004,5,3.40,0.00,EFECTIVO
VTA-001656,2026-03-27,15:35:42,CLI-057,Claudia Castro,PROD-008,3,3.10,0.00,EFECTIVO
VTA-001657,2026-03-27,13:25:04,CLI-094,Juan Rojas,PROD-018,1,4.07,0.55,YAPE
VTA-001657,2026-03-27,13:25:04,CLI-094,Juan Rojas,PROD-026,6,1.46,0.00,YAPE
VTA-001657,2026-03-27,13:25:04,CLI-094,Juan Rojas,PROD-013,4,2.13,0.98,YAPE
VTA-001658,2026-03-27,12:07:41,CLI-096,Víctor Rojas,PROD-026,6,1.46,0.00,TARJETA
VTA-001659,2026-03-27,20:49:22,CLI-100,Marco Rojas,PROD-031,19,0.39,0.00,YAPE
VTA-001659,2026-03-27,20:49:22,CLI-100,Marco Rojas,PROD-002,3,4.66,0.00,YAPE
VTA-001659,2026-03-27,20:49:22,CLI-100,Marco Rojas,PROD-019,1,8.63,1.15,YAPE
VTA-001659,2026-03-27,20:49:22,CLI-100,Marco Rojas,PROD-013,5,2.13,0.00,YAPE
VTA-001660,2026-03-27,09:59:50,CLI-002,José Mendoza,PROD-008,3,3.10,0.00,YAPE
VTA-001660,2026-03-27,09:59:50,CLI-002,José Mendoza,PROD-013,2,2.13,0.00,YAPE
VTA-001660,2026-03-27,09:59:50,CLI-002,José Mendoza,PROD-002,2,4.66,0.00,YAPE
VTA-001661,2026-03-27,16:47:04,CLI-091,Elena Rojas,PROD-027,5,2.42,0.00,EFECTIVO
VTA-001661,2026-03-27,16:47:04,CLI-091,Elena Rojas,PROD-001,4,5.04,0.00,EFECTIVO
VTA-001661,2026-03-27,16:47:04,CLI-091,Elena Rojas,PROD-005,4,6.69,0.00,EFECTIVO
VTA-001662,2026-03-27,10:15:36,CLI-044,Luis Castro,PROD-013,2,2.13,0.00,PLIN
VTA-001662,2026-03-27,10:15:36,CLI-044,Luis Castro,PROD-019,6,8.63,0.00,PLIN
VTA-001663,2026-03-27,10:46:15,CLI-044,Luis Castro,PROD-007,2,3.40,0.00,EFECTIVO
VTA-001663,2026-03-27,10:46:15,CLI-044,Luis Castro,PROD-026,2,1.46,0.00,EFECTIVO
VTA-001664,2026-03-27,17:32:17,CLI-041,Rosa Castro,PROD-004,4,3.40,0.00,EFECTIVO
VTA-001664,2026-03-27,17:32:17,CLI-041,Rosa Castro,PROD-026,2,1.46,0.00,EFECTIVO
VTA-001664,2026-03-27,17:32:17,CLI-041,Rosa Castro,PROD-016,5,11.15,0.00,EFECTIVO
VTA-001665,2026-03-27,17:35:14,CLI-010,Miguel Mendoza,PROD-011,4,4.37,0.00,EFECTIVO
VTA-001665,2026-03-27,17:35:14,CLI-010,Miguel Mendoza,PROD-006,2,1.94,0.00,EFECTIVO
VTA-001665,2026-03-27,17:35:14,CLI-010,Miguel Mendoza,PROD-001,3,5.04,0.00,EFECTIVO
VTA-001666,2026-03-27,08:21:57,CLI-005,Carmen Mendoza,PROD-003,5,10.57,6.97,YAPE
VTA-001666,2026-03-27,08:21:57,CLI-005,Carmen Mendoza,PROD-018,1,4.07,0.00,YAPE
VTA-001666,2026-03-27,08:21:57,CLI-005,Carmen Mendoza,PROD-034,2,4.37,0.00,YAPE
VTA-001667,2026-03-27,19:07:09,CLI-083,María Rojas,PROD-031,4,0.39,0.00,YAPE
VTA-001668,2026-03-27,11:18:58,CLI-040,Marco García,PROD-005,3,6.69,0.00,EFECTIVO
VTA-001668,2026-03-27,11:18:58,CLI-040,Marco García,PROD-012,6,7.66,2.34,EFECTIVO
VTA-001668,2026-03-27,11:18:58,CLI-040,Marco García,PROD-004,4,3.40,0.00,EFECTIVO
VTA-001669,2026-03-27,11:06:37,CLI-006,Carlos Mendoza,PROD-012,6,7.66,0.00,YAPE
VTA-001670,2026-03-27,13:47:17,CLI-054,Juan Castro,PROD-012,1,7.66,0.00,EFECTIVO
VTA-001670,2026-03-27,13:47:17,CLI-054,Juan Castro,PROD-011,4,4.37,0.00,EFECTIVO
VTA-001671,2026-03-27,07:20:29,CLI-028,Jorge García,PROD-023,3,7.27,0.00,EFECTIVO
VTA-001671,2026-03-27,07:20:29,CLI-028,Jorge García,PROD-026,4,1.46,0.00,EFECTIVO
VTA-001671,2026-03-27,07:20:29,CLI-028,Jorge García,PROD-020,3,6.30,1.34,EFECTIVO
VTA-001672,2026-03-27,20:27:14,CLI-038,Renzo García,PROD-010,3,3.88,0.00,EFECTIVO
VTA-001672,2026-03-27,20:27:14,CLI-038,Renzo García,PROD-004,6,3.40,0.00,EFECTIVO
VTA-001673,2026-03-27,07:32:29,CLI-026,Carlos García,PROD-007,6,3.40,0.00,PLIN
VTA-001673,2026-03-27,07:32:29,CLI-026,Carlos García,PROD-017,5,8.24,0.00,PLIN
VTA-001674,2026-03-27,21:22:32,CLI-071,Elena Díaz,PROD-034,5,4.37,0.00,EFECTIVO
VTA-001674,2026-03-27,21:22:32,CLI-071,Elena Díaz,PROD-031,5,0.39,0.00,EFECTIVO
VTA-001674,2026-03-27,21:22:32,CLI-071,Elena Díaz,PROD-009,6,5.72,0.00,EFECTIVO
VTA-001675,2026-03-27,11:08:25,CLI-067,Ana Díaz,PROD-031,14,0.39,0.00,YAPE
VTA-001675,2026-03-27,11:08:25,CLI-067,Ana Díaz,PROD-007,2,3.40,0.00,YAPE
VTA-001675,2026-03-27,11:08:25,CLI-067,Ana Díaz,PROD-017,5,8.24,0.00,YAPE
VTA-001676,2026-03-28,12:17:48,CLI-061,Rosa Díaz,PROD-012,2,7.66,0.00,EFECTIVO
VTA-001676,2026-03-28,12:17:48,CLI-061,Rosa Díaz,PROD-022,5,3.10,0.00,EFECTIVO
VTA-001676,2026-03-28,12:17:48,CLI-061,Rosa Díaz,PROD-001,3,5.04,0.00,EFECTIVO
VTA-001677,2026-03-28,07:52:52,CLI-027,Ana García,PROD-007,3,3.40,0.00,EFECTIVO
VTA-001677,2026-03-28,07:52:52,CLI-027,Ana García,PROD-006,1,1.94,0.00,EFECTIVO
VTA-001677,2026-03-28,07:52:52,CLI-027,Ana García,PROD-028,3,1.94,0.00,EFECTIVO
VTA-001677,2026-03-28,07:52:52,CLI-027,Ana García,PROD-003,4,10.57,0.00,EFECTIVO
VTA-001678,2026-03-28,20:36:34,CLI-005,Carmen Mendoza,PROD-031,2,0.39,0.00,EFECTIVO
VTA-001679,2026-03-28,13:38:36,CLI-086,Carlos Rojas,PROD-031,3,0.39,0.00,EFECTIVO
VTA-001679,2026-03-28,13:38:36,CLI-086,Carlos Rojas,PROD-012,5,7.66,0.00,EFECTIVO
VTA-001680,2026-03-28,07:36:44,CLI-074,Juan Díaz,PROD-007,2,3.40,0.00,EFECTIVO
VTA-001680,2026-03-28,07:36:44,CLI-074,Juan Díaz,PROD-003,6,10.57,0.00,EFECTIVO
VTA-001680,2026-03-28,07:36:44,CLI-074,Juan Díaz,PROD-011,3,4.37,0.00,EFECTIVO
VTA-001681,2026-03-28,19:07:24,CLI-048,Jorge Castro,PROD-027,6,2.42,0.00,EFECTIVO
VTA-001681,2026-03-28,19:07:24,CLI-048,Jorge Castro,PROD-003,1,10.57,0.00,EFECTIVO
VTA-001681,2026-03-28,19:07:24,CLI-048,Jorge Castro,PROD-010,5,3.88,0.00,EFECTIVO
VTA-001681,2026-03-28,19:07:24,CLI-048,Jorge Castro,PROD-034,3,4.37,0.00,EFECTIVO
VTA-001682,2026-03-28,14:38:32,CLI-015,Milagros Mendoza,PROD-004,2,3.40,0.00,YAPE
VTA-001682,2026-03-28,14:38:32,CLI-015,Milagros Mendoza,PROD-028,5,1.94,0.00,YAPE
VTA-001683,2026-03-28,14:00:51,CLI-002,José Mendoza,PROD-034,2,4.37,0.00,TARJETA
VTA-001684,2026-03-28,16:02:45,CLI-006,Carlos Mendoza,PROD-023,3,7.27,2.72,EFECTIVO
VTA-001684,2026-03-28,16:02:45,CLI-006,Carlos Mendoza,PROD-019,1,8.63,0.00,EFECTIVO
VTA-001684,2026-03-28,16:02:45,CLI-006,Carlos Mendoza,PROD-026,1,1.46,0.00,EFECTIVO
VTA-001684,2026-03-28,16:02:45,CLI-006,Carlos Mendoza,PROD-028,3,1.94,0.00,EFECTIVO
VTA-001685,2026-03-28,13:57:25,CLI-053,Patricia Castro,PROD-012,4,7.66,0.00,EFECTIVO
VTA-001685,2026-03-28,13:57:25,CLI-053,Patricia Castro,PROD-007,1,3.40,0.00,EFECTIVO
VTA-001686,2026-03-28,15:37:22,CLI-037,Claudia García,PROD-007,2,3.40,0.00,YAPE
VTA-001686,2026-03-28,15:37:22,CLI-037,Claudia García,PROD-004,3,3.40,0.00,YAPE
VTA-001686,2026-03-28,15:37:22,CLI-037,Claudia García,PROD-031,13,0.39,0.00,YAPE
VTA-001687,2026-03-28,11:41:47,CLI-017,Claudia Mendoza,PROD-018,2,4.07,0.00,EFECTIVO
VTA-001687,2026-03-28,11:41:47,CLI-017,Claudia Mendoza,PROD-011,4,4.37,0.00,EFECTIVO
VTA-001687,2026-03-28,11:41:47,CLI-017,Claudia Mendoza,PROD-002,3,4.66,0.00,EFECTIVO
VTA-001688,2026-03-28,16:04:49,CLI-082,José Rojas,PROD-016,1,11.15,0.00,YAPE
VTA-001688,2026-03-28,16:04:49,CLI-082,José Rojas,PROD-029,2,2.72,0.00,YAPE
VTA-001689,2026-03-28,19:23:33,CLI-003,María Mendoza,PROD-026,2,1.46,0.00,YAPE
VTA-001689,2026-03-28,19:23:33,CLI-003,María Mendoza,PROD-028,6,1.94,0.00,YAPE
VTA-001689,2026-03-28,19:23:33,CLI-003,María Mendoza,PROD-008,6,3.10,0.00,YAPE
VTA-001689,2026-03-28,19:23:33,CLI-003,María Mendoza,PROD-014,6,9.21,0.00,YAPE
VTA-001690,2026-03-28,10:38:16,CLI-054,Juan Castro,PROD-001,4,5.04,0.00,PLIN
VTA-001691,2026-03-28,21:30:37,CLI-009,Lucía Mendoza,PROD-008,5,3.10,0.00,TARJETA
VTA-001691,2026-03-28,21:30:37,CLI-009,Lucía Mendoza,PROD-019,1,8.63,0.00,TARJETA
VTA-001691,2026-03-28,21:30:37,CLI-009,Lucía Mendoza,PROD-031,6,0.39,0.00,TARJETA
VTA-001692,2026-03-28,15:56:46,CLI-098,Renzo Rojas,PROD-007,5,3.40,0.00,EFECTIVO
VTA-001693,2026-03-28,14:45:36,CLI-006,Carlos Mendoza,PROD-028,6,1.94,0.00,PLIN
VTA-001694,2026-03-28,10:39:23,CLI-001,Rosa Mendoza,PROD-029,5,2.72,0.00,EFECTIVO
VTA-001694,2026-03-28,10:39:23,CLI-001,Rosa Mendoza,PROD-016,6,11.15,0.00,EFECTIVO
VTA-001695,2026-03-28,17:24:32,CLI-006,Carlos Mendoza,PROD-016,3,11.15,0.00,YAPE
VTA-001695,2026-03-28,17:24:32,CLI-006,Carlos Mendoza,PROD-003,3,10.57,0.00,YAPE
VTA-001695,2026-03-28,17:24:32,CLI-006,Carlos Mendoza,PROD-007,6,3.40,0.00,YAPE
VTA-001695,2026-03-28,17:24:32,CLI-006,Carlos Mendoza,PROD-022,3,3.10,0.00,YAPE
VTA-001695,2026-03-28,17:24:32,CLI-006,Carlos Mendoza,PROD-017,4,8.24,0.00,YAPE
VTA-001696,2026-03-29,09:31:23,CLI-060,Marco Castro,PROD-006,6,1.94,0.00,EFECTIVO
VTA-001696,2026-03-29,09:31:23,CLI-060,Marco Castro,PROD-007,4,3.40,0.00,EFECTIVO
VTA-001697,2026-03-29,18:09:58,CLI-019,Diana Mendoza,PROD-015,3,8.63,0.00,EFECTIVO
VTA-001697,2026-03-29,18:09:58,CLI-019,Diana Mendoza,PROD-023,3,7.27,0.00,EFECTIVO
VTA-001697,2026-03-29,18:09:58,CLI-019,Diana Mendoza,PROD-003,5,10.57,0.00,EFECTIVO
VTA-001697,2026-03-29,18:09:58,CLI-019,Diana Mendoza,PROD-014,2,9.21,0.00,EFECTIVO
VTA-001698,2026-03-29,07:29:05,CLI-026,Carlos García,PROD-009,1,5.72,0.00,TARJETA
VTA-001698,2026-03-29,07:29:05,CLI-026,Carlos García,PROD-028,4,1.94,0.00,TARJETA
VTA-001699,2026-03-29,08:23:26,CLI-013,Patricia Mendoza,PROD-034,4,4.37,0.00,PLIN
VTA-001699,2026-03-29,08:23:26,CLI-013,Patricia Mendoza,PROD-018,3,4.07,0.00,PLIN
VTA-001699,2026-03-29,08:23:26,CLI-013,Patricia Mendoza,PROD-011,2,4.37,0.00,PLIN
VTA-001699,2026-03-29,08:23:26,CLI-013,Patricia Mendoza,PROD-014,2,9.21,0.00,PLIN
VTA-001699,2026-03-29,08:23:26,CLI-013,Patricia Mendoza,PROD-031,3,0.39,0.00,PLIN
VTA-001700,2026-03-29,18:26:54,CLI-003,María Mendoza,PROD-001,2,5.04,0.00,EFECTIVO
VTA-001700,2026-03-29,18:26:54,CLI-003,María Mendoza,PROD-010,1,3.88,0.00,EFECTIVO
VTA-001701,2026-03-29,08:58:47,CLI-024,Luis García,PROD-027,4,2.42,0.00,EFECTIVO
VTA-001701,2026-03-29,08:58:47,CLI-024,Luis García,PROD-031,14,0.39,0.00,EFECTIVO
VTA-001701,2026-03-29,08:58:47,CLI-024,Luis García,PROD-007,5,3.40,2.18,EFECTIVO
VTA-001701,2026-03-29,08:58:47,CLI-024,Luis García,PROD-023,2,7.27,0.00,EFECTIVO
VTA-001701,2026-03-29,08:58:47,CLI-024,Luis García,PROD-002,2,4.66,0.00,EFECTIVO
VTA-001702,2026-03-29,21:12:59,CLI-006,Carlos Mendoza,PROD-005,3,6.69,0.00,YAPE
VTA-001702,2026-03-29,21:12:59,CLI-006,Carlos Mendoza,PROD-006,2,1.94,0.00,YAPE
VTA-001702,2026-03-29,21:12:59,CLI-006,Carlos Mendoza,PROD-029,5,2.72,0.00,YAPE
VTA-001703,2026-03-29,16:43:28,CLI-074,Juan Díaz,PROD-002,5,4.66,0.00,PLIN
VTA-001703,2026-03-29,16:43:28,CLI-074,Juan Díaz,PROD-022,6,3.10,0.00,PLIN
VTA-001704,2026-03-29,19:49:18,CLI-048,Jorge Castro,PROD-031,7,0.39,0.00,EFECTIVO
VTA-001704,2026-03-29,19:49:18,CLI-048,Jorge Castro,PROD-017,1,8.24,0.00,EFECTIVO
VTA-001704,2026-03-29,19:49:18,CLI-048,Jorge Castro,PROD-009,2,5.72,0.00,EFECTIVO
VTA-001705,2026-03-29,15:18:06,CLI-001,Rosa Mendoza,PROD-001,6,5.04,0.00,YAPE
VTA-001705,2026-03-29,15:18:06,CLI-001,Rosa Mendoza,PROD-007,4,3.40,0.00,YAPE
VTA-001705,2026-03-29,15:18:06,CLI-001,Rosa Mendoza,PROD-019,2,8.63,0.00,YAPE
VTA-001705,2026-03-29,15:18:06,CLI-001,Rosa Mendoza,PROD-006,4,1.94,0.00,YAPE
VTA-001705,2026-03-29,15:18:06,CLI-001,Rosa Mendoza,PROD-013,1,2.13,0.00,YAPE
VTA-001706,2026-03-29,17:59:46,CLI-005,Carmen Mendoza,PROD-005,1,6.69,0.00,TARJETA
VTA-001707,2026-03-29,16:56:58,CLI-031,Elena García,PROD-001,3,5.04,0.00,YAPE
VTA-001708,2026-03-29,21:48:17,CLI-031,Elena García,PROD-005,2,6.69,0.00,TARJETA
VTA-001709,2026-03-29,12:26:31,CLI-043,María Castro,PROD-011,4,4.37,0.00,EFECTIVO
VTA-001709,2026-03-29,12:26:31,CLI-043,María Castro,PROD-006,4,1.94,0.00,EFECTIVO
VTA-001710,2026-03-29,13:42:53,CLI-044,Luis Castro,PROD-026,6,1.46,0.00,EFECTIVO
VTA-001710,2026-03-29,13:42:53,CLI-044,Luis Castro,PROD-019,3,8.63,0.00,EFECTIVO
VTA-001710,2026-03-29,13:42:53,CLI-044,Luis Castro,PROD-009,1,5.72,0.00,EFECTIVO
VTA-001711,2026-03-29,19:03:52,CLI-020,Marco Mendoza,PROD-001,4,5.04,0.00,PLIN
VTA-001712,2026-03-29,15:58:46,CLI-027,Ana García,PROD-001,5,5.04,0.00,EFECTIVO
VTA-001712,2026-03-29,15:58:46,CLI-027,Ana García,PROD-007,4,3.40,0.00,EFECTIVO
VTA-001712,2026-03-29,15:58:46,CLI-027,Ana García,PROD-033,4,9.60,0.00,EFECTIVO
VTA-001712,2026-03-29,15:58:46,CLI-027,Ana García,PROD-026,2,1.46,0.00,EFECTIVO
VTA-001712,2026-03-29,15:58:46,CLI-027,Ana García,PROD-011,6,4.37,0.00,EFECTIVO
VTA-001713,2026-03-29,12:33:10,CLI-025,Carmen García,PROD-016,5,11.15,0.00,YAPE
VTA-001713,2026-03-29,12:33:10,CLI-025,Carmen García,PROD-032,6,6.30,0.00,YAPE
VTA-001714,2026-03-30,14:37:49,CLI-007,Ana Mendoza,PROD-006,5,1.94,0.00,EFECTIVO
VTA-001714,2026-03-30,14:37:49,CLI-007,Ana Mendoza,PROD-007,4,3.40,0.00,EFECTIVO
VTA-001715,2026-03-30,16:45:39,CLI-047,Ana Castro,PROD-028,6,1.94,0.00,PLIN
VTA-001716,2026-03-30,11:06:20,CLI-017,Claudia Mendoza,PROD-027,4,2.42,0.00,TARJETA
VTA-001716,2026-03-30,11:06:20,CLI-017,Claudia Mendoza,PROD-015,4,8.63,0.00,TARJETA
VTA-001717,2026-03-30,17:48:51,CLI-002,José Mendoza,PROD-011,6,4.37,0.00,EFECTIVO
VTA-001718,2026-03-30,12:19:15,CLI-031,Elena García,PROD-032,3,6.30,0.00,YAPE
VTA-001718,2026-03-30,12:19:15,CLI-031,Elena García,PROD-006,3,1.94,0.00,YAPE
VTA-001719,2026-03-30,10:14:21,CLI-070,Miguel Díaz,PROD-023,3,7.27,0.61,EFECTIVO
VTA-001720,2026-03-30,13:50:51,CLI-006,Carlos Mendoza,PROD-004,4,3.40,0.00,EFECTIVO
VTA-001720,2026-03-30,13:50:51,CLI-006,Carlos Mendoza,PROD-026,2,1.46,0.00,EFECTIVO
VTA-001721,2026-03-30,21:43:43,CLI-023,María García,PROD-022,6,3.10,0.00,EFECTIVO
VTA-001722,2026-03-30,08:10:16,CLI-024,Luis García,PROD-013,1,2.13,0.00,EFECTIVO
VTA-001722,2026-03-30,08:10:16,CLI-024,Luis García,PROD-026,4,1.46,0.00,EFECTIVO
VTA-001722,2026-03-30,08:10:16,CLI-024,Luis García,PROD-029,4,2.72,0.00,EFECTIVO
VTA-001722,2026-03-30,08:10:16,CLI-024,Luis García,PROD-028,1,1.94,0.28,EFECTIVO
VTA-001723,2026-03-30,08:54:27,CLI-005,Carmen Mendoza,PROD-031,16,0.39,0.50,EFECTIVO
VTA-001723,2026-03-30,08:54:27,CLI-005,Carmen Mendoza,PROD-017,4,8.24,4.91,EFECTIVO
VTA-001723,2026-03-30,08:54:27,CLI-005,Carmen Mendoza,PROD-002,6,4.66,0.00,EFECTIVO
VTA-001723,2026-03-30,08:54:27,CLI-005,Carmen Mendoza,PROD-007,5,3.40,0.00,EFECTIVO
VTA-001724,2026-03-30,08:39:03,CLI-012,Pedro Mendoza,PROD-006,2,1.94,0.00,EFECTIVO
VTA-001724,2026-03-30,08:39:03,CLI-012,Pedro Mendoza,PROD-026,6,1.46,0.00,EFECTIVO
VTA-001725,2026-03-30,10:26:32,CLI-053,Patricia Castro,PROD-001,4,5.04,0.91,EFECTIVO
VTA-001725,2026-03-30,10:26:32,CLI-053,Patricia Castro,PROD-011,1,4.37,0.00,EFECTIVO
VTA-001726,2026-03-31,08:40:23,CLI-067,Ana Díaz,PROD-006,1,1.94,0.00,EFECTIVO
VTA-001726,2026-03-31,08:40:23,CLI-067,Ana Díaz,PROD-029,5,2.72,0.00,EFECTIVO
VTA-001726,2026-03-31,08:40:23,CLI-067,Ana Díaz,PROD-019,1,8.63,0.00,EFECTIVO
VTA-001727,2026-03-31,13:56:59,CLI-077,Claudia Díaz,PROD-011,6,4.37,0.00,PLIN
VTA-001728,2026-03-31,08:54:26,CLI-050,Miguel Castro,PROD-005,1,6.69,0.00,YAPE
VTA-001728,2026-03-31,08:54:26,CLI-050,Miguel Castro,PROD-006,6,1.94,0.00,YAPE
VTA-001729,2026-03-31,19:28:40,CLI-061,Rosa Díaz,PROD-031,7,0.39,0.09,TARJETA
VTA-001730,2026-03-31,07:42:07,CLI-007,Ana Mendoza,PROD-006,1,1.94,0.00,YAPE
VTA-001730,2026-03-31,07:42:07,CLI-007,Ana Mendoza,PROD-001,6,5.04,0.00,YAPE
VTA-001730,2026-03-31,07:42:07,CLI-007,Ana Mendoza,PROD-019,3,8.63,0.00,YAPE
VTA-001731,2026-03-31,17:48:03,CLI-063,María Díaz,PROD-033,5,9.60,0.00,EFECTIVO
VTA-001732,2026-03-31,18:14:24,CLI-032,Pedro García,PROD-006,3,1.94,0.00,TARJETA
VTA-001732,2026-03-31,18:14:24,CLI-032,Pedro García,PROD-012,2,7.66,0.00,TARJETA
VTA-001733,2026-03-31,13:20:49,CLI-058,Renzo Castro,PROD-032,4,6.30,0.00,YAPE
VTA-001734,2026-03-31,19:13:12,CLI-075,Milagros Díaz,PROD-011,4,4.37,0.00,YAPE
VTA-001734,2026-03-31,19:13:12,CLI-075,Milagros Díaz,PROD-015,4,8.63,4.37,YAPE
VTA-001734,2026-03-31,19:13:12,CLI-075,Milagros Díaz,PROD-026,4,1.46,0.00,YAPE
VTA-001734,2026-03-31,19:13:12,CLI-075,Milagros Díaz,PROD-034,5,4.37,0.00,YAPE
VTA-001735,2026-03-31,21:13:20,CLI-046,Carlos Castro,PROD-008,4,3.10,0.00,EFECTIVO
VTA-001736,2026-03-31,08:58:34,CLI-035,Milagros García,PROD-029,4,2.72,0.00,EFECTIVO
VTA-001736,2026-03-31,08:58:34,CLI-035,Milagros García,PROD-004,5,3.40,0.63,EFECTIVO
VTA-001736,2026-03-31,08:58:34,CLI-035,Milagros García,PROD-034,3,4.37,0.00,EFECTIVO
VTA-001736,2026-03-31,08:58:34,CLI-035,Milagros García,PROD-027,5,2.42,1.16,EFECTIVO
VTA-001736,2026-03-31,08:58:34,CLI-035,Milagros García,PROD-001,1,5.04,0.00,EFECTIVO
VTA-001737,2026-03-31,07:16:26,CLI-013,Patricia Mendoza,PROD-002,3,4.66,1.43,EFECTIVO
VTA-001737,2026-03-31,07:16:26,CLI-013,Patricia Mendoza,PROD-007,4,3.40,0.00,EFECTIVO
VTA-001737,2026-03-31,07:16:26,CLI-013,Patricia Mendoza,PROD-004,3,3.40,0.00,EFECTIVO
VTA-001737,2026-03-31,07:16:26,CLI-013,Patricia Mendoza,PROD-032,2,6.30,0.55,EFECTIVO
VTA-001738,2026-03-31,17:39:53,CLI-011,Elena Mendoza,PROD-003,6,10.57,4.08,PLIN
VTA-001738,2026-03-31,17:39:53,CLI-011,Elena Mendoza,PROD-026,6,1.46,0.00,PLIN
VTA-001738,2026-03-31,17:39:53,CLI-011,Elena Mendoza,PROD-016,4,11.15,0.00,PLIN
VTA-001738,2026-03-31,17:39:53,CLI-011,Elena Mendoza,PROD-023,2,7.27,0.00,PLIN
VTA-001739,2026-03-31,13:10:38,CLI-003,María Mendoza,PROD-001,2,5.04,0.00,EFECTIVO
VTA-001739,2026-03-31,13:10:38,CLI-003,María Mendoza,PROD-023,3,7.27,0.00,EFECTIVO
VTA-001739,2026-03-31,13:10:38,CLI-003,María Mendoza,PROD-031,6,0.39,0.00,EFECTIVO
VTA-001739,2026-03-31,13:10:38,CLI-003,María Mendoza,PROD-002,4,4.66,0.41,EFECTIVO
VTA-001740,2026-03-31,12:43:22,CLI-020,Marco Mendoza,PROD-018,4,4.07,0.00,PLIN
VTA-001740,2026-03-31,12:43:22,CLI-020,Marco Mendoza,PROD-029,2,2.72,0.00,PLIN
VTA-001741,2026-03-31,18:57:12,CLI-048,Jorge Castro,PROD-001,5,5.04,0.00,PLIN
VTA-001742,2026-03-31,17:43:30,CLI-023,María García,PROD-031,5,0.39,0.00,EFECTIVO
VTA-001743,2026-03-31,10:55:52,CLI-043,María Castro,PROD-007,4,3.40,0.00,YAPE
VTA-001744,2026-03-31,10:30:43,CLI-093,Patricia Rojas,PROD-011,2,4.37,0.00,YAPE
VTA-001744,2026-03-31,10:30:43,CLI-093,Patricia Rojas,PROD-004,4,3.40,0.00,YAPE
VTA-001744,2026-03-31,10:30:43,CLI-093,Patricia Rojas,PROD-026,6,1.46,0.00,YAPE
VTA-001744,2026-03-31,10:30:43,CLI-093,Patricia Rojas,PROD-029,4,2.72,0.00,YAPE
VTA-001744,2026-03-31,10:30:43,CLI-093,Patricia Rojas,PROD-007,5,3.40,0.00,YAPE
VTA-001745,2026-04-01,21:55:48,CLI-063,María Díaz,PROD-031,10,0.39,0.00,EFECTIVO
VTA-001745,2026-04-01,21:55:48,CLI-063,María Díaz,PROD-009,4,5.72,0.00,EFECTIVO
VTA-001745,2026-04-01,21:55:48,CLI-063,María Díaz,PROD-007,2,3.40,0.00,EFECTIVO
VTA-001746,2026-04-01,10:38:24,CLI-006,Carlos Mendoza,PROD-006,2,1.94,0.00,YAPE
VTA-001746,2026-04-01,10:38:24,CLI-006,Carlos Mendoza,PROD-027,4,2.42,0.00,YAPE
VTA-001747,2026-04-01,19:28:57,CLI-010,Miguel Mendoza,PROD-017,5,8.24,0.00,YAPE
VTA-001747,2026-04-01,19:28:57,CLI-010,Miguel Mendoza,PROD-015,3,8.63,0.00,YAPE
VTA-001748,2026-04-01,14:29:07,CLI-034,Juan García,PROD-006,5,1.94,0.00,EFECTIVO
VTA-001748,2026-04-01,14:29:07,CLI-034,Juan García,PROD-016,3,11.15,0.00,EFECTIVO
VTA-001748,2026-04-01,14:29:07,CLI-034,Juan García,PROD-010,6,3.88,0.00,EFECTIVO
VTA-001748,2026-04-01,14:29:07,CLI-034,Juan García,PROD-019,5,8.63,0.00,EFECTIVO
VTA-001748,2026-04-01,14:29:07,CLI-034,Juan García,PROD-031,5,0.39,0.00,EFECTIVO
VTA-001749,2026-04-01,14:21:33,CLI-002,José Mendoza,PROD-009,1,5.72,0.00,YAPE
VTA-001749,2026-04-01,14:21:33,CLI-002,José Mendoza,PROD-018,1,4.07,0.00,YAPE
VTA-001750,2026-04-01,18:28:09,CLI-014,Juan Mendoza,PROD-027,5,2.42,0.00,EFECTIVO
VTA-001750,2026-04-01,18:28:09,CLI-014,Juan Mendoza,PROD-010,4,3.88,0.00,EFECTIVO
VTA-001750,2026-04-01,18:28:09,CLI-014,Juan Mendoza,PROD-009,2,5.72,0.00,EFECTIVO
VTA-001751,2026-04-01,12:51:10,CLI-070,Miguel Díaz,PROD-022,4,3.10,0.00,EFECTIVO
VTA-001751,2026-04-01,12:51:10,CLI-070,Miguel Díaz,PROD-011,3,4.37,0.00,EFECTIVO
VTA-001751,2026-04-01,12:51:10,CLI-070,Miguel Díaz,PROD-008,2,3.10,0.00,EFECTIVO
VTA-001752,2026-04-01,20:40:09,CLI-049,Lucía Castro,PROD-028,5,1.94,0.00,TARJETA
VTA-001752,2026-04-01,20:40:09,CLI-049,Lucía Castro,PROD-004,6,3.40,0.00,TARJETA
VTA-001753,2026-04-01,07:44:16,CLI-010,Miguel Mendoza,PROD-027,1,2.42,0.00,EFECTIVO
VTA-001753,2026-04-01,07:44:16,CLI-010,Miguel Mendoza,PROD-017,3,8.24,0.00,EFECTIVO
VTA-001754,2026-04-01,07:01:39,CLI-019,Diana Mendoza,PROD-029,2,2.72,0.00,YAPE
VTA-001754,2026-04-01,07:01:39,CLI-019,Diana Mendoza,PROD-008,6,3.10,0.00,YAPE
VTA-001755,2026-04-01,13:43:03,CLI-025,Carmen García,PROD-019,1,8.63,0.00,YAPE
VTA-001755,2026-04-01,13:43:03,CLI-025,Carmen García,PROD-031,10,0.39,0.00,YAPE
VTA-001755,2026-04-01,13:43:03,CLI-025,Carmen García,PROD-020,3,6.30,0.00,YAPE
VTA-001756,2026-04-01,17:12:37,CLI-004,Luis Mendoza,PROD-027,2,2.42,0.65,YAPE
VTA-001757,2026-04-01,13:17:01,CLI-013,Patricia Mendoza,PROD-028,1,1.94,0.00,TARJETA
VTA-001757,2026-04-01,13:17:01,CLI-013,Patricia Mendoza,PROD-001,6,5.04,0.00,TARJETA
VTA-001757,2026-04-01,13:17:01,CLI-013,Patricia Mendoza,PROD-032,5,6.30,0.00,TARJETA
VTA-001757,2026-04-01,13:17:01,CLI-013,Patricia Mendoza,PROD-022,3,3.10,0.00,TARJETA
VTA-001758,2026-04-01,07:54:31,CLI-011,Elena Mendoza,PROD-026,4,1.46,0.00,YAPE
VTA-001758,2026-04-01,07:54:31,CLI-011,Elena Mendoza,PROD-002,1,4.66,0.11,YAPE
VTA-001758,2026-04-01,07:54:31,CLI-011,Elena Mendoza,PROD-029,2,2.72,0.00,YAPE
VTA-001759,2026-04-01,17:09:38,CLI-011,Elena Mendoza,PROD-027,3,2.42,0.00,YAPE
VTA-001760,2026-04-02,09:15:27,CLI-037,Claudia García,PROD-001,5,5.04,0.00,TARJETA
VTA-001760,2026-04-02,09:15:27,CLI-037,Claudia García,PROD-002,5,4.66,0.00,TARJETA
VTA-001761,2026-04-02,09:54:50,CLI-056,Víctor Castro,PROD-004,3,3.40,0.00,YAPE
VTA-001761,2026-04-02,09:54:50,CLI-056,Víctor Castro,PROD-016,2,11.15,0.00,YAPE
VTA-001761,2026-04-02,09:54:50,CLI-056,Víctor Castro,PROD-018,2,4.07,0.00,YAPE
VTA-001762,2026-04-02,07:29:48,CLI-043,María Castro,PROD-027,1,2.42,0.00,PLIN
VTA-001762,2026-04-02,07:29:48,CLI-043,María Castro,PROD-014,6,9.21,0.00,PLIN
VTA-001763,2026-04-02,18:23:46,CLI-014,Juan Mendoza,PROD-010,1,3.88,0.00,YAPE
VTA-001763,2026-04-02,18:23:46,CLI-014,Juan Mendoza,PROD-026,4,1.46,0.00,YAPE
VTA-001763,2026-04-02,18:23:46,CLI-014,Juan Mendoza,PROD-017,3,8.24,0.00,YAPE
VTA-001764,2026-04-02,20:51:42,CLI-027,Ana García,PROD-008,3,3.10,0.00,YAPE
VTA-001764,2026-04-02,20:51:42,CLI-027,Ana García,PROD-003,2,10.57,0.00,YAPE
VTA-001765,2026-04-02,10:36:55,CLI-034,Juan García,PROD-002,4,4.66,0.00,PLIN
VTA-001765,2026-04-02,10:36:55,CLI-034,Juan García,PROD-027,5,2.42,0.00,PLIN
VTA-001765,2026-04-02,10:36:55,CLI-034,Juan García,PROD-009,6,5.72,0.00,PLIN
VTA-001766,2026-04-02,07:57:08,CLI-027,Ana García,PROD-031,16,0.39,0.00,EFECTIVO
VTA-001766,2026-04-02,07:57:08,CLI-027,Ana García,PROD-020,5,6.30,0.00,EFECTIVO
VTA-001766,2026-04-02,07:57:08,CLI-027,Ana García,PROD-016,3,11.15,0.00,EFECTIVO
VTA-001766,2026-04-02,07:57:08,CLI-027,Ana García,PROD-008,5,3.10,0.00,EFECTIVO
VTA-001767,2026-04-02,16:12:55,CLI-013,Patricia Mendoza,PROD-006,3,1.94,0.00,EFECTIVO
VTA-001767,2026-04-02,16:12:55,CLI-013,Patricia Mendoza,PROD-005,6,6.69,0.00,EFECTIVO
VTA-001768,2026-04-02,18:37:46,CLI-018,Renzo Mendoza,PROD-015,4,8.63,4.69,YAPE
VTA-001768,2026-04-02,18:37:46,CLI-018,Renzo Mendoza,PROD-011,4,4.37,0.00,YAPE
VTA-001768,2026-04-02,18:37:46,CLI-018,Renzo Mendoza,PROD-026,4,1.46,0.79,YAPE
VTA-001769,2026-04-02,09:49:10,CLI-097,Claudia Rojas,PROD-003,2,10.57,0.00,PLIN
VTA-001769,2026-04-02,09:49:10,CLI-097,Claudia Rojas,PROD-007,2,3.40,0.00,PLIN
VTA-001770,2026-04-02,10:43:56,CLI-009,Lucía Mendoza,PROD-011,1,4.37,0.61,EFECTIVO
VTA-001770,2026-04-02,10:43:56,CLI-009,Lucía Mendoza,PROD-026,4,1.46,0.00,EFECTIVO
VTA-001770,2026-04-02,10:43:56,CLI-009,Lucía Mendoza,PROD-006,3,1.94,0.00,EFECTIVO
VTA-001771,2026-04-02,20:12:40,CLI-049,Lucía Castro,PROD-014,5,9.21,0.00,YAPE
VTA-001771,2026-04-02,20:12:40,CLI-049,Lucía Castro,PROD-013,2,2.13,0.00,YAPE
VTA-001772,2026-04-02,07:59:33,CLI-002,José Mendoza,PROD-026,5,1.46,0.00,TARJETA
VTA-001772,2026-04-02,07:59:33,CLI-002,José Mendoza,PROD-007,2,3.40,0.00,TARJETA
VTA-001772,2026-04-02,07:59:33,CLI-002,José Mendoza,PROD-016,6,11.15,0.00,TARJETA
VTA-001773,2026-04-02,16:21:05,CLI-011,Elena Mendoza,PROD-027,1,2.42,0.00,YAPE
VTA-001773,2026-04-02,16:21:05,CLI-011,Elena Mendoza,PROD-023,3,7.27,0.00,YAPE
VTA-001774,2026-04-02,14:17:02,CLI-018,Renzo Mendoza,PROD-011,2,4.37,0.00,EFECTIVO
VTA-001774,2026-04-02,14:17:02,CLI-018,Renzo Mendoza,PROD-022,6,3.10,0.00,EFECTIVO
VTA-001775,2026-04-03,07:51:02,CLI-031,Elena García,PROD-031,2,0.39,0.05,EFECTIVO
VTA-001776,2026-04-03,18:53:57,CLI-049,Lucía Castro,PROD-033,1,9.60,0.00,TARJETA
VTA-001777,2026-04-03,21:18:42,CLI-040,Marco García,PROD-020,2,6.30,0.00,TARJETA
VTA-001777,2026-04-03,21:18:42,CLI-040,Marco García,PROD-014,3,9.21,0.00,TARJETA
VTA-001777,2026-04-03,21:18:42,CLI-040,Marco García,PROD-001,3,5.04,0.00,TARJETA
VTA-001778,2026-04-03,13:33:39,CLI-068,Jorge Díaz,PROD-008,4,3.10,0.29,PLIN
VTA-001779,2026-04-03,20:58:34,CLI-054,Juan Castro,PROD-010,6,3.88,3.45,YAPE
VTA-001779,2026-04-03,20:58:34,CLI-054,Juan Castro,PROD-007,3,3.40,0.00,YAPE
VTA-001780,2026-04-03,20:20:26,CLI-048,Jorge Castro,PROD-006,6,1.94,0.00,YAPE
VTA-001781,2026-04-03,20:21:42,CLI-057,Claudia Castro,PROD-011,2,4.37,0.00,EFECTIVO
VTA-001781,2026-04-03,20:21:42,CLI-057,Claudia Castro,PROD-020,5,6.30,0.00,EFECTIVO
VTA-001781,2026-04-03,20:21:42,CLI-057,Claudia Castro,PROD-029,5,2.72,0.00,EFECTIVO
VTA-001781,2026-04-03,20:21:42,CLI-057,Claudia Castro,PROD-010,3,3.88,0.00,EFECTIVO
VTA-001781,2026-04-03,20:21:42,CLI-057,Claudia Castro,PROD-001,5,5.04,1.51,EFECTIVO
VTA-001782,2026-04-03,20:42:16,CLI-005,Carmen Mendoza,PROD-013,6,2.13,0.00,EFECTIVO
VTA-001782,2026-04-03,20:42:16,CLI-005,Carmen Mendoza,PROD-006,5,1.94,0.00,EFECTIVO
VTA-001783,2026-04-03,08:06:34,CLI-011,Elena Mendoza,PROD-018,2,4.07,0.00,TARJETA
VTA-001783,2026-04-03,08:06:34,CLI-011,Elena Mendoza,PROD-028,5,1.94,0.00,TARJETA
VTA-001783,2026-04-03,08:06:34,CLI-011,Elena Mendoza,PROD-003,1,10.57,0.00,TARJETA
VTA-001783,2026-04-03,08:06:34,CLI-011,Elena Mendoza,PROD-006,6,1.94,0.58,TARJETA
VTA-001784,2026-04-03,08:42:44,CLI-019,Diana Mendoza,PROD-029,3,2.72,0.00,YAPE
VTA-001785,2026-04-03,15:22:28,CLI-052,Pedro Castro,PROD-034,1,4.37,0.00,EFECTIVO
VTA-001786,2026-04-03,16:16:54,CLI-076,Víctor Díaz,PROD-004,2,3.40,0.00,YAPE
VTA-001786,2026-04-03,16:16:54,CLI-076,Víctor Díaz,PROD-009,1,5.72,0.00,YAPE
VTA-001786,2026-04-03,16:16:54,CLI-076,Víctor Díaz,PROD-019,4,8.63,0.00,YAPE
VTA-001786,2026-04-03,16:16:54,CLI-076,Víctor Díaz,PROD-011,3,4.37,0.00,YAPE
VTA-001786,2026-04-03,16:16:54,CLI-076,Víctor Díaz,PROD-001,5,5.04,0.00,YAPE
VTA-001787,2026-04-03,14:16:41,CLI-002,José Mendoza,PROD-005,2,6.69,0.00,EFECTIVO
VTA-001787,2026-04-03,14:16:41,CLI-002,José Mendoza,PROD-018,6,4.07,0.00,EFECTIVO
VTA-001788,2026-04-03,21:36:13,CLI-034,Juan García,PROD-028,6,1.94,1.27,PLIN
VTA-001789,2026-04-03,11:39:42,CLI-041,Rosa Castro,PROD-034,4,4.37,0.00,EFECTIVO
VTA-001789,2026-04-03,11:39:42,CLI-041,Rosa Castro,PROD-031,6,0.39,0.00,EFECTIVO
VTA-001789,2026-04-03,11:39:42,CLI-041,Rosa Castro,PROD-028,2,1.94,0.00,EFECTIVO
VTA-001789,2026-04-03,11:39:42,CLI-041,Rosa Castro,PROD-027,1,2.42,0.00,EFECTIVO
VTA-001790,2026-04-03,14:30:01,CLI-009,Lucía Mendoza,PROD-018,3,4.07,0.00,EFECTIVO
VTA-001790,2026-04-03,14:30:01,CLI-009,Lucía Mendoza,PROD-031,2,0.39,0.00,EFECTIVO
VTA-001791,2026-04-03,09:59:33,CLI-055,Milagros Castro,PROD-012,4,7.66,0.00,YAPE
VTA-001791,2026-04-03,09:59:33,CLI-055,Milagros Castro,PROD-011,2,4.37,0.27,YAPE
VTA-001792,2026-04-03,16:36:29,CLI-026,Carlos García,PROD-008,5,3.10,0.00,TARJETA
VTA-001792,2026-04-03,16:36:29,CLI-026,Carlos García,PROD-016,4,11.15,0.00,TARJETA
VTA-001793,2026-04-03,15:03:56,CLI-008,Jorge Mendoza,PROD-018,5,4.07,2.44,EFECTIVO
VTA-001793,2026-04-03,15:03:56,CLI-008,Jorge Mendoza,PROD-029,6,2.72,1.77,EFECTIVO
VTA-001793,2026-04-03,15:03:56,CLI-008,Jorge Mendoza,PROD-027,2,2.42,0.22,EFECTIVO
VTA-001794,2026-04-03,16:18:18,CLI-022,José García,PROD-011,3,4.37,0.00,YAPE
VTA-001794,2026-04-03,16:18:18,CLI-022,José García,PROD-006,1,1.94,0.00,YAPE
VTA-001795,2026-04-03,16:47:58,CLI-016,Víctor Mendoza,PROD-032,2,6.30,0.00,TARJETA
VTA-001795,2026-04-03,16:47:58,CLI-016,Víctor Mendoza,PROD-006,6,1.94,0.00,TARJETA
VTA-001796,2026-04-03,17:12:32,CLI-010,Miguel Mendoza,PROD-004,6,3.40,0.00,EFECTIVO
VTA-001796,2026-04-03,17:12:32,CLI-010,Miguel Mendoza,PROD-015,1,8.63,0.00,EFECTIVO
VTA-001797,2026-04-03,07:46:36,CLI-019,Diana Mendoza,PROD-031,20,0.39,0.00,PLIN
VTA-001798,2026-04-03,19:39:57,CLI-038,Renzo García,PROD-028,4,1.94,0.00,TARJETA
VTA-001799,2026-04-03,18:20:43,CLI-054,Juan Castro,PROD-007,3,3.40,0.00,PLIN
VTA-001799,2026-04-03,18:20:43,CLI-054,Juan Castro,PROD-028,5,1.94,0.00,PLIN
VTA-001799,2026-04-03,18:20:43,CLI-054,Juan Castro,PROD-011,5,4.37,0.00,PLIN
VTA-001800,2026-04-03,14:23:44,CLI-010,Miguel Mendoza,PROD-002,2,4.66,0.00,YAPE
VTA-001800,2026-04-03,14:23:44,CLI-010,Miguel Mendoza,PROD-010,5,3.88,0.00,YAPE
VTA-001801,2026-04-03,20:37:51,CLI-028,Jorge García,PROD-007,6,3.40,0.00,EFECTIVO
VTA-001801,2026-04-03,20:37:51,CLI-028,Jorge García,PROD-028,3,1.94,0.00,EFECTIVO
VTA-001801,2026-04-03,20:37:51,CLI-028,Jorge García,PROD-019,6,8.63,0.00,EFECTIVO
VTA-001802,2026-04-04,20:47:38,CLI-050,Miguel Castro,PROD-033,2,9.60,0.00,EFECTIVO
VTA-001803,2026-04-04,16:29:01,CLI-011,Elena Mendoza,PROD-004,6,3.40,0.00,EFECTIVO
VTA-001803,2026-04-04,16:29:01,CLI-011,Elena Mendoza,PROD-001,4,5.04,0.00,EFECTIVO
VTA-001803,2026-04-04,16:29:01,CLI-011,Elena Mendoza,PROD-017,4,8.24,0.00,EFECTIVO
VTA-001804,2026-04-04,19:50:52,CLI-011,Elena Mendoza,PROD-004,1,3.40,0.00,YAPE
VTA-001804,2026-04-04,19:50:52,CLI-011,Elena Mendoza,PROD-005,3,6.69,0.00,YAPE
VTA-001805,2026-04-04,13:23:08,CLI-070,Miguel Díaz,PROD-014,6,9.21,0.00,EFECTIVO
VTA-001805,2026-04-04,13:23:08,CLI-070,Miguel Díaz,PROD-026,5,1.46,0.00,EFECTIVO
VTA-001806,2026-04-04,11:31:21,CLI-014,Juan Mendoza,PROD-031,2,0.39,0.00,YAPE
VTA-001806,2026-04-04,11:31:21,CLI-014,Juan Mendoza,PROD-026,4,1.46,0.21,YAPE
VTA-001806,2026-04-04,11:31:21,CLI-014,Juan Mendoza,PROD-028,6,1.94,0.00,YAPE
VTA-001807,2026-04-04,21:58:38,CLI-006,Carlos Mendoza,PROD-029,2,2.72,0.00,EFECTIVO
VTA-001807,2026-04-04,21:58:38,CLI-006,Carlos Mendoza,PROD-032,4,6.30,0.00,EFECTIVO
VTA-001807,2026-04-04,21:58:38,CLI-006,Carlos Mendoza,PROD-009,1,5.72,0.00,EFECTIVO
VTA-001808,2026-04-04,09:34:09,CLI-047,Ana Castro,PROD-022,5,3.10,0.00,EFECTIVO
VTA-001808,2026-04-04,09:34:09,CLI-047,Ana Castro,PROD-026,1,1.46,0.00,EFECTIVO
VTA-001808,2026-04-04,09:34:09,CLI-047,Ana Castro,PROD-010,4,3.88,0.00,EFECTIVO
VTA-001809,2026-04-04,20:08:58,CLI-011,Elena Mendoza,PROD-001,3,5.04,0.36,EFECTIVO
VTA-001810,2026-04-04,14:02:37,CLI-012,Pedro Mendoza,PROD-014,4,9.21,0.00,PLIN
VTA-001810,2026-04-04,14:02:37,CLI-012,Pedro Mendoza,PROD-013,3,2.13,0.00,PLIN
VTA-001810,2026-04-04,14:02:37,CLI-012,Pedro Mendoza,PROD-027,2,2.42,0.38,PLIN
VTA-001810,2026-04-04,14:02:37,CLI-012,Pedro Mendoza,PROD-031,5,0.39,0.00,PLIN
VTA-001810,2026-04-04,14:02:37,CLI-012,Pedro Mendoza,PROD-032,2,6.30,0.00,PLIN
VTA-001811,2026-04-04,10:45:57,CLI-017,Claudia Mendoza,PROD-007,5,3.40,0.00,EFECTIVO
VTA-001812,2026-04-04,07:38:16,CLI-061,Rosa Díaz,PROD-006,5,1.94,0.00,PLIN
VTA-001812,2026-04-04,07:38:16,CLI-061,Rosa Díaz,PROD-001,4,5.04,0.00,PLIN
VTA-001812,2026-04-04,07:38:16,CLI-061,Rosa Díaz,PROD-005,3,6.69,0.00,PLIN
VTA-001812,2026-04-04,07:38:16,CLI-061,Rosa Díaz,PROD-011,6,4.37,0.00,PLIN
VTA-001812,2026-04-04,07:38:16,CLI-061,Rosa Díaz,PROD-029,6,2.72,0.00,PLIN
VTA-001813,2026-04-04,17:55:04,CLI-066,Carlos Díaz,PROD-002,1,4.66,0.00,TARJETA
VTA-001813,2026-04-04,17:55:04,CLI-066,Carlos Díaz,PROD-034,4,4.37,0.00,TARJETA
VTA-001813,2026-04-04,17:55:04,CLI-066,Carlos Díaz,PROD-019,2,8.63,0.00,TARJETA
VTA-001814,2026-04-04,17:12:57,CLI-014,Juan Mendoza,PROD-015,1,8.63,0.00,EFECTIVO
VTA-001814,2026-04-04,17:12:57,CLI-014,Juan Mendoza,PROD-005,6,6.69,0.00,EFECTIVO
VTA-001814,2026-04-04,17:12:57,CLI-014,Juan Mendoza,PROD-026,3,1.46,0.00,EFECTIVO
VTA-001815,2026-04-04,19:22:12,CLI-020,Marco Mendoza,PROD-034,5,4.37,1.95,EFECTIVO
VTA-001816,2026-04-04,19:04:17,CLI-014,Juan Mendoza,PROD-008,3,3.10,0.00,EFECTIVO
VTA-001816,2026-04-04,19:04:17,CLI-014,Juan Mendoza,PROD-019,4,8.63,0.00,EFECTIVO
VTA-001816,2026-04-04,19:04:17,CLI-014,Juan Mendoza,PROD-027,5,2.42,0.00,EFECTIVO
VTA-001817,2026-04-04,12:35:19,CLI-010,Miguel Mendoza,PROD-028,1,1.94,0.00,EFECTIVO
VTA-001817,2026-04-04,12:35:19,CLI-010,Miguel Mendoza,PROD-001,1,5.04,0.00,EFECTIVO
VTA-001818,2026-04-04,08:55:43,CLI-075,Milagros Díaz,PROD-031,14,0.39,0.49,TARJETA
VTA-001818,2026-04-04,08:55:43,CLI-075,Milagros Díaz,PROD-015,6,8.63,0.00,TARJETA
VTA-001818,2026-04-04,08:55:43,CLI-075,Milagros Díaz,PROD-012,3,7.66,0.00,TARJETA
VTA-001818,2026-04-04,08:55:43,CLI-075,Milagros Díaz,PROD-011,2,4.37,0.00,TARJETA
VTA-001819,2026-04-04,08:06:49,CLI-004,Luis Mendoza,PROD-028,1,1.94,0.00,EFECTIVO
VTA-001819,2026-04-04,08:06:49,CLI-004,Luis Mendoza,PROD-004,1,3.40,0.00,EFECTIVO
VTA-001820,2026-04-04,17:38:29,CLI-040,Marco García,PROD-026,4,1.46,0.00,PLIN
VTA-001820,2026-04-04,17:38:29,CLI-040,Marco García,PROD-016,1,11.15,0.00,PLIN
VTA-001820,2026-04-04,17:38:29,CLI-040,Marco García,PROD-001,4,5.04,0.00,PLIN
VTA-001821,2026-04-04,21:16:59,CLI-012,Pedro Mendoza,PROD-010,4,3.88,0.00,YAPE
VTA-001822,2026-04-04,15:53:50,CLI-064,Luis Díaz,PROD-031,9,0.39,0.00,EFECTIVO
VTA-001822,2026-04-04,15:53:50,CLI-064,Luis Díaz,PROD-004,1,3.40,0.00,EFECTIVO
VTA-001823,2026-04-04,11:27:42,CLI-015,Milagros Mendoza,PROD-002,1,4.66,0.00,YAPE
VTA-001824,2026-04-05,13:58:33,CLI-042,José Castro,PROD-016,2,11.15,0.00,EFECTIVO
VTA-001824,2026-04-05,13:58:33,CLI-042,José Castro,PROD-019,6,8.63,0.00,EFECTIVO
VTA-001824,2026-04-05,13:58:33,CLI-042,José Castro,PROD-013,4,2.13,0.00,EFECTIVO
VTA-001825,2026-04-05,10:37:41,CLI-027,Ana García,PROD-026,4,1.46,0.00,YAPE
VTA-001825,2026-04-05,10:37:41,CLI-027,Ana García,PROD-011,1,4.37,0.64,YAPE
VTA-001826,2026-04-05,17:14:36,CLI-061,Rosa Díaz,PROD-019,2,8.63,0.00,EFECTIVO
VTA-001827,2026-04-05,14:56:53,CLI-060,Marco Castro,PROD-031,15,0.39,0.00,EFECTIVO
VTA-001827,2026-04-05,14:56:53,CLI-060,Marco Castro,PROD-026,2,1.46,0.00,EFECTIVO
VTA-001828,2026-04-05,15:36:01,CLI-093,Patricia Rojas,PROD-011,2,4.37,0.00,EFECTIVO
VTA-001828,2026-04-05,15:36:01,CLI-093,Patricia Rojas,PROD-019,1,8.63,0.00,EFECTIVO
VTA-001828,2026-04-05,15:36:01,CLI-093,Patricia Rojas,PROD-003,5,10.57,0.00,EFECTIVO
VTA-001829,2026-04-05,15:44:45,CLI-043,María Castro,PROD-019,3,8.63,1.04,YAPE
VTA-001829,2026-04-05,15:44:45,CLI-043,María Castro,PROD-014,6,9.21,0.00,YAPE
VTA-001829,2026-04-05,15:44:45,CLI-043,María Castro,PROD-031,6,0.39,0.00,YAPE
VTA-001830,2026-04-05,16:45:18,CLI-025,Carmen García,PROD-018,2,4.07,0.00,PLIN
VTA-001830,2026-04-05,16:45:18,CLI-025,Carmen García,PROD-028,2,1.94,0.00,PLIN
VTA-001831,2026-04-05,13:41:19,CLI-043,María Castro,PROD-013,6,2.13,0.00,EFECTIVO
VTA-001832,2026-04-05,12:17:22,CLI-037,Claudia García,PROD-011,5,4.37,0.00,EFECTIVO
VTA-001832,2026-04-05,12:17:22,CLI-037,Claudia García,PROD-008,1,3.10,0.00,EFECTIVO
VTA-001832,2026-04-05,12:17:22,CLI-037,Claudia García,PROD-028,1,1.94,0.00,EFECTIVO
VTA-001832,2026-04-05,12:17:22,CLI-037,Claudia García,PROD-027,5,2.42,0.00,EFECTIVO
VTA-001833,2026-04-05,19:18:10,CLI-037,Claudia García,PROD-005,4,6.69,0.00,YAPE
VTA-001833,2026-04-05,19:18:10,CLI-037,Claudia García,PROD-032,3,6.30,2.21,YAPE
VTA-001834,2026-04-05,17:37:46,CLI-065,Carmen Díaz,PROD-026,5,1.46,0.00,EFECTIVO
VTA-001835,2026-04-05,09:11:00,CLI-041,Rosa Castro,PROD-017,2,8.24,0.00,EFECTIVO
VTA-001836,2026-04-05,20:10:41,CLI-022,José García,PROD-031,7,0.39,0.00,YAPE
VTA-001836,2026-04-05,20:10:41,CLI-022,José García,PROD-014,1,9.21,0.00,YAPE
VTA-001837,2026-04-05,18:33:50,CLI-027,Ana García,PROD-016,1,11.15,0.00,TARJETA
VTA-001837,2026-04-05,18:33:50,CLI-027,Ana García,PROD-019,1,8.63,0.00,TARJETA
VTA-001837,2026-04-05,18:33:50,CLI-027,Ana García,PROD-010,1,3.88,0.00,TARJETA
VTA-001838,2026-04-05,08:33:03,CLI-019,Diana Mendoza,PROD-004,5,3.40,0.00,EFECTIVO
VTA-001838,2026-04-05,08:33:03,CLI-019,Diana Mendoza,PROD-011,2,4.37,0.26,EFECTIVO
VTA-001839,2026-04-05,21:36:41,CLI-033,Patricia García,PROD-001,6,5.04,0.00,PLIN
VTA-001839,2026-04-05,21:36:41,CLI-033,Patricia García,PROD-006,3,1.94,0.00,PLIN
VTA-001840,2026-04-05,19:47:13,CLI-014,Juan Mendoza,PROD-034,2,4.37,0.00,EFECTIVO
VTA-001840,2026-04-05,19:47:13,CLI-014,Juan Mendoza,PROD-004,1,3.40,0.00,EFECTIVO
VTA-001841,2026-04-05,17:37:38,CLI-026,Carlos García,PROD-001,4,5.04,0.81,EFECTIVO
VTA-001841,2026-04-05,17:37:38,CLI-026,Carlos García,PROD-031,7,0.39,0.00,EFECTIVO
VTA-001842,2026-04-05,10:19:49,CLI-068,Jorge Díaz,PROD-006,3,1.94,0.36,PLIN
VTA-001843,2026-04-05,20:22:19,CLI-035,Milagros García,PROD-008,1,3.10,0.00,PLIN
VTA-001843,2026-04-05,20:22:19,CLI-035,Milagros García,PROD-014,5,9.21,0.00,PLIN
VTA-001844,2026-04-05,20:26:48,CLI-088,Jorge Rojas,PROD-029,5,2.72,0.00,PLIN
VTA-001845,2026-04-05,07:43:28,CLI-085,Carmen Rojas,PROD-010,1,3.88,0.00,EFECTIVO
VTA-001845,2026-04-05,07:43:28,CLI-085,Carmen Rojas,PROD-006,1,1.94,0.00,EFECTIVO
VTA-001846,2026-04-05,20:21:40,CLI-059,Diana Castro,PROD-031,12,0.39,0.00,YAPE
VTA-001847,2026-04-05,10:07:37,CLI-003,María Mendoza,PROD-026,2,1.46,0.00,YAPE
VTA-001848,2026-04-05,17:37:56,CLI-058,Renzo Castro,PROD-020,5,6.30,0.00,YAPE
VTA-001849,2026-04-05,09:38:47,CLI-010,Miguel Mendoza,PROD-004,5,3.40,0.00,YAPE
VTA-001849,2026-04-05,09:38:47,CLI-010,Miguel Mendoza,PROD-031,20,0.39,0.00,YAPE
VTA-001850,2026-04-05,21:38:49,CLI-047,Ana Castro,PROD-004,3,3.40,0.00,EFECTIVO
VTA-001851,2026-04-05,10:25:53,CLI-061,Rosa Díaz,PROD-031,18,0.39,0.00,YAPE
VTA-001852,2026-04-05,15:10:03,CLI-066,Carlos Díaz,PROD-019,3,8.63,0.00,EFECTIVO
VTA-001852,2026-04-05,15:10:03,CLI-066,Carlos Díaz,PROD-011,2,4.37,0.00,EFECTIVO
VTA-001852,2026-04-05,15:10:03,CLI-066,Carlos Díaz,PROD-008,3,3.10,0.00,EFECTIVO
VTA-001853,2026-04-06,15:44:53,CLI-020,Marco Mendoza,PROD-008,3,3.10,0.00,EFECTIVO
VTA-001853,2026-04-06,15:44:53,CLI-020,Marco Mendoza,PROD-031,4,0.39,0.00,EFECTIVO
VTA-001854,2026-04-06,17:51:32,CLI-094,Juan Rojas,PROD-004,1,3.40,0.00,EFECTIVO
VTA-001855,2026-04-06,21:31:38,CLI-007,Ana Mendoza,PROD-006,5,1.94,0.00,YAPE
VTA-001855,2026-04-06,21:31:38,CLI-007,Ana Mendoza,PROD-009,3,5.72,0.00,YAPE
VTA-001856,2026-04-06,19:18:15,CLI-068,Jorge Díaz,PROD-005,2,6.69,0.00,EFECTIVO
VTA-001856,2026-04-06,19:18:15,CLI-068,Jorge Díaz,PROD-002,2,4.66,0.00,EFECTIVO
VTA-001857,2026-04-06,14:36:56,CLI-007,Ana Mendoza,PROD-008,5,3.10,0.00,YAPE
VTA-001858,2026-04-06,20:38:06,CLI-087,Ana Rojas,PROD-033,5,9.60,1.95,EFECTIVO
VTA-001858,2026-04-06,20:38:06,CLI-087,Ana Rojas,PROD-027,5,2.42,0.87,EFECTIVO
VTA-001859,2026-04-06,21:46:12,CLI-057,Claudia Castro,PROD-013,4,2.13,0.77,TARJETA
VTA-001860,2026-04-06,15:31:52,CLI-057,Claudia Castro,PROD-020,3,6.30,0.00,EFECTIVO
VTA-001860,2026-04-06,15:31:52,CLI-057,Claudia Castro,PROD-009,1,5.72,0.00,EFECTIVO
VTA-001861,2026-04-06,18:35:21,CLI-001,Rosa Mendoza,PROD-011,2,4.37,0.00,PLIN
VTA-001861,2026-04-06,18:35:21,CLI-001,Rosa Mendoza,PROD-002,2,4.66,0.00,PLIN
VTA-001862,2026-04-06,14:52:06,CLI-009,Lucía Mendoza,PROD-029,3,2.72,0.00,EFECTIVO
VTA-001862,2026-04-06,14:52:06,CLI-009,Lucía Mendoza,PROD-017,1,8.24,0.00,EFECTIVO
VTA-001862,2026-04-06,14:52:06,CLI-009,Lucía Mendoza,PROD-023,4,7.27,0.00,EFECTIVO
VTA-001863,2026-04-06,11:32:24,CLI-023,María García,PROD-026,5,1.46,0.00,YAPE
VTA-001863,2026-04-06,11:32:24,CLI-023,María García,PROD-007,3,3.40,0.00,YAPE
VTA-001864,2026-04-06,08:54:59,CLI-017,Claudia Mendoza,PROD-005,5,6.69,0.00,PLIN
VTA-001864,2026-04-06,08:54:59,CLI-017,Claudia Mendoza,PROD-010,6,3.88,0.00,PLIN
VTA-001864,2026-04-06,08:54:59,CLI-017,Claudia Mendoza,PROD-011,6,4.37,3.81,PLIN
VTA-001865,2026-04-06,12:16:05,CLI-039,Diana García,PROD-018,4,4.07,0.00,TARJETA
VTA-001865,2026-04-06,12:16:05,CLI-039,Diana García,PROD-020,4,6.30,0.00,TARJETA
VTA-001866,2026-04-06,10:23:08,CLI-004,Luis Mendoza,PROD-028,4,1.94,0.00,YAPE
VTA-001867,2026-04-06,15:33:43,CLI-075,Milagros Díaz,PROD-020,2,6.30,0.00,PLIN
VTA-001867,2026-04-06,15:33:43,CLI-075,Milagros Díaz,PROD-012,5,7.66,0.00,PLIN
VTA-001867,2026-04-06,15:33:43,CLI-075,Milagros Díaz,PROD-011,4,4.37,0.00,PLIN
VTA-001868,2026-04-06,10:29:40,CLI-037,Claudia García,PROD-007,5,3.40,0.00,EFECTIVO
VTA-001869,2026-04-06,09:26:33,CLI-007,Ana Mendoza,PROD-003,1,10.57,0.00,PLIN
VTA-001869,2026-04-06,09:26:33,CLI-007,Ana Mendoza,PROD-013,6,2.13,0.00,PLIN
VTA-001869,2026-04-06,09:26:33,CLI-007,Ana Mendoza,PROD-004,3,3.40,0.00,PLIN
VTA-001870,2026-04-06,20:52:21,CLI-022,José García,PROD-008,6,3.10,0.00,YAPE
VTA-001870,2026-04-06,20:52:21,CLI-022,José García,PROD-018,6,4.07,0.00,YAPE
VTA-001871,2026-04-06,14:21:58,CLI-011,Elena Mendoza,PROD-012,2,7.66,0.00,EFECTIVO
VTA-001871,2026-04-06,14:21:58,CLI-011,Elena Mendoza,PROD-006,2,1.94,0.00,EFECTIVO
VTA-001872,2026-04-06,07:03:14,CLI-001,Rosa Mendoza,PROD-007,6,3.40,0.00,EFECTIVO
VTA-001873,2026-04-07,12:53:22,CLI-004,Luis Mendoza,PROD-006,1,1.94,0.00,TARJETA
VTA-001874,2026-04-07,12:58:31,CLI-056,Víctor Castro,PROD-020,3,6.30,0.00,PLIN
VTA-001875,2026-04-07,12:40:57,CLI-035,Milagros García,PROD-020,5,6.30,0.00,PLIN
VTA-001875,2026-04-07,12:40:57,CLI-035,Milagros García,PROD-028,5,1.94,0.00,PLIN
VTA-001875,2026-04-07,12:40:57,CLI-035,Milagros García,PROD-026,4,1.46,0.00,PLIN
VTA-001876,2026-04-07,09:28:05,CLI-013,Patricia Mendoza,PROD-032,6,6.30,0.00,EFECTIVO
VTA-001876,2026-04-07,09:28:05,CLI-013,Patricia Mendoza,PROD-002,3,4.66,0.00,EFECTIVO
VTA-001877,2026-04-07,12:44:17,CLI-019,Diana Mendoza,PROD-027,6,2.42,0.00,TARJETA
VTA-001878,2026-04-07,20:04:18,CLI-036,Víctor García,PROD-002,1,4.66,0.00,EFECTIVO
VTA-001878,2026-04-07,20:04:18,CLI-036,Víctor García,PROD-019,2,8.63,0.00,EFECTIVO
VTA-001878,2026-04-07,20:04:18,CLI-036,Víctor García,PROD-024,6,12.51,0.00,EFECTIVO
VTA-001879,2026-04-07,19:08:35,CLI-047,Ana Castro,PROD-022,1,3.10,0.00,EFECTIVO
VTA-001880,2026-04-07,08:38:06,CLI-004,Luis Mendoza,PROD-023,2,7.27,0.00,TARJETA
VTA-001880,2026-04-07,08:38:06,CLI-004,Luis Mendoza,PROD-019,1,8.63,0.00,TARJETA
VTA-001881,2026-04-07,10:03:18,CLI-009,Lucía Mendoza,PROD-023,2,7.27,0.00,YAPE
VTA-001881,2026-04-07,10:03:18,CLI-009,Lucía Mendoza,PROD-003,6,10.57,0.00,YAPE
VTA-001881,2026-04-07,10:03:18,CLI-009,Lucía Mendoza,PROD-018,3,4.07,0.00,YAPE
VTA-001881,2026-04-07,10:03:18,CLI-009,Lucía Mendoza,PROD-004,4,3.40,0.88,YAPE
VTA-001882,2026-04-07,15:39:12,CLI-001,Rosa Mendoza,PROD-028,1,1.94,0.00,PLIN
VTA-001882,2026-04-07,15:39:12,CLI-001,Rosa Mendoza,PROD-010,6,3.88,0.00,PLIN
VTA-001883,2026-04-07,16:35:45,CLI-055,Milagros Castro,PROD-004,4,3.40,0.00,EFECTIVO
VTA-001883,2026-04-07,16:35:45,CLI-055,Milagros Castro,PROD-031,15,0.39,0.00,EFECTIVO
VTA-001883,2026-04-07,16:35:45,CLI-055,Milagros Castro,PROD-018,5,4.07,0.00,EFECTIVO
VTA-001883,2026-04-07,16:35:45,CLI-055,Milagros Castro,PROD-010,6,3.88,0.00,EFECTIVO
VTA-001884,2026-04-07,14:20:56,CLI-054,Juan Castro,PROD-006,2,1.94,0.00,EFECTIVO
VTA-001885,2026-04-07,21:39:19,CLI-078,Renzo Díaz,PROD-012,4,7.66,0.00,PLIN
VTA-001886,2026-04-07,08:22:24,CLI-049,Lucía Castro,PROD-026,6,1.46,0.00,YAPE
VTA-001886,2026-04-07,08:22:24,CLI-049,Lucía Castro,PROD-022,4,3.10,0.00,YAPE
VTA-001887,2026-04-07,15:37:40,CLI-020,Marco Mendoza,PROD-027,3,2.42,0.00,EFECTIVO
VTA-001888,2026-04-07,17:41:36,CLI-018,Renzo Mendoza,PROD-029,4,2.72,0.00,EFECTIVO
VTA-001888,2026-04-07,17:41:36,CLI-018,Renzo Mendoza,PROD-004,4,3.40,0.00,EFECTIVO
VTA-001889,2026-04-07,17:36:02,CLI-002,José Mendoza,PROD-014,3,9.21,0.00,EFECTIVO
VTA-001889,2026-04-07,17:36:02,CLI-002,José Mendoza,PROD-002,2,4.66,0.76,EFECTIVO
VTA-001889,2026-04-07,17:36:02,CLI-002,José Mendoza,PROD-004,2,3.40,0.00,EFECTIVO
VTA-001890,2026-04-07,10:16:08,CLI-023,María García,PROD-026,2,1.46,0.00,TARJETA
VTA-001890,2026-04-07,10:16:08,CLI-023,María García,PROD-001,5,5.04,0.00,TARJETA
VTA-001890,2026-04-07,10:16:08,CLI-023,María García,PROD-011,3,4.37,0.00,TARJETA
VTA-001890,2026-04-07,10:16:08,CLI-023,María García,PROD-029,1,2.72,0.00,TARJETA
VTA-001891,2026-04-08,12:08:39,CLI-019,Diana Mendoza,PROD-006,3,1.94,0.00,TARJETA
VTA-001891,2026-04-08,12:08:39,CLI-019,Diana Mendoza,PROD-028,5,1.94,0.00,TARJETA
VTA-001892,2026-04-08,08:45:15,CLI-047,Ana Castro,PROD-005,2,6.69,0.00,EFECTIVO
VTA-001892,2026-04-08,08:45:15,CLI-047,Ana Castro,PROD-012,5,7.66,1.63,EFECTIVO
VTA-001892,2026-04-08,08:45:15,CLI-047,Ana Castro,PROD-006,6,1.94,0.00,EFECTIVO
VTA-001893,2026-04-08,11:03:30,CLI-034,Juan García,PROD-022,6,3.10,0.00,EFECTIVO
VTA-001894,2026-04-08,20:53:32,CLI-028,Jorge García,PROD-007,5,3.40,0.00,PLIN
VTA-001895,2026-04-08,21:20:37,CLI-089,Lucía Rojas,PROD-011,2,4.37,0.00,PLIN
VTA-001895,2026-04-08,21:20:37,CLI-089,Lucía Rojas,PROD-019,3,8.63,0.00,PLIN
VTA-001895,2026-04-08,21:20:37,CLI-089,Lucía Rojas,PROD-002,2,4.66,0.00,PLIN
VTA-001895,2026-04-08,21:20:37,CLI-089,Lucía Rojas,PROD-023,5,7.27,0.00,PLIN
VTA-001896,2026-04-08,13:42:27,CLI-050,Miguel Castro,PROD-009,1,5.72,0.00,PLIN
VTA-001896,2026-04-08,13:42:27,CLI-050,Miguel Castro,PROD-022,5,3.10,0.00,PLIN
VTA-001897,2026-04-08,08:24:31,CLI-058,Renzo Castro,PROD-024,1,12.51,0.00,EFECTIVO
VTA-001897,2026-04-08,08:24:31,CLI-058,Renzo Castro,PROD-011,6,4.37,0.00,EFECTIVO
VTA-001898,2026-04-08,17:31:43,CLI-008,Jorge Mendoza,PROD-031,19,0.39,0.00,PLIN
VTA-001899,2026-04-08,21:24:12,CLI-036,Víctor García,PROD-026,1,1.46,0.00,YAPE
VTA-001899,2026-04-08,21:24:12,CLI-036,Víctor García,PROD-001,3,5.04,0.00,YAPE
VTA-001899,2026-04-08,21:24:12,CLI-036,Víctor García,PROD-013,1,2.13,0.00,YAPE
VTA-001899,2026-04-08,21:24:12,CLI-036,Víctor García,PROD-010,5,3.88,0.00,YAPE
VTA-001900,2026-04-08,12:13:01,CLI-032,Pedro García,PROD-028,4,1.94,0.00,PLIN
VTA-001900,2026-04-08,12:13:01,CLI-032,Pedro García,PROD-009,1,5.72,0.00,PLIN
VTA-001901,2026-04-08,18:16:47,CLI-091,Elena Rojas,PROD-013,5,2.13,0.00,EFECTIVO
VTA-001901,2026-04-08,18:16:47,CLI-091,Elena Rojas,PROD-019,2,8.63,0.00,EFECTIVO
VTA-001901,2026-04-08,18:16:47,CLI-091,Elena Rojas,PROD-027,1,2.42,0.00,EFECTIVO
VTA-001901,2026-04-08,18:16:47,CLI-091,Elena Rojas,PROD-004,6,3.40,0.00,EFECTIVO
VTA-001902,2026-04-08,14:41:41,CLI-067,Ana Díaz,PROD-003,4,10.57,0.00,TARJETA
VTA-001902,2026-04-08,14:41:41,CLI-067,Ana Díaz,PROD-029,6,2.72,0.00,TARJETA
VTA-001903,2026-04-08,15:28:04,CLI-010,Miguel Mendoza,PROD-028,4,1.94,0.97,EFECTIVO
VTA-001904,2026-04-08,12:58:17,CLI-016,Víctor Mendoza,PROD-008,6,3.10,0.00,YAPE
VTA-001904,2026-04-08,12:58:17,CLI-016,Víctor Mendoza,PROD-011,2,4.37,0.00,YAPE
VTA-001905,2026-04-09,12:14:44,CLI-032,Pedro García,PROD-027,2,2.42,0.00,EFECTIVO
VTA-001905,2026-04-09,12:14:44,CLI-032,Pedro García,PROD-031,4,0.39,0.14,EFECTIVO
VTA-001906,2026-04-09,13:59:05,CLI-029,Lucía García,PROD-027,6,2.42,0.00,TARJETA
VTA-001907,2026-04-09,16:56:10,CLI-001,Rosa Mendoza,PROD-022,4,3.10,0.00,PLIN
VTA-001908,2026-04-09,08:35:00,CLI-023,María García,PROD-014,6,9.21,0.00,EFECTIVO
VTA-001908,2026-04-09,08:35:00,CLI-023,María García,PROD-031,20,0.39,0.00,EFECTIVO
VTA-001908,2026-04-09,08:35:00,CLI-023,María García,PROD-002,2,4.66,0.00,EFECTIVO
VTA-001909,2026-04-09,09:43:41,CLI-080,Marco Díaz,PROD-006,5,1.94,0.00,EFECTIVO
VTA-001909,2026-04-09,09:43:41,CLI-080,Marco Díaz,PROD-026,3,1.46,0.00,EFECTIVO
VTA-001910,2026-04-09,18:05:03,CLI-011,Elena Mendoza,PROD-029,3,2.72,0.00,PLIN
VTA-001910,2026-04-09,18:05:03,CLI-011,Elena Mendoza,PROD-008,4,3.10,0.00,PLIN
VTA-001911,2026-04-09,14:33:32,CLI-051,Elena Castro,PROD-033,4,9.60,0.00,TARJETA
VTA-001911,2026-04-09,14:33:32,CLI-051,Elena Castro,PROD-011,1,4.37,0.00,TARJETA
VTA-001911,2026-04-09,14:33:32,CLI-051,Elena Castro,PROD-010,5,3.88,0.00,TARJETA
VTA-001912,2026-04-09,11:28:37,CLI-013,Patricia Mendoza,PROD-001,1,5.04,0.00,YAPE
VTA-001913,2026-04-09,19:48:03,CLI-048,Jorge Castro,PROD-004,3,3.40,0.00,EFECTIVO
VTA-001913,2026-04-09,19:48:03,CLI-048,Jorge Castro,PROD-028,2,1.94,0.00,EFECTIVO
VTA-001914,2026-04-09,14:01:13,CLI-011,Elena Mendoza,PROD-032,1,6.30,0.00,YAPE
VTA-001914,2026-04-09,14:01:13,CLI-011,Elena Mendoza,PROD-008,6,3.10,0.00,YAPE
VTA-001914,2026-04-09,14:01:13,CLI-011,Elena Mendoza,PROD-001,2,5.04,0.00,YAPE
VTA-001914,2026-04-09,14:01:13,CLI-011,Elena Mendoza,PROD-014,4,9.21,0.00,YAPE
VTA-001915,2026-04-09,20:43:46,CLI-078,Renzo Díaz,PROD-015,1,8.63,0.00,TARJETA
VTA-001915,2026-04-09,20:43:46,CLI-078,Renzo Díaz,PROD-027,2,2.42,0.00,TARJETA
VTA-001916,2026-04-09,21:11:39,CLI-067,Ana Díaz,PROD-004,5,3.40,0.00,YAPE
VTA-001917,2026-04-09,11:58:54,CLI-057,Claudia Castro,PROD-019,5,8.63,0.00,EFECTIVO
VTA-001917,2026-04-09,11:58:54,CLI-057,Claudia Castro,PROD-013,6,2.13,0.00,EFECTIVO
VTA-001917,2026-04-09,11:58:54,CLI-057,Claudia Castro,PROD-015,4,8.63,0.00,EFECTIVO
VTA-001917,2026-04-09,11:58:54,CLI-057,Claudia Castro,PROD-017,4,8.24,4.03,EFECTIVO
VTA-001917,2026-04-09,11:58:54,CLI-057,Claudia Castro,PROD-007,2,3.40,0.00,EFECTIVO
VTA-001918,2026-04-09,14:29:51,CLI-036,Víctor García,PROD-027,1,2.42,0.00,EFECTIVO
VTA-001919,2026-04-09,08:39:19,CLI-054,Juan Castro,PROD-020,4,6.30,0.00,EFECTIVO
VTA-001919,2026-04-09,08:39:19,CLI-054,Juan Castro,PROD-011,6,4.37,0.00,EFECTIVO
VTA-001920,2026-04-09,07:15:23,CLI-066,Carlos Díaz,PROD-019,1,8.63,0.00,EFECTIVO
VTA-001920,2026-04-09,07:15:23,CLI-066,Carlos Díaz,PROD-006,6,1.94,0.57,EFECTIVO
VTA-001920,2026-04-09,07:15:23,CLI-066,Carlos Díaz,PROD-028,1,1.94,0.00,EFECTIVO
VTA-001921,2026-04-10,19:00:04,CLI-003,María Mendoza,PROD-018,3,4.07,0.00,YAPE
VTA-001921,2026-04-10,19:00:04,CLI-003,María Mendoza,PROD-031,8,0.39,0.13,YAPE
VTA-001922,2026-04-10,16:48:34,CLI-012,Pedro Mendoza,PROD-001,3,5.04,0.00,EFECTIVO
VTA-001923,2026-04-10,16:25:58,CLI-100,Marco Rojas,PROD-027,5,2.42,0.00,EFECTIVO
VTA-001924,2026-04-10,15:59:07,CLI-034,Juan García,PROD-004,1,3.40,0.00,EFECTIVO
VTA-001925,2026-04-10,16:33:29,CLI-054,Juan Castro,PROD-008,5,3.10,0.00,PLIN
VTA-001925,2026-04-10,16:33:29,CLI-054,Juan Castro,PROD-026,5,1.46,0.00,PLIN
VTA-001926,2026-04-10,16:34:31,CLI-032,Pedro García,PROD-021,4,14.45,0.00,PLIN
VTA-001926,2026-04-10,16:34:31,CLI-032,Pedro García,PROD-010,1,3.88,0.00,PLIN
VTA-001926,2026-04-10,16:34:31,CLI-032,Pedro García,PROD-016,6,11.15,0.00,PLIN
VTA-001926,2026-04-10,16:34:31,CLI-032,Pedro García,PROD-002,2,4.66,0.00,PLIN
VTA-001927,2026-04-10,08:21:07,CLI-005,Carmen Mendoza,PROD-027,1,2.42,0.00,EFECTIVO
VTA-001928,2026-04-10,13:36:02,CLI-079,Diana Díaz,PROD-014,5,9.21,0.00,EFECTIVO
VTA-001928,2026-04-10,13:36:02,CLI-079,Diana Díaz,PROD-013,3,2.13,0.00,EFECTIVO
VTA-001928,2026-04-10,13:36:02,CLI-079,Diana Díaz,PROD-001,2,5.04,0.00,EFECTIVO
VTA-001929,2026-04-10,13:20:47,CLI-014,Juan Mendoza,PROD-027,6,2.42,0.00,EFECTIVO
VTA-001930,2026-04-10,08:11:17,CLI-012,Pedro Mendoza,PROD-003,3,10.57,0.00,EFECTIVO
VTA-001930,2026-04-10,08:11:17,CLI-012,Pedro Mendoza,PROD-031,3,0.39,0.00,EFECTIVO
VTA-001930,2026-04-10,08:11:17,CLI-012,Pedro Mendoza,PROD-016,3,11.15,0.00,EFECTIVO
VTA-001931,2026-04-10,18:35:14,CLI-033,Patricia García,PROD-012,5,7.66,2.52,EFECTIVO
VTA-001931,2026-04-10,18:35:14,CLI-033,Patricia García,PROD-007,6,3.40,0.00,EFECTIVO
VTA-001931,2026-04-10,18:35:14,CLI-033,Patricia García,PROD-031,20,0.39,0.00,EFECTIVO
VTA-001931,2026-04-10,18:35:14,CLI-033,Patricia García,PROD-010,5,3.88,0.00,EFECTIVO
VTA-001931,2026-04-10,18:35:14,CLI-033,Patricia García,PROD-009,5,5.72,0.00,EFECTIVO
VTA-001932,2026-04-10,21:53:03,CLI-032,Pedro García,PROD-007,1,3.40,0.00,EFECTIVO
VTA-001933,2026-04-10,09:28:53,CLI-001,Rosa Mendoza,PROD-011,1,4.37,0.00,PLIN
VTA-001933,2026-04-10,09:28:53,CLI-001,Rosa Mendoza,PROD-026,5,1.46,0.00,PLIN
VTA-001934,2026-04-10,17:36:41,CLI-007,Ana Mendoza,PROD-002,4,4.66,0.00,EFECTIVO
VTA-001934,2026-04-10,17:36:41,CLI-007,Ana Mendoza,PROD-005,4,6.69,0.00,EFECTIVO
VTA-001934,2026-04-10,17:36:41,CLI-007,Ana Mendoza,PROD-004,5,3.40,0.00,EFECTIVO
VTA-001935,2026-04-10,15:41:28,CLI-068,Jorge Díaz,PROD-019,5,8.63,0.00,EFECTIVO
VTA-001935,2026-04-10,15:41:28,CLI-068,Jorge Díaz,PROD-007,4,3.40,0.00,EFECTIVO
VTA-001936,2026-04-10,21:29:13,CLI-092,Pedro Rojas,PROD-032,3,6.30,0.00,PLIN
VTA-001937,2026-04-10,07:26:39,CLI-050,Miguel Castro,PROD-001,5,5.04,0.00,PLIN
VTA-001938,2026-04-10,20:25:51,CLI-066,Carlos Díaz,PROD-013,1,2.13,0.00,PLIN
VTA-001938,2026-04-10,20:25:51,CLI-066,Carlos Díaz,PROD-002,3,4.66,0.00,PLIN
VTA-001938,2026-04-10,20:25:51,CLI-066,Carlos Díaz,PROD-001,5,5.04,0.00,PLIN
VTA-001938,2026-04-10,20:25:51,CLI-066,Carlos Díaz,PROD-027,2,2.42,0.00,PLIN
VTA-001939,2026-04-10,19:03:10,CLI-093,Patricia Rojas,PROD-006,1,1.94,0.00,YAPE
VTA-001940,2026-04-10,09:30:23,CLI-087,Ana Rojas,PROD-004,2,3.40,0.00,YAPE
VTA-001940,2026-04-10,09:30:23,CLI-087,Ana Rojas,PROD-022,6,3.10,0.00,YAPE
VTA-001940,2026-04-10,09:30:23,CLI-087,Ana Rojas,PROD-009,5,5.72,0.00,YAPE
VTA-001940,2026-04-10,09:30:23,CLI-087,Ana Rojas,PROD-007,2,3.40,0.00,YAPE
VTA-001940,2026-04-10,09:30:23,CLI-087,Ana Rojas,PROD-026,5,1.46,1.03,YAPE
VTA-001941,2026-04-10,12:31:15,CLI-053,Patricia Castro,PROD-004,6,3.40,0.00,PLIN
VTA-001941,2026-04-10,12:31:15,CLI-053,Patricia Castro,PROD-006,3,1.94,0.00,PLIN
VTA-001942,2026-04-10,20:17:08,CLI-049,Lucía Castro,PROD-001,5,5.04,0.00,EFECTIVO
VTA-001942,2026-04-10,20:17:08,CLI-049,Lucía Castro,PROD-028,3,1.94,0.00,EFECTIVO
VTA-001943,2026-04-10,18:35:58,CLI-005,Carmen Mendoza,PROD-019,1,8.63,0.00,EFECTIVO
VTA-001944,2026-04-10,07:12:52,CLI-053,Patricia Castro,PROD-026,2,1.46,0.00,EFECTIVO
VTA-001945,2026-04-10,10:59:05,CLI-007,Ana Mendoza,PROD-002,6,4.66,0.00,EFECTIVO
VTA-001945,2026-04-10,10:59:05,CLI-007,Ana Mendoza,PROD-019,4,8.63,0.00,EFECTIVO
VTA-001945,2026-04-10,10:59:05,CLI-007,Ana Mendoza,PROD-008,4,3.10,0.00,EFECTIVO
VTA-001946,2026-04-10,17:46:40,CLI-068,Jorge Díaz,PROD-019,6,8.63,0.00,YAPE
VTA-001946,2026-04-10,17:46:40,CLI-068,Jorge Díaz,PROD-013,1,2.13,0.00,YAPE
VTA-001946,2026-04-10,17:46:40,CLI-068,Jorge Díaz,PROD-027,2,2.42,0.00,YAPE
VTA-001947,2026-04-10,13:27:25,CLI-041,Rosa Castro,PROD-011,6,4.37,0.00,PLIN
VTA-001947,2026-04-10,13:27:25,CLI-041,Rosa Castro,PROD-002,5,4.66,0.00,PLIN
VTA-001948,2026-04-11,07:43:50,CLI-017,Claudia Mendoza,PROD-001,1,5.04,0.00,EFECTIVO
VTA-001948,2026-04-11,07:43:50,CLI-017,Claudia Mendoza,PROD-008,2,3.10,0.66,EFECTIVO
VTA-001948,2026-04-11,07:43:50,CLI-017,Claudia Mendoza,PROD-031,8,0.39,0.00,EFECTIVO
VTA-001949,2026-04-11,14:14:40,CLI-010,Miguel Mendoza,PROD-031,9,0.39,0.00,YAPE
VTA-001949,2026-04-11,14:14:40,CLI-010,Miguel Mendoza,PROD-012,6,7.66,0.00,YAPE
VTA-001949,2026-04-11,14:14:40,CLI-010,Miguel Mendoza,PROD-008,4,3.10,0.00,YAPE
VTA-001949,2026-04-11,14:14:40,CLI-010,Miguel Mendoza,PROD-032,1,6.30,0.00,YAPE
VTA-001950,2026-04-11,19:32:15,CLI-033,Patricia García,PROD-008,2,3.10,0.00,EFECTIVO
VTA-001950,2026-04-11,19:32:15,CLI-033,Patricia García,PROD-004,3,3.40,1.28,EFECTIVO
VTA-001950,2026-04-11,19:32:15,CLI-033,Patricia García,PROD-026,1,1.46,0.00,EFECTIVO
VTA-001951,2026-04-11,10:15:30,CLI-060,Marco Castro,PROD-011,5,4.37,0.00,EFECTIVO
VTA-001951,2026-04-11,10:15:30,CLI-060,Marco Castro,PROD-004,2,3.40,0.00,EFECTIVO
VTA-001951,2026-04-11,10:15:30,CLI-060,Marco Castro,PROD-022,5,3.10,0.00,EFECTIVO
VTA-001952,2026-04-11,14:44:38,CLI-003,María Mendoza,PROD-027,5,2.42,0.00,EFECTIVO
VTA-001952,2026-04-11,14:44:38,CLI-003,María Mendoza,PROD-026,6,1.46,0.00,EFECTIVO
VTA-001952,2026-04-11,14:44:38,CLI-003,María Mendoza,PROD-034,2,4.37,0.00,EFECTIVO
VTA-001953,2026-04-11,17:14:58,CLI-044,Luis Castro,PROD-006,6,1.94,0.00,PLIN
VTA-001953,2026-04-11,17:14:58,CLI-044,Luis Castro,PROD-031,13,0.39,0.00,PLIN
VTA-001954,2026-04-11,11:16:39,CLI-026,Carlos García,PROD-034,6,4.37,0.00,EFECTIVO
VTA-001954,2026-04-11,11:16:39,CLI-026,Carlos García,PROD-010,3,3.88,0.00,EFECTIVO
VTA-001954,2026-04-11,11:16:39,CLI-026,Carlos García,PROD-007,4,3.40,0.00,EFECTIVO
VTA-001954,2026-04-11,11:16:39,CLI-026,Carlos García,PROD-004,5,3.40,0.00,EFECTIVO
VTA-001955,2026-04-11,13:25:55,CLI-053,Patricia Castro,PROD-008,6,3.10,0.00,YAPE
VTA-001956,2026-04-11,20:38:39,CLI-007,Ana Mendoza,PROD-032,1,6.30,0.00,YAPE
VTA-001956,2026-04-11,20:38:39,CLI-007,Ana Mendoza,PROD-011,1,4.37,0.00,YAPE
VTA-001956,2026-04-11,20:38:39,CLI-007,Ana Mendoza,PROD-019,4,8.63,0.00,YAPE
VTA-001957,2026-04-11,11:04:28,CLI-062,José Díaz,PROD-015,6,8.63,0.00,YAPE
VTA-001957,2026-04-11,11:04:28,CLI-062,José Díaz,PROD-004,3,3.40,0.00,YAPE
VTA-001957,2026-04-11,11:04:28,CLI-062,José Díaz,PROD-029,6,2.72,0.00,YAPE
VTA-001958,2026-04-11,10:37:39,CLI-041,Rosa Castro,PROD-007,3,3.40,0.00,PLIN
VTA-001959,2026-04-11,14:17:32,CLI-006,Carlos Mendoza,PROD-006,3,1.94,0.00,EFECTIVO
VTA-001960,2026-04-11,15:20:52,CLI-071,Elena Díaz,PROD-011,5,4.37,0.00,EFECTIVO
VTA-001960,2026-04-11,15:20:52,CLI-071,Elena Díaz,PROD-029,1,2.72,0.00,EFECTIVO
VTA-001960,2026-04-11,15:20:52,CLI-071,Elena Díaz,PROD-016,2,11.15,0.00,EFECTIVO
VTA-001961,2026-04-11,12:17:24,CLI-025,Carmen García,PROD-001,6,5.04,0.00,PLIN
VTA-001961,2026-04-11,12:17:24,CLI-025,Carmen García,PROD-011,4,4.37,0.00,PLIN
VTA-001962,2026-04-11,16:12:04,CLI-017,Claudia Mendoza,PROD-002,6,4.66,0.00,EFECTIVO
VTA-001962,2026-04-11,16:12:04,CLI-017,Claudia Mendoza,PROD-013,4,2.13,0.00,EFECTIVO
VTA-001963,2026-04-11,16:01:45,CLI-017,Claudia Mendoza,PROD-004,3,3.40,1.15,YAPE
VTA-001964,2026-04-11,18:00:47,CLI-050,Miguel Castro,PROD-027,2,2.42,0.00,EFECTIVO
VTA-001964,2026-04-11,18:00:47,CLI-050,Miguel Castro,PROD-010,5,3.88,0.00,EFECTIVO
VTA-001965,2026-04-11,07:12:16,CLI-013,Patricia Mendoza,PROD-002,6,4.66,2.83,TARJETA
VTA-001965,2026-04-11,07:12:16,CLI-013,Patricia Mendoza,PROD-016,1,11.15,0.66,TARJETA
VTA-001966,2026-04-11,14:14:42,CLI-049,Lucía Castro,PROD-026,3,1.46,0.00,EFECTIVO
VTA-001966,2026-04-11,14:14:42,CLI-049,Lucía Castro,PROD-028,5,1.94,1.01,EFECTIVO
VTA-001966,2026-04-11,14:14:42,CLI-049,Lucía Castro,PROD-011,4,4.37,1.77,EFECTIVO
VTA-001967,2026-04-12,10:44:25,CLI-029,Lucía García,PROD-007,3,3.40,0.00,PLIN
VTA-001967,2026-04-12,10:44:25,CLI-029,Lucía García,PROD-001,6,5.04,2.31,PLIN
VTA-001968,2026-04-12,14:29:53,CLI-010,Miguel Mendoza,PROD-026,1,1.46,0.00,EFECTIVO
VTA-001969,2026-04-12,07:06:20,CLI-050,Miguel Castro,PROD-026,1,1.46,0.00,EFECTIVO
VTA-001969,2026-04-12,07:06:20,CLI-050,Miguel Castro,PROD-001,5,5.04,0.00,EFECTIVO
VTA-001969,2026-04-12,07:06:20,CLI-050,Miguel Castro,PROD-031,11,0.39,0.00,EFECTIVO
VTA-001970,2026-04-12,15:42:16,CLI-054,Juan Castro,PROD-012,4,7.66,0.00,PLIN
VTA-001970,2026-04-12,15:42:16,CLI-054,Juan Castro,PROD-026,6,1.46,0.00,PLIN
VTA-001970,2026-04-12,15:42:16,CLI-054,Juan Castro,PROD-006,3,1.94,0.00,PLIN
VTA-001970,2026-04-12,15:42:16,CLI-054,Juan Castro,PROD-032,3,6.30,1.80,PLIN
VTA-001971,2026-04-12,09:00:30,CLI-087,Ana Rojas,PROD-007,6,3.40,0.00,EFECTIVO
VTA-001971,2026-04-12,09:00:30,CLI-087,Ana Rojas,PROD-005,4,6.69,0.00,EFECTIVO
VTA-001972,2026-04-12,12:18:31,CLI-002,José Mendoza,PROD-031,9,0.39,0.00,EFECTIVO
VTA-001972,2026-04-12,12:18:31,CLI-002,José Mendoza,PROD-009,5,5.72,0.00,EFECTIVO
VTA-001973,2026-04-12,11:12:35,CLI-032,Pedro García,PROD-031,12,0.39,0.00,YAPE
VTA-001973,2026-04-12,11:12:35,CLI-032,Pedro García,PROD-004,6,3.40,1.22,YAPE
VTA-001974,2026-04-12,12:19:34,CLI-011,Elena Mendoza,PROD-011,3,4.37,0.00,YAPE
VTA-001974,2026-04-12,12:19:34,CLI-011,Elena Mendoza,PROD-027,1,2.42,0.00,YAPE
VTA-001975,2026-04-12,16:18:16,CLI-011,Elena Mendoza,PROD-012,2,7.66,0.00,YAPE
VTA-001976,2026-04-12,21:21:57,CLI-015,Milagros Mendoza,PROD-018,3,4.07,0.00,YAPE
VTA-001977,2026-04-12,20:06:30,CLI-012,Pedro Mendoza,PROD-010,2,3.88,0.00,PLIN
VTA-001978,2026-04-12,07:57:54,CLI-008,Jorge Mendoza,PROD-011,5,4.37,0.00,PLIN
VTA-001979,2026-04-12,17:15:08,CLI-074,Juan Díaz,PROD-006,2,1.94,0.10,TARJETA
VTA-001979,2026-04-12,17:15:08,CLI-074,Juan Díaz,PROD-028,2,1.94,0.00,TARJETA
VTA-001979,2026-04-12,17:15:08,CLI-074,Juan Díaz,PROD-007,5,3.40,0.00,TARJETA
VTA-001980,2026-04-12,13:30:50,CLI-003,María Mendoza,PROD-029,2,2.72,0.00,PLIN
VTA-001981,2026-04-12,11:19:50,CLI-069,Lucía Díaz,PROD-011,3,4.37,0.00,TARJETA
VTA-001981,2026-04-12,11:19:50,CLI-069,Lucía Díaz,PROD-031,10,0.39,0.00,TARJETA
VTA-001982,2026-04-12,15:25:27,CLI-090,Miguel Rojas,PROD-001,6,5.04,0.00,PLIN
VTA-001982,2026-04-12,15:25:27,CLI-090,Miguel Rojas,PROD-011,1,4.37,0.00,PLIN
VTA-001983,2026-04-12,10:24:44,CLI-007,Ana Mendoza,PROD-034,4,4.37,0.00,EFECTIVO
VTA-001983,2026-04-12,10:24:44,CLI-007,Ana Mendoza,PROD-011,3,4.37,0.00,EFECTIVO
VTA-001983,2026-04-12,10:24:44,CLI-007,Ana Mendoza,PROD-010,6,3.88,0.00,EFECTIVO
VTA-001984,2026-04-12,12:17:37,CLI-072,Pedro Díaz,PROD-012,1,7.66,0.00,EFECTIVO
VTA-001984,2026-04-12,12:17:37,CLI-072,Pedro Díaz,PROD-005,1,6.69,0.00,EFECTIVO
VTA-001985,2026-04-12,11:32:11,CLI-008,Jorge Mendoza,PROD-004,4,3.40,0.00,YAPE
VTA-001985,2026-04-12,11:32:11,CLI-008,Jorge Mendoza,PROD-003,3,10.57,0.00,YAPE
VTA-001985,2026-04-12,11:32:11,CLI-008,Jorge Mendoza,PROD-012,2,7.66,0.00,YAPE
VTA-001986,2026-04-12,18:39:52,CLI-062,José Díaz,PROD-016,5,11.15,0.00,YAPE
VTA-001987,2026-04-12,08:46:53,CLI-007,Ana Mendoza,PROD-004,6,3.40,0.00,PLIN
VTA-001988,2026-04-12,21:18:20,CLI-020,Marco Mendoza,PROD-013,6,2.13,0.00,EFECTIVO
VTA-001989,2026-04-12,14:24:58,CLI-016,Víctor Mendoza,PROD-003,2,10.57,0.00,TARJETA
VTA-001989,2026-04-12,14:24:58,CLI-016,Víctor Mendoza,PROD-026,6,1.46,0.00,TARJETA
VTA-001989,2026-04-12,14:24:58,CLI-016,Víctor Mendoza,PROD-008,5,3.10,0.00,TARJETA
VTA-001990,2026-04-12,14:44:37,CLI-007,Ana Mendoza,PROD-026,4,1.46,0.00,EFECTIVO
VTA-001990,2026-04-12,14:44:37,CLI-007,Ana Mendoza,PROD-028,2,1.94,0.00,EFECTIVO
VTA-001991,2026-04-12,21:26:22,CLI-015,Milagros Mendoza,PROD-011,3,4.37,0.00,EFECTIVO
VTA-001992,2026-04-12,15:02:07,CLI-012,Pedro Mendoza,PROD-016,2,11.15,0.71,EFECTIVO
VTA-001992,2026-04-12,15:02:07,CLI-012,Pedro Mendoza,PROD-006,5,1.94,0.00,EFECTIVO
VTA-001993,2026-04-12,17:08:19,CLI-059,Diana Castro,PROD-022,2,3.10,0.00,YAPE
VTA-001993,2026-04-12,17:08:19,CLI-059,Diana Castro,PROD-033,2,9.60,0.00,YAPE
VTA-001994,2026-04-12,11:44:52,CLI-093,Patricia Rojas,PROD-031,2,0.39,0.04,EFECTIVO
VTA-001994,2026-04-12,11:44:52,CLI-093,Patricia Rojas,PROD-034,4,4.37,0.00,EFECTIVO
VTA-001994,2026-04-12,11:44:52,CLI-093,Patricia Rojas,PROD-026,6,1.46,0.00,EFECTIVO
VTA-001994,2026-04-12,11:44:52,CLI-093,Patricia Rojas,PROD-011,2,4.37,0.00,EFECTIVO
VTA-001994,2026-04-12,11:44:52,CLI-093,Patricia Rojas,PROD-006,1,1.94,0.00,EFECTIVO
VTA-001995,2026-04-13,21:58:47,CLI-004,Luis Mendoza,PROD-001,4,5.04,0.00,YAPE
VTA-001996,2026-04-13,16:11:59,CLI-009,Lucía Mendoza,PROD-027,5,2.42,0.00,EFECTIVO
VTA-001996,2026-04-13,16:11:59,CLI-009,Lucía Mendoza,PROD-001,6,5.04,0.00,EFECTIVO
VTA-001997,2026-04-13,19:11:54,CLI-009,Lucía Mendoza,PROD-002,5,4.66,0.00,TARJETA
VTA-001998,2026-04-13,07:53:11,CLI-056,Víctor Castro,PROD-012,5,7.66,0.00,EFECTIVO
VTA-001998,2026-04-13,07:53:11,CLI-056,Víctor Castro,PROD-013,6,2.13,0.00,EFECTIVO
VTA-001998,2026-04-13,07:53:11,CLI-056,Víctor Castro,PROD-033,1,9.60,0.00,EFECTIVO
VTA-001998,2026-04-13,07:53:11,CLI-056,Víctor Castro,PROD-026,5,1.46,0.92,EFECTIVO
VTA-001999,2026-04-13,13:26:51,CLI-025,Carmen García,PROD-026,4,1.46,0.00,TARJETA
VTA-001999,2026-04-13,13:26:51,CLI-025,Carmen García,PROD-004,4,3.40,0.00,TARJETA
VTA-001999,2026-04-13,13:26:51,CLI-025,Carmen García,PROD-029,4,2.72,0.00,TARJETA
VTA-002000,2026-04-13,17:21:17,CLI-038,Renzo García,PROD-004,6,3.40,0.00,EFECTIVO
VTA-002000,2026-04-13,17:21:17,CLI-038,Renzo García,PROD-005,1,6.69,0.00,EFECTIVO
VTA-002001,2026-04-13,15:57:25,CLI-014,Juan Mendoza,PROD-019,2,8.63,0.00,TARJETA
VTA-002002,2026-04-13,11:19:20,CLI-033,Patricia García,PROD-002,6,4.66,0.00,TARJETA
VTA-002003,2026-04-13,17:52:30,CLI-056,Víctor Castro,PROD-001,1,5.04,0.00,EFECTIVO
VTA-002003,2026-04-13,17:52:30,CLI-056,Víctor Castro,PROD-013,5,2.13,0.00,EFECTIVO
VTA-002004,2026-04-13,20:09:33,CLI-006,Carlos Mendoza,PROD-031,8,0.39,0.00,YAPE
VTA-002004,2026-04-13,20:09:33,CLI-006,Carlos Mendoza,PROD-001,1,5.04,0.00,YAPE
VTA-002004,2026-04-13,20:09:33,CLI-006,Carlos Mendoza,PROD-007,4,3.40,0.00,YAPE
VTA-002004,2026-04-13,20:09:33,CLI-006,Carlos Mendoza,PROD-019,3,8.63,0.00,YAPE
VTA-002005,2026-04-13,14:48:36,CLI-002,José Mendoza,PROD-007,6,3.40,0.00,YAPE
VTA-002006,2026-04-13,16:42:34,CLI-009,Lucía Mendoza,PROD-004,6,3.40,0.00,EFECTIVO
VTA-002006,2026-04-13,16:42:34,CLI-009,Lucía Mendoza,PROD-012,4,7.66,0.00,EFECTIVO
VTA-002006,2026-04-13,16:42:34,CLI-009,Lucía Mendoza,PROD-005,6,6.69,0.00,EFECTIVO
VTA-002007,2026-04-13,12:19:05,CLI-093,Patricia Rojas,PROD-028,4,1.94,0.00,YAPE
VTA-002008,2026-04-13,08:14:27,CLI-014,Juan Mendoza,PROD-006,6,1.94,0.00,YAPE
VTA-002009,2026-04-13,13:40:01,CLI-035,Milagros García,PROD-003,2,10.57,0.00,TARJETA
VTA-002010,2026-04-13,09:03:13,CLI-040,Marco García,PROD-001,6,5.04,0.00,YAPE
VTA-002011,2026-04-14,20:17:28,CLI-008,Jorge Mendoza,PROD-004,4,3.40,0.00,EFECTIVO
VTA-002012,2026-04-14,16:41:29,CLI-008,Jorge Mendoza,PROD-016,6,11.15,0.00,EFECTIVO
VTA-002012,2026-04-14,16:41:29,CLI-008,Jorge Mendoza,PROD-008,5,3.10,0.00,EFECTIVO
VTA-002013,2026-04-14,10:06:28,CLI-047,Ana Castro,PROD-026,3,1.46,0.00,YAPE
VTA-002013,2026-04-14,10:06:28,CLI-047,Ana Castro,PROD-012,6,7.66,0.00,YAPE
VTA-002014,2026-04-14,10:03:16,CLI-006,Carlos Mendoza,PROD-028,1,1.94,0.00,YAPE
VTA-002014,2026-04-14,10:03:16,CLI-006,Carlos Mendoza,PROD-008,5,3.10,1.58,YAPE
VTA-002015,2026-04-14,21:10:02,CLI-028,Jorge García,PROD-034,6,4.37,0.00,YAPE
VTA-002016,2026-04-14,09:12:55,CLI-063,María Díaz,PROD-028,1,1.94,0.00,PLIN
VTA-002016,2026-04-14,09:12:55,CLI-063,María Díaz,PROD-011,3,4.37,0.00,PLIN
VTA-002017,2026-04-14,20:08:15,CLI-055,Milagros Castro,PROD-014,4,9.21,0.00,EFECTIVO
VTA-002017,2026-04-14,20:08:15,CLI-055,Milagros Castro,PROD-011,1,4.37,0.61,EFECTIVO
VTA-002017,2026-04-14,20:08:15,CLI-055,Milagros Castro,PROD-015,3,8.63,0.87,EFECTIVO
VTA-002018,2026-04-14,08:26:22,CLI-011,Elena Mendoza,PROD-020,2,6.30,0.00,YAPE
VTA-002019,2026-04-14,14:46:22,CLI-007,Ana Mendoza,PROD-031,16,0.39,0.00,YAPE
VTA-002019,2026-04-14,14:46:22,CLI-007,Ana Mendoza,PROD-026,6,1.46,0.00,YAPE
VTA-002020,2026-04-14,16:35:49,CLI-050,Miguel Castro,PROD-001,6,5.04,0.00,YAPE
VTA-002021,2026-04-14,08:57:18,CLI-039,Diana García,PROD-008,5,3.10,0.00,EFECTIVO
VTA-002021,2026-04-14,08:57:18,CLI-039,Diana García,PROD-019,3,8.63,0.00,EFECTIVO
VTA-002022,2026-04-14,19:54:02,CLI-064,Luis Díaz,PROD-014,6,9.21,0.00,YAPE
VTA-002022,2026-04-14,19:54:02,CLI-064,Luis Díaz,PROD-016,3,11.15,2.48,YAPE
VTA-002022,2026-04-14,19:54:02,CLI-064,Luis Díaz,PROD-020,1,6.30,0.00,YAPE
VTA-002022,2026-04-14,19:54:02,CLI-064,Luis Díaz,PROD-022,1,3.10,0.00,YAPE
VTA-002023,2026-04-15,14:58:50,CLI-060,Marco Castro,PROD-002,5,4.66,0.00,EFECTIVO
VTA-002024,2026-04-15,19:35:07,CLI-022,José García,PROD-010,5,3.88,0.00,EFECTIVO
VTA-002024,2026-04-15,19:35:07,CLI-022,José García,PROD-027,4,2.42,0.00,EFECTIVO
VTA-002025,2026-04-15,21:47:20,CLI-073,Patricia Díaz,PROD-011,4,4.37,2.14,PLIN
VTA-002025,2026-04-15,21:47:20,CLI-073,Patricia Díaz,PROD-031,17,0.39,0.00,PLIN
VTA-002026,2026-04-15,15:30:39,CLI-015,Milagros Mendoza,PROD-031,7,0.39,0.00,EFECTIVO
VTA-002026,2026-04-15,15:30:39,CLI-015,Milagros Mendoza,PROD-004,1,3.40,0.00,EFECTIVO
VTA-002027,2026-04-15,21:58:36,CLI-001,Rosa Mendoza,PROD-009,6,5.72,0.00,EFECTIVO
VTA-002027,2026-04-15,21:58:36,CLI-001,Rosa Mendoza,PROD-005,3,6.69,0.00,EFECTIVO
VTA-002027,2026-04-15,21:58:36,CLI-001,Rosa Mendoza,PROD-034,3,4.37,0.00,EFECTIVO
VTA-002027,2026-04-15,21:58:36,CLI-001,Rosa Mendoza,PROD-013,3,2.13,0.00,EFECTIVO
VTA-002028,2026-04-15,20:00:31,CLI-033,Patricia García,PROD-008,5,3.10,0.00,PLIN
VTA-002028,2026-04-15,20:00:31,CLI-033,Patricia García,PROD-006,1,1.94,0.00,PLIN
VTA-002029,2026-04-15,10:35:19,CLI-011,Elena Mendoza,PROD-007,6,3.40,0.00,YAPE
VTA-002030,2026-04-15,20:14:38,CLI-048,Jorge Castro,PROD-002,2,4.66,0.00,EFECTIVO
VTA-002031,2026-04-15,10:29:46,CLI-046,Carlos Castro,PROD-026,2,1.46,0.00,EFECTIVO
VTA-002031,2026-04-15,10:29:46,CLI-046,Carlos Castro,PROD-013,1,2.13,0.15,EFECTIVO
VTA-002032,2026-04-15,13:50:14,CLI-006,Carlos Mendoza,PROD-011,2,4.37,0.00,TARJETA
VTA-002033,2026-04-15,13:18:07,CLI-017,Claudia Mendoza,PROD-020,4,6.30,0.00,YAPE
VTA-002033,2026-04-15,13:18:07,CLI-017,Claudia Mendoza,PROD-002,1,4.66,0.00,YAPE
VTA-002033,2026-04-15,13:18:07,CLI-017,Claudia Mendoza,PROD-031,12,0.39,0.00,YAPE
VTA-002034,2026-04-15,13:26:46,CLI-009,Lucía Mendoza,PROD-011,2,4.37,0.00,EFECTIVO
VTA-002034,2026-04-15,13:26:46,CLI-009,Lucía Mendoza,PROD-001,2,5.04,0.00,EFECTIVO
VTA-002035,2026-04-15,08:13:46,CLI-049,Lucía Castro,PROD-031,9,0.39,0.00,EFECTIVO
VTA-002035,2026-04-15,08:13:46,CLI-049,Lucía Castro,PROD-032,2,6.30,0.00,EFECTIVO
VTA-002035,2026-04-15,08:13:46,CLI-049,Lucía Castro,PROD-022,6,3.10,0.00,EFECTIVO
VTA-002035,2026-04-15,08:13:46,CLI-049,Lucía Castro,PROD-028,4,1.94,0.00,EFECTIVO
VTA-002036,2026-04-15,17:47:43,CLI-078,Renzo Díaz,PROD-028,5,1.94,0.00,YAPE
VTA-002036,2026-04-15,17:47:43,CLI-078,Renzo Díaz,PROD-004,2,3.40,0.00,YAPE
VTA-002037,2026-04-15,16:19:30,CLI-009,Lucía Mendoza,PROD-010,4,3.88,0.00,EFECTIVO
VTA-002038,2026-04-15,12:33:52,CLI-006,Carlos Mendoza,PROD-008,4,3.10,0.00,PLIN
VTA-002038,2026-04-15,12:33:52,CLI-006,Carlos Mendoza,PROD-019,2,8.63,0.00,PLIN
VTA-002038,2026-04-15,12:33:52,CLI-006,Carlos Mendoza,PROD-002,4,4.66,0.38,PLIN
VTA-002039,2026-04-15,20:34:04,CLI-076,Víctor Díaz,PROD-022,6,3.10,0.00,YAPE
VTA-002039,2026-04-15,20:34:04,CLI-076,Víctor Díaz,PROD-004,3,3.40,1.09,YAPE
VTA-002039,2026-04-15,20:34:04,CLI-076,Víctor Díaz,PROD-031,4,0.39,0.00,YAPE
VTA-002039,2026-04-15,20:34:04,CLI-076,Víctor Díaz,PROD-018,6,4.07,0.00,YAPE
VTA-002039,2026-04-15,20:34:04,CLI-076,Víctor Díaz,PROD-029,1,2.72,0.00,YAPE
VTA-002040,2026-04-15,11:39:13,CLI-014,Juan Mendoza,PROD-026,1,1.46,0.00,YAPE
VTA-002041,2026-04-15,08:19:52,CLI-042,José Castro,PROD-007,4,3.40,0.00,EFECTIVO
VTA-002041,2026-04-15,08:19:52,CLI-042,José Castro,PROD-034,1,4.37,0.00,EFECTIVO
VTA-002041,2026-04-15,08:19:52,CLI-042,José Castro,PROD-027,5,2.42,0.00,EFECTIVO
VTA-002042,2026-04-15,14:21:44,CLI-066,Carlos Díaz,PROD-002,5,4.66,0.00,EFECTIVO
VTA-002042,2026-04-15,14:21:44,CLI-066,Carlos Díaz,PROD-007,1,3.40,0.36,EFECTIVO
VTA-002043,2026-04-16,20:44:33,CLI-010,Miguel Mendoza,PROD-013,2,2.13,0.31,EFECTIVO
VTA-002044,2026-04-16,17:31:13,CLI-051,Elena Castro,PROD-033,5,9.60,0.00,EFECTIVO
VTA-002044,2026-04-16,17:31:13,CLI-051,Elena Castro,PROD-020,6,6.30,0.00,EFECTIVO
VTA-002044,2026-04-16,17:31:13,CLI-051,Elena Castro,PROD-023,6,7.27,3.84,EFECTIVO
VTA-002044,2026-04-16,17:31:13,CLI-051,Elena Castro,PROD-004,6,3.40,0.00,EFECTIVO
VTA-002044,2026-04-16,17:31:13,CLI-051,Elena Castro,PROD-007,2,3.40,0.00,EFECTIVO
VTA-002045,2026-04-16,13:30:52,CLI-002,José Mendoza,PROD-006,6,1.94,0.00,EFECTIVO
VTA-002046,2026-04-16,07:18:46,CLI-011,Elena Mendoza,PROD-005,6,6.69,5.97,YAPE
VTA-002046,2026-04-16,07:18:46,CLI-011,Elena Mendoza,PROD-001,6,5.04,0.00,YAPE
VTA-002047,2026-04-16,16:08:07,CLI-070,Miguel Díaz,PROD-008,2,3.10,0.00,EFECTIVO
VTA-002047,2026-04-16,16:08:07,CLI-070,Miguel Díaz,PROD-018,6,4.07,0.93,EFECTIVO
VTA-002047,2026-04-16,16:08:07,CLI-070,Miguel Díaz,PROD-002,4,4.66,0.00,EFECTIVO
VTA-002048,2026-04-16,09:30:39,CLI-055,Milagros Castro,PROD-003,4,10.57,0.00,EFECTIVO
VTA-002048,2026-04-16,09:30:39,CLI-055,Milagros Castro,PROD-034,3,4.37,0.00,EFECTIVO
VTA-002049,2026-04-16,15:43:00,CLI-050,Miguel Castro,PROD-011,4,4.37,0.00,YAPE
VTA-002050,2026-04-16,17:36:35,CLI-025,Carmen García,PROD-007,3,3.40,0.00,EFECTIVO
VTA-002051,2026-04-16,18:00:38,CLI-037,Claudia García,PROD-003,5,10.57,7.73,YAPE
VTA-002052,2026-04-16,16:15:21,CLI-011,Elena Mendoza,PROD-020,5,6.30,0.00,EFECTIVO
VTA-002052,2026-04-16,16:15:21,CLI-011,Elena Mendoza,PROD-009,4,5.72,0.00,EFECTIVO
VTA-002052,2026-04-16,16:15:21,CLI-011,Elena Mendoza,PROD-019,1,8.63,0.00,EFECTIVO
VTA-002053,2026-04-16,19:49:19,CLI-001,Rosa Mendoza,PROD-001,4,5.04,0.00,YAPE
VTA-002053,2026-04-16,19:49:19,CLI-001,Rosa Mendoza,PROD-006,4,1.94,0.00,YAPE
VTA-002053,2026-04-16,19:49:19,CLI-001,Rosa Mendoza,PROD-016,6,11.15,0.00,YAPE
VTA-002053,2026-04-16,19:49:19,CLI-001,Rosa Mendoza,PROD-031,13,0.39,0.00,YAPE
VTA-002053,2026-04-16,19:49:19,CLI-001,Rosa Mendoza,PROD-008,6,3.10,0.00,YAPE
VTA-002054,2026-04-16,19:24:03,CLI-010,Miguel Mendoza,PROD-015,3,8.63,2.14,PLIN
VTA-002054,2026-04-16,19:24:03,CLI-010,Miguel Mendoza,PROD-006,5,1.94,0.00,PLIN
VTA-002054,2026-04-16,19:24:03,CLI-010,Miguel Mendoza,PROD-023,3,7.27,0.00,PLIN
VTA-002055,2026-04-16,19:15:53,CLI-098,Renzo Rojas,PROD-003,1,10.57,0.00,YAPE
VTA-002055,2026-04-16,19:15:53,CLI-098,Renzo Rojas,PROD-012,1,7.66,0.00,YAPE
VTA-002056,2026-04-16,18:29:59,CLI-049,Lucía Castro,PROD-013,5,2.13,0.00,YAPE
VTA-002056,2026-04-16,18:29:59,CLI-049,Lucía Castro,PROD-006,4,1.94,0.31,YAPE
VTA-002056,2026-04-16,18:29:59,CLI-049,Lucía Castro,PROD-012,5,7.66,0.00,YAPE
VTA-002057,2026-04-16,12:11:44,CLI-008,Jorge Mendoza,PROD-002,4,4.66,0.00,YAPE
VTA-002058,2026-04-16,08:35:40,CLI-039,Diana García,PROD-011,5,4.37,0.00,EFECTIVO
VTA-002058,2026-04-16,08:35:40,CLI-039,Diana García,PROD-001,6,5.04,0.00,EFECTIVO
VTA-002058,2026-04-16,08:35:40,CLI-039,Diana García,PROD-008,6,3.10,0.00,EFECTIVO
VTA-002059,2026-04-16,12:32:27,CLI-024,Luis García,PROD-008,1,3.10,0.00,YAPE
VTA-002059,2026-04-16,12:32:27,CLI-024,Luis García,PROD-004,6,3.40,0.00,YAPE
VTA-002060,2026-04-16,15:27:34,CLI-014,Juan Mendoza,PROD-001,4,5.04,1.91,PLIN
VTA-002061,2026-04-16,16:27:34,CLI-060,Marco Castro,PROD-007,6,3.40,0.00,TARJETA
VTA-002061,2026-04-16,16:27:34,CLI-060,Marco Castro,PROD-016,5,11.15,0.00,TARJETA
VTA-002061,2026-04-16,16:27:34,CLI-060,Marco Castro,PROD-004,6,3.40,0.00,TARJETA
VTA-002062,2026-04-17,15:07:54,CLI-035,Milagros García,PROD-023,1,7.27,0.66,TARJETA
VTA-002062,2026-04-17,15:07:54,CLI-035,Milagros García,PROD-020,5,6.30,0.00,TARJETA
VTA-002063,2026-04-17,17:25:35,CLI-018,Renzo Mendoza,PROD-008,5,3.10,0.00,EFECTIVO
VTA-002063,2026-04-17,17:25:35,CLI-018,Renzo Mendoza,PROD-005,2,6.69,0.00,EFECTIVO
VTA-002064,2026-04-17,13:30:21,CLI-069,Lucía Díaz,PROD-011,4,4.37,0.00,YAPE
VTA-002064,2026-04-17,13:30:21,CLI-069,Lucía Díaz,PROD-031,9,0.39,0.00,YAPE
VTA-002064,2026-04-17,13:30:21,CLI-069,Lucía Díaz,PROD-007,6,3.40,0.00,YAPE
VTA-002065,2026-04-17,07:11:43,CLI-049,Lucía Castro,PROD-005,3,6.69,0.00,YAPE
VTA-002065,2026-04-17,07:11:43,CLI-049,Lucía Castro,PROD-026,3,1.46,0.00,YAPE
VTA-002065,2026-04-17,07:11:43,CLI-049,Lucía Castro,PROD-027,1,2.42,0.00,YAPE
VTA-002066,2026-04-17,14:07:36,CLI-072,Pedro Díaz,PROD-016,1,11.15,0.00,EFECTIVO
VTA-002066,2026-04-17,14:07:36,CLI-072,Pedro Díaz,PROD-011,1,4.37,0.00,EFECTIVO
VTA-002066,2026-04-17,14:07:36,CLI-072,Pedro Díaz,PROD-012,2,7.66,0.00,EFECTIVO
VTA-002067,2026-04-17,09:46:12,CLI-046,Carlos Castro,PROD-029,3,2.72,0.00,EFECTIVO
VTA-002067,2026-04-17,09:46:12,CLI-046,Carlos Castro,PROD-015,3,8.63,1.42,EFECTIVO
VTA-002068,2026-04-17,19:51:59,CLI-006,Carlos Mendoza,PROD-027,2,2.42,0.00,EFECTIVO
VTA-002068,2026-04-17,19:51:59,CLI-006,Carlos Mendoza,PROD-010,6,3.88,0.00,EFECTIVO
VTA-002069,2026-04-17,13:47:08,CLI-013,Patricia Mendoza,PROD-022,4,3.10,0.00,PLIN
VTA-002069,2026-04-17,13:47:08,CLI-013,Patricia Mendoza,PROD-026,3,1.46,0.00,PLIN
VTA-002070,2026-04-17,11:06:02,CLI-001,Rosa Mendoza,PROD-031,8,0.39,0.00,PLIN
VTA-002070,2026-04-17,11:06:02,CLI-001,Rosa Mendoza,PROD-029,4,2.72,0.00,PLIN
VTA-002070,2026-04-17,11:06:02,CLI-001,Rosa Mendoza,PROD-011,6,4.37,0.00,PLIN
VTA-002071,2026-04-17,10:03:38,CLI-055,Milagros Castro,PROD-001,3,5.04,0.00,EFECTIVO
VTA-002071,2026-04-17,10:03:38,CLI-055,Milagros Castro,PROD-008,6,3.10,0.00,EFECTIVO
VTA-002071,2026-04-17,10:03:38,CLI-055,Milagros Castro,PROD-011,2,4.37,0.00,EFECTIVO
VTA-002071,2026-04-17,10:03:38,CLI-055,Milagros Castro,PROD-005,3,6.69,0.00,EFECTIVO
VTA-002071,2026-04-17,10:03:38,CLI-055,Milagros Castro,PROD-031,12,0.39,0.00,EFECTIVO
VTA-002072,2026-04-17,20:09:25,CLI-049,Lucía Castro,PROD-032,6,6.30,0.00,EFECTIVO
VTA-002072,2026-04-17,20:09:25,CLI-049,Lucía Castro,PROD-013,2,2.13,0.55,EFECTIVO
VTA-002072,2026-04-17,20:09:25,CLI-049,Lucía Castro,PROD-001,3,5.04,0.00,EFECTIVO
VTA-002073,2026-04-17,20:10:57,CLI-082,José Rojas,PROD-026,1,1.46,0.00,YAPE
VTA-002074,2026-04-17,17:18:47,CLI-011,Elena Mendoza,PROD-008,3,3.10,0.00,EFECTIVO
VTA-002074,2026-04-17,17:18:47,CLI-011,Elena Mendoza,PROD-020,1,6.30,0.00,EFECTIVO
VTA-002074,2026-04-17,17:18:47,CLI-011,Elena Mendoza,PROD-026,3,1.46,0.00,EFECTIVO
VTA-002075,2026-04-17,20:51:34,CLI-030,Miguel García,PROD-010,6,3.88,0.00,EFECTIVO
VTA-002075,2026-04-17,20:51:34,CLI-030,Miguel García,PROD-013,2,2.13,0.00,EFECTIVO
VTA-002075,2026-04-17,20:51:34,CLI-030,Miguel García,PROD-029,1,2.72,0.00,EFECTIVO
VTA-002075,2026-04-17,20:51:34,CLI-030,Miguel García,PROD-017,5,8.24,0.00,EFECTIVO
VTA-002076,2026-04-17,13:12:42,CLI-005,Carmen Mendoza,PROD-005,3,6.69,0.00,PLIN
VTA-002076,2026-04-17,13:12:42,CLI-005,Carmen Mendoza,PROD-006,2,1.94,0.00,PLIN
VTA-002076,2026-04-17,13:12:42,CLI-005,Carmen Mendoza,PROD-012,3,7.66,0.00,PLIN
VTA-002076,2026-04-17,13:12:42,CLI-005,Carmen Mendoza,PROD-033,5,9.60,1.27,PLIN
VTA-002077,2026-04-17,12:42:57,CLI-025,Carmen García,PROD-011,1,4.37,0.37,YAPE
VTA-002078,2026-04-17,20:24:58,CLI-062,José Díaz,PROD-016,5,11.15,0.00,EFECTIVO
VTA-002078,2026-04-17,20:24:58,CLI-062,José Díaz,PROD-004,2,3.40,0.00,EFECTIVO
VTA-002079,2026-04-17,12:23:55,CLI-010,Miguel Mendoza,PROD-031,19,0.39,0.00,TARJETA
VTA-002079,2026-04-17,12:23:55,CLI-010,Miguel Mendoza,PROD-007,1,3.40,0.00,TARJETA
VTA-002080,2026-04-17,14:06:03,CLI-027,Ana García,PROD-002,3,4.66,0.00,EFECTIVO
VTA-002081,2026-04-17,10:56:03,CLI-015,Milagros Mendoza,PROD-022,6,3.10,0.00,YAPE
VTA-002081,2026-04-17,10:56:03,CLI-015,Milagros Mendoza,PROD-011,3,4.37,0.00,YAPE
VTA-002082,2026-04-17,14:09:06,CLI-030,Miguel García,PROD-013,3,2.13,0.00,EFECTIVO
VTA-002082,2026-04-17,14:09:06,CLI-030,Miguel García,PROD-027,5,2.42,1.50,EFECTIVO
VTA-002083,2026-04-17,21:45:37,CLI-014,Juan Mendoza,PROD-015,3,8.63,0.00,EFECTIVO
VTA-002084,2026-04-18,21:44:04,CLI-006,Carlos Mendoza,PROD-001,6,5.04,0.00,YAPE
VTA-002085,2026-04-18,21:16:25,CLI-068,Jorge Díaz,PROD-002,2,4.66,0.00,TARJETA
VTA-002085,2026-04-18,21:16:25,CLI-068,Jorge Díaz,PROD-008,5,3.10,0.00,TARJETA
VTA-002085,2026-04-18,21:16:25,CLI-068,Jorge Díaz,PROD-034,5,4.37,0.00,TARJETA
VTA-002085,2026-04-18,21:16:25,CLI-068,Jorge Díaz,PROD-013,1,2.13,0.32,TARJETA
VTA-002086,2026-04-18,10:36:44,CLI-048,Jorge Castro,PROD-011,4,4.37,0.00,EFECTIVO
VTA-002087,2026-04-18,12:47:15,CLI-063,María Díaz,PROD-015,5,8.63,0.00,TARJETA
VTA-002087,2026-04-18,12:47:15,CLI-063,María Díaz,PROD-005,4,6.69,0.00,TARJETA
VTA-002088,2026-04-18,14:12:05,CLI-058,Renzo Castro,PROD-011,4,4.37,0.00,EFECTIVO
VTA-002089,2026-04-18,14:02:57,CLI-055,Milagros Castro,PROD-013,4,2.13,0.00,PLIN
VTA-002089,2026-04-18,14:02:57,CLI-055,Milagros Castro,PROD-002,5,4.66,0.00,PLIN
VTA-002090,2026-04-18,15:57:44,CLI-006,Carlos Mendoza,PROD-020,4,6.30,0.00,EFECTIVO
VTA-002090,2026-04-18,15:57:44,CLI-006,Carlos Mendoza,PROD-011,2,4.37,0.00,EFECTIVO
VTA-002091,2026-04-18,20:54:54,CLI-023,María García,PROD-003,2,10.57,0.00,TARJETA
VTA-002091,2026-04-18,20:54:54,CLI-023,María García,PROD-005,4,6.69,0.00,TARJETA
VTA-002091,2026-04-18,20:54:54,CLI-023,María García,PROD-017,3,8.24,0.00,TARJETA
VTA-002092,2026-04-18,11:31:21,CLI-009,Lucía Mendoza,PROD-004,4,3.40,0.00,TARJETA
VTA-002092,2026-04-18,11:31:21,CLI-009,Lucía Mendoza,PROD-007,3,3.40,0.00,TARJETA
VTA-002092,2026-04-18,11:31:21,CLI-009,Lucía Mendoza,PROD-023,5,7.27,0.00,TARJETA
VTA-002093,2026-04-18,15:04:30,CLI-067,Ana Díaz,PROD-004,4,3.40,0.00,PLIN
VTA-002094,2026-04-18,18:40:37,CLI-060,Marco Castro,PROD-001,6,5.04,0.00,EFECTIVO
VTA-002094,2026-04-18,18:40:37,CLI-060,Marco Castro,PROD-003,6,10.57,0.00,EFECTIVO
VTA-002094,2026-04-18,18:40:37,CLI-060,Marco Castro,PROD-032,2,6.30,0.00,EFECTIVO
VTA-002094,2026-04-18,18:40:37,CLI-060,Marco Castro,PROD-031,4,0.39,0.00,EFECTIVO
VTA-002095,2026-04-18,09:28:49,CLI-049,Lucía Castro,PROD-033,6,9.60,0.00,YAPE
VTA-002095,2026-04-18,09:28:49,CLI-049,Lucía Castro,PROD-006,4,1.94,0.00,YAPE
VTA-002095,2026-04-18,09:28:49,CLI-049,Lucía Castro,PROD-026,5,1.46,0.00,YAPE
VTA-002095,2026-04-18,09:28:49,CLI-049,Lucía Castro,PROD-027,5,2.42,0.86,YAPE
VTA-002096,2026-04-18,11:09:47,CLI-088,Jorge Rojas,PROD-006,3,1.94,0.00,EFECTIVO
VTA-002096,2026-04-18,11:09:47,CLI-088,Jorge Rojas,PROD-028,5,1.94,0.00,EFECTIVO
VTA-002096,2026-04-18,11:09:47,CLI-088,Jorge Rojas,PROD-019,2,8.63,0.00,EFECTIVO
VTA-002097,2026-04-18,07:25:57,CLI-055,Milagros Castro,PROD-016,4,11.15,0.00,TARJETA
VTA-002097,2026-04-18,07:25:57,CLI-055,Milagros Castro,PROD-007,4,3.40,0.00,TARJETA
VTA-002097,2026-04-18,07:25:57,CLI-055,Milagros Castro,PROD-002,1,4.66,0.37,TARJETA
VTA-002097,2026-04-18,07:25:57,CLI-055,Milagros Castro,PROD-022,6,3.10,0.00,TARJETA
VTA-002098,2026-04-18,13:32:52,CLI-065,Carmen Díaz,PROD-008,4,3.10,0.00,PLIN
VTA-002099,2026-04-18,10:32:27,CLI-062,José Díaz,PROD-006,6,1.94,0.00,EFECTIVO
VTA-002100,2026-04-18,19:57:57,CLI-089,Lucía Rojas,PROD-011,4,4.37,0.00,YAPE
VTA-002100,2026-04-18,19:57:57,CLI-089,Lucía Rojas,PROD-001,1,5.04,0.00,YAPE
VTA-002100,2026-04-18,19:57:57,CLI-089,Lucía Rojas,PROD-032,4,6.30,0.00,YAPE
VTA-002101,2026-04-18,14:01:20,CLI-053,Patricia Castro,PROD-026,1,1.46,0.00,PLIN
VTA-002101,2026-04-18,14:01:20,CLI-053,Patricia Castro,PROD-029,2,2.72,0.11,PLIN
VTA-002101,2026-04-18,14:01:20,CLI-053,Patricia Castro,PROD-005,2,6.69,0.00,PLIN
VTA-002102,2026-04-18,08:23:07,CLI-010,Miguel Mendoza,PROD-002,1,4.66,0.00,EFECTIVO
VTA-002102,2026-04-18,08:23:07,CLI-010,Miguel Mendoza,PROD-004,2,3.40,0.00,EFECTIVO
VTA-002102,2026-04-18,08:23:07,CLI-010,Miguel Mendoza,PROD-026,6,1.46,1.08,EFECTIVO
VTA-002102,2026-04-18,08:23:07,CLI-010,Miguel Mendoza,PROD-013,3,2.13,0.00,EFECTIVO
VTA-002103,2026-04-18,15:36:27,CLI-034,Juan García,PROD-012,1,7.66,0.52,TARJETA
VTA-002104,2026-04-18,11:21:30,CLI-088,Jorge Rojas,PROD-004,2,3.40,0.00,TARJETA
VTA-002105,2026-04-18,09:57:49,CLI-015,Milagros Mendoza,PROD-032,6,6.30,0.00,YAPE
VTA-002105,2026-04-18,09:57:49,CLI-015,Milagros Mendoza,PROD-018,5,4.07,0.00,YAPE
VTA-002105,2026-04-18,09:57:49,CLI-015,Milagros Mendoza,PROD-006,3,1.94,0.00,YAPE
VTA-002105,2026-04-18,09:57:49,CLI-015,Milagros Mendoza,PROD-010,6,3.88,0.00,YAPE
VTA-002106,2026-04-18,07:26:02,CLI-012,Pedro Mendoza,PROD-009,4,5.72,0.00,PLIN
VTA-002107,2026-04-18,20:50:07,CLI-096,Víctor Rojas,PROD-031,14,0.39,0.00,PLIN
VTA-002107,2026-04-18,20:50:07,CLI-096,Víctor Rojas,PROD-010,5,3.88,2.47,PLIN
VTA-002107,2026-04-18,20:50:07,CLI-096,Víctor Rojas,PROD-006,2,1.94,0.00,PLIN
VTA-002108,2026-04-18,17:25:38,CLI-050,Miguel Castro,PROD-003,4,10.57,0.00,PLIN
VTA-002109,2026-04-18,21:25:06,CLI-011,Elena Mendoza,PROD-031,15,0.39,0.00,EFECTIVO
VTA-002109,2026-04-18,21:25:06,CLI-011,Elena Mendoza,PROD-028,6,1.94,1.18,EFECTIVO
VTA-002109,2026-04-18,21:25:06,CLI-011,Elena Mendoza,PROD-006,1,1.94,0.00,EFECTIVO
VTA-002109,2026-04-18,21:25:06,CLI-011,Elena Mendoza,PROD-013,5,2.13,0.00,EFECTIVO
VTA-002110,2026-04-18,17:56:45,CLI-019,Diana Mendoza,PROD-026,1,1.46,0.00,EFECTIVO
VTA-002111,2026-04-18,09:52:54,CLI-003,María Mendoza,PROD-004,2,3.40,0.00,EFECTIVO
VTA-002112,2026-04-18,20:10:53,CLI-021,Rosa García,PROD-007,2,3.40,0.76,TARJETA
VTA-002112,2026-04-18,20:10:53,CLI-021,Rosa García,PROD-027,2,2.42,0.00,TARJETA
VTA-002113,2026-04-19,08:17:12,CLI-009,Lucía Mendoza,PROD-001,1,5.04,0.00,YAPE
VTA-002114,2026-04-19,09:07:05,CLI-002,José Mendoza,PROD-003,6,10.57,0.00,YAPE
VTA-002114,2026-04-19,09:07:05,CLI-002,José Mendoza,PROD-007,4,3.40,0.00,YAPE
VTA-002114,2026-04-19,09:07:05,CLI-002,José Mendoza,PROD-026,1,1.46,0.00,YAPE
VTA-002114,2026-04-19,09:07:05,CLI-002,José Mendoza,PROD-014,6,9.21,0.00,YAPE
VTA-002115,2026-04-19,11:12:55,CLI-024,Luis García,PROD-027,4,2.42,0.00,YAPE
VTA-002116,2026-04-19,07:37:02,CLI-071,Elena Díaz,PROD-004,6,3.40,0.00,YAPE
VTA-002116,2026-04-19,07:37:02,CLI-071,Elena Díaz,PROD-003,5,10.57,0.00,YAPE
VTA-002117,2026-04-19,12:07:46,CLI-069,Lucía Díaz,PROD-007,1,3.40,0.00,YAPE
VTA-002118,2026-04-19,11:53:48,CLI-059,Diana Castro,PROD-028,3,1.94,0.00,TARJETA
VTA-002119,2026-04-19,10:27:41,CLI-005,Carmen Mendoza,PROD-028,4,1.94,0.00,EFECTIVO
VTA-002119,2026-04-19,10:27:41,CLI-005,Carmen Mendoza,PROD-027,6,2.42,0.00,EFECTIVO
VTA-002120,2026-04-19,20:11:27,CLI-064,Luis Díaz,PROD-031,7,0.39,0.00,PLIN
VTA-002120,2026-04-19,20:11:27,CLI-064,Luis Díaz,PROD-034,6,4.37,0.00,PLIN
VTA-002121,2026-04-19,09:45:09,CLI-060,Marco Castro,PROD-002,1,4.66,0.42,EFECTIVO
VTA-002122,2026-04-19,19:38:34,CLI-057,Claudia Castro,PROD-011,5,4.37,0.00,EFECTIVO
VTA-002122,2026-04-19,19:38:34,CLI-057,Claudia Castro,PROD-003,6,10.57,0.00,EFECTIVO
VTA-002122,2026-04-19,19:38:34,CLI-057,Claudia Castro,PROD-017,6,8.24,0.00,EFECTIVO
VTA-002122,2026-04-19,19:38:34,CLI-057,Claudia Castro,PROD-014,6,9.21,0.00,EFECTIVO
VTA-002123,2026-04-19,20:22:32,CLI-032,Pedro García,PROD-019,3,8.63,0.00,EFECTIVO
VTA-002123,2026-04-19,20:22:32,CLI-032,Pedro García,PROD-003,4,10.57,0.00,EFECTIVO
VTA-002123,2026-04-19,20:22:32,CLI-032,Pedro García,PROD-033,3,9.60,0.00,EFECTIVO
VTA-002123,2026-04-19,20:22:32,CLI-032,Pedro García,PROD-001,5,5.04,0.00,EFECTIVO
VTA-002124,2026-04-19,21:03:24,CLI-019,Diana Mendoza,PROD-022,5,3.10,0.00,EFECTIVO
VTA-002124,2026-04-19,21:03:24,CLI-019,Diana Mendoza,PROD-007,4,3.40,0.00,EFECTIVO
VTA-002124,2026-04-19,21:03:24,CLI-019,Diana Mendoza,PROD-028,6,1.94,0.00,EFECTIVO
VTA-002124,2026-04-19,21:03:24,CLI-019,Diana Mendoza,PROD-026,3,1.46,0.00,EFECTIVO
VTA-002125,2026-04-19,14:02:38,CLI-028,Jorge García,PROD-007,1,3.40,0.09,PLIN
VTA-002125,2026-04-19,14:02:38,CLI-028,Jorge García,PROD-028,6,1.94,0.00,PLIN
VTA-002125,2026-04-19,14:02:38,CLI-028,Jorge García,PROD-011,2,4.37,0.00,PLIN
VTA-002126,2026-04-19,14:36:46,CLI-021,Rosa García,PROD-006,6,1.94,0.00,YAPE
VTA-002127,2026-04-19,14:27:39,CLI-062,José Díaz,PROD-016,3,11.15,0.00,EFECTIVO
VTA-002128,2026-04-19,12:15:33,CLI-008,Jorge Mendoza,PROD-027,3,2.42,0.00,EFECTIVO
VTA-002129,2026-04-19,08:43:39,CLI-095,Milagros Rojas,PROD-031,9,0.39,0.40,YAPE
VTA-002130,2026-04-19,21:58:17,CLI-008,Jorge Mendoza,PROD-016,1,11.15,0.00,YAPE
VTA-002130,2026-04-19,21:58:17,CLI-008,Jorge Mendoza,PROD-022,5,3.10,0.00,YAPE
VTA-002130,2026-04-19,21:58:17,CLI-008,Jorge Mendoza,PROD-031,3,0.39,0.00,YAPE
VTA-002131,2026-04-19,07:43:39,CLI-008,Jorge Mendoza,PROD-034,6,4.37,0.00,TARJETA
VTA-002131,2026-04-19,07:43:39,CLI-008,Jorge Mendoza,PROD-023,5,7.27,0.00,TARJETA
VTA-002132,2026-04-19,08:06:22,CLI-009,Lucía Mendoza,PROD-013,5,2.13,0.00,YAPE
VTA-002132,2026-04-19,08:06:22,CLI-009,Lucía Mendoza,PROD-026,2,1.46,0.08,YAPE
VTA-002132,2026-04-19,08:06:22,CLI-009,Lucía Mendoza,PROD-002,3,4.66,0.00,YAPE
VTA-002133,2026-04-19,21:46:20,CLI-019,Diana Mendoza,PROD-002,2,4.66,0.00,PLIN
VTA-002133,2026-04-19,21:46:20,CLI-019,Diana Mendoza,PROD-013,2,2.13,0.00,PLIN
VTA-002133,2026-04-19,21:46:20,CLI-019,Diana Mendoza,PROD-001,2,5.04,0.00,PLIN
VTA-002134,2026-04-19,14:35:39,CLI-065,Carmen Díaz,PROD-027,4,2.42,0.00,YAPE
VTA-002134,2026-04-19,14:35:39,CLI-065,Carmen Díaz,PROD-010,4,3.88,0.00,YAPE
VTA-002134,2026-04-19,14:35:39,CLI-065,Carmen Díaz,PROD-031,8,0.39,0.00,YAPE
VTA-002135,2026-04-19,21:20:11,CLI-001,Rosa Mendoza,PROD-027,6,2.42,0.00,YAPE
VTA-002136,2026-04-19,20:12:49,CLI-061,Rosa Díaz,PROD-023,6,7.27,0.00,TARJETA
VTA-002137,2026-04-19,20:48:28,CLI-068,Jorge Díaz,PROD-012,3,7.66,0.00,EFECTIVO
VTA-002137,2026-04-19,20:48:28,CLI-068,Jorge Díaz,PROD-004,4,3.40,0.00,EFECTIVO
VTA-002138,2026-04-19,12:43:11,CLI-004,Luis Mendoza,PROD-004,2,3.40,0.00,TARJETA
VTA-002139,2026-04-19,10:35:56,CLI-063,María Díaz,PROD-002,1,4.66,0.00,YAPE
VTA-002140,2026-04-20,12:28:37,CLI-010,Miguel Mendoza,PROD-029,1,2.72,0.00,YAPE
VTA-002140,2026-04-20,12:28:37,CLI-010,Miguel Mendoza,PROD-026,5,1.46,0.00,YAPE
VTA-002140,2026-04-20,12:28:37,CLI-010,Miguel Mendoza,PROD-012,2,7.66,0.00,YAPE
VTA-002141,2026-04-20,07:46:21,CLI-009,Lucía Mendoza,PROD-012,4,7.66,0.00,YAPE
VTA-002141,2026-04-20,07:46:21,CLI-009,Lucía Mendoza,PROD-018,4,4.07,0.00,YAPE
VTA-002142,2026-04-20,11:55:49,CLI-008,Jorge Mendoza,PROD-027,3,2.42,0.00,EFECTIVO
VTA-002142,2026-04-20,11:55:49,CLI-008,Jorge Mendoza,PROD-003,5,10.57,0.00,EFECTIVO
VTA-002143,2026-04-20,19:15:13,CLI-013,Patricia Mendoza,PROD-001,4,5.04,1.87,YAPE
VTA-002143,2026-04-20,19:15:13,CLI-013,Patricia Mendoza,PROD-004,6,3.40,0.00,YAPE
VTA-002143,2026-04-20,19:15:13,CLI-013,Patricia Mendoza,PROD-027,3,2.42,0.39,YAPE
VTA-002143,2026-04-20,19:15:13,CLI-013,Patricia Mendoza,PROD-006,1,1.94,0.00,YAPE
VTA-002144,2026-04-20,09:10:14,CLI-068,Jorge Díaz,PROD-018,2,4.07,0.00,EFECTIVO
VTA-002144,2026-04-20,09:10:14,CLI-068,Jorge Díaz,PROD-006,6,1.94,0.26,EFECTIVO
VTA-002144,2026-04-20,09:10:14,CLI-068,Jorge Díaz,PROD-002,2,4.66,0.00,EFECTIVO
VTA-002145,2026-04-20,20:47:53,CLI-002,José Mendoza,PROD-004,2,3.40,0.00,PLIN
VTA-002145,2026-04-20,20:47:53,CLI-002,José Mendoza,PROD-031,9,0.39,0.00,PLIN
VTA-002145,2026-04-20,20:47:53,CLI-002,José Mendoza,PROD-017,4,8.24,0.00,PLIN
VTA-002146,2026-04-20,18:14:01,CLI-052,Pedro Castro,PROD-008,2,3.10,0.35,EFECTIVO
VTA-002146,2026-04-20,18:14:01,CLI-052,Pedro Castro,PROD-027,6,2.42,0.00,EFECTIVO
VTA-002146,2026-04-20,18:14:01,CLI-052,Pedro Castro,PROD-011,2,4.37,0.00,EFECTIVO
VTA-002147,2026-04-20,10:23:55,CLI-030,Miguel García,PROD-027,3,2.42,0.00,YAPE
VTA-002147,2026-04-20,10:23:55,CLI-030,Miguel García,PROD-006,6,1.94,0.00,YAPE
VTA-002147,2026-04-20,10:23:55,CLI-030,Miguel García,PROD-008,3,3.10,0.00,YAPE
VTA-002147,2026-04-20,10:23:55,CLI-030,Miguel García,PROD-026,5,1.46,0.00,YAPE
VTA-002148,2026-04-20,15:15:33,CLI-045,Carmen Castro,PROD-011,2,4.37,0.00,YAPE
VTA-002149,2026-04-20,11:18:18,CLI-052,Pedro Castro,PROD-003,6,10.57,0.00,EFECTIVO
VTA-002149,2026-04-20,11:18:18,CLI-052,Pedro Castro,PROD-031,5,0.39,0.00,EFECTIVO
VTA-002149,2026-04-20,11:18:18,CLI-052,Pedro Castro,PROD-029,3,2.72,0.00,EFECTIVO
VTA-002149,2026-04-20,11:18:18,CLI-052,Pedro Castro,PROD-028,4,1.94,0.00,EFECTIVO
VTA-002150,2026-04-20,20:59:23,CLI-009,Lucía Mendoza,PROD-004,4,3.40,0.00,PLIN
VTA-002150,2026-04-20,20:59:23,CLI-009,Lucía Mendoza,PROD-011,2,4.37,0.00,PLIN
VTA-002151,2026-04-20,07:33:32,CLI-065,Carmen Díaz,PROD-010,3,3.88,0.00,EFECTIVO
VTA-002151,2026-04-20,07:33:32,CLI-065,Carmen Díaz,PROD-031,11,0.39,0.00,EFECTIVO
VTA-002152,2026-04-21,21:36:17,CLI-006,Carlos Mendoza,PROD-033,4,9.60,0.00,EFECTIVO
VTA-002152,2026-04-21,21:36:17,CLI-006,Carlos Mendoza,PROD-001,1,5.04,0.00,EFECTIVO
VTA-002152,2026-04-21,21:36:17,CLI-006,Carlos Mendoza,PROD-026,4,1.46,0.00,EFECTIVO
VTA-002153,2026-04-21,19:09:00,CLI-013,Patricia Mendoza,PROD-027,4,2.42,0.44,TARJETA
VTA-002153,2026-04-21,19:09:00,CLI-013,Patricia Mendoza,PROD-009,3,5.72,0.00,TARJETA
VTA-002154,2026-04-21,07:41:46,CLI-010,Miguel Mendoza,PROD-026,2,1.46,0.00,YAPE
VTA-002154,2026-04-21,07:41:46,CLI-010,Miguel Mendoza,PROD-006,3,1.94,0.00,YAPE
VTA-002155,2026-04-21,16:41:25,CLI-059,Diana Castro,PROD-016,4,11.15,0.00,YAPE
VTA-002155,2026-04-21,16:41:25,CLI-059,Diana Castro,PROD-012,5,7.66,0.00,YAPE
VTA-002156,2026-04-21,21:00:39,CLI-013,Patricia Mendoza,PROD-001,5,5.04,0.00,PLIN
VTA-002156,2026-04-21,21:00:39,CLI-013,Patricia Mendoza,PROD-026,6,1.46,0.00,PLIN
VTA-002157,2026-04-21,11:35:09,CLI-048,Jorge Castro,PROD-002,6,4.66,0.00,EFECTIVO
VTA-002157,2026-04-21,11:35:09,CLI-048,Jorge Castro,PROD-034,2,4.37,1.27,EFECTIVO
VTA-002157,2026-04-21,11:35:09,CLI-048,Jorge Castro,PROD-003,4,10.57,0.00,EFECTIVO
VTA-002157,2026-04-21,11:35:09,CLI-048,Jorge Castro,PROD-006,2,1.94,0.00,EFECTIVO
VTA-002158,2026-04-21,18:28:27,CLI-100,Marco Rojas,PROD-013,2,2.13,0.24,YAPE
VTA-002158,2026-04-21,18:28:27,CLI-100,Marco Rojas,PROD-001,4,5.04,0.00,YAPE
VTA-002159,2026-04-21,12:56:44,CLI-061,Rosa Díaz,PROD-014,2,9.21,0.00,PLIN
VTA-002159,2026-04-21,12:56:44,CLI-061,Rosa Díaz,PROD-002,6,4.66,0.00,PLIN
VTA-002159,2026-04-21,12:56:44,CLI-061,Rosa Díaz,PROD-004,2,3.40,1.02,PLIN
VTA-002159,2026-04-21,12:56:44,CLI-061,Rosa Díaz,PROD-005,3,6.69,2.07,PLIN
VTA-002159,2026-04-21,12:56:44,CLI-061,Rosa Díaz,PROD-007,1,3.40,0.00,PLIN
VTA-002160,2026-04-21,13:51:25,CLI-028,Jorge García,PROD-018,5,4.07,1.39,EFECTIVO
VTA-002160,2026-04-21,13:51:25,CLI-028,Jorge García,PROD-006,5,1.94,0.00,EFECTIVO
VTA-002160,2026-04-21,13:51:25,CLI-028,Jorge García,PROD-028,4,1.94,0.00,EFECTIVO
VTA-002161,2026-04-21,21:03:48,CLI-005,Carmen Mendoza,PROD-015,3,8.63,0.00,EFECTIVO
VTA-002161,2026-04-21,21:03:48,CLI-005,Carmen Mendoza,PROD-031,3,0.39,0.00,EFECTIVO
VTA-002162,2026-04-21,11:26:45,CLI-041,Rosa Castro,PROD-028,5,1.94,0.75,YAPE
VTA-002162,2026-04-21,11:26:45,CLI-041,Rosa Castro,PROD-001,5,5.04,0.00,YAPE
VTA-002163,2026-04-21,10:07:13,CLI-008,Jorge Mendoza,PROD-012,2,7.66,0.00,EFECTIVO
VTA-002163,2026-04-21,10:07:13,CLI-008,Jorge Mendoza,PROD-028,5,1.94,0.00,EFECTIVO
VTA-002164,2026-04-21,20:50:45,CLI-013,Patricia Mendoza,PROD-013,1,2.13,0.00,EFECTIVO
VTA-002165,2026-04-21,17:46:34,CLI-042,José Castro,PROD-001,1,5.04,0.37,YAPE
VTA-002165,2026-04-21,17:46:34,CLI-042,José Castro,PROD-009,1,5.72,0.00,YAPE
VTA-002166,2026-04-21,07:04:47,CLI-052,Pedro Castro,PROD-013,3,2.13,0.00,EFECTIVO
VTA-002166,2026-04-21,07:04:47,CLI-052,Pedro Castro,PROD-031,7,0.39,0.00,EFECTIVO
VTA-002167,2026-04-22,14:55:50,CLI-002,José Mendoza,PROD-027,6,2.42,0.00,YAPE
VTA-002168,2026-04-22,11:57:31,CLI-019,Diana Mendoza,PROD-006,1,1.94,0.00,PLIN
VTA-002169,2026-04-22,08:19:39,CLI-057,Claudia Castro,PROD-013,3,2.13,0.00,EFECTIVO
VTA-002169,2026-04-22,08:19:39,CLI-057,Claudia Castro,PROD-001,4,5.04,0.00,EFECTIVO
VTA-002170,2026-04-22,09:27:47,CLI-049,Lucía Castro,PROD-022,6,3.10,0.00,EFECTIVO
VTA-002170,2026-04-22,09:27:47,CLI-049,Lucía Castro,PROD-031,16,0.39,0.00,EFECTIVO
VTA-002170,2026-04-22,09:27:47,CLI-049,Lucía Castro,PROD-033,1,9.60,0.00,EFECTIVO
VTA-002170,2026-04-22,09:27:47,CLI-049,Lucía Castro,PROD-004,2,3.40,0.00,EFECTIVO
VTA-002170,2026-04-22,09:27:47,CLI-049,Lucía Castro,PROD-020,2,6.30,0.00,EFECTIVO
VTA-002171,2026-04-22,18:14:45,CLI-001,Rosa Mendoza,PROD-001,1,5.04,0.00,EFECTIVO
VTA-002171,2026-04-22,18:14:45,CLI-001,Rosa Mendoza,PROD-031,11,0.39,0.00,EFECTIVO
VTA-002171,2026-04-22,18:14:45,CLI-001,Rosa Mendoza,PROD-006,3,1.94,0.00,EFECTIVO
VTA-002172,2026-04-22,21:42:47,CLI-009,Lucía Mendoza,PROD-022,4,3.10,0.00,TARJETA
VTA-002172,2026-04-22,21:42:47,CLI-009,Lucía Mendoza,PROD-001,4,5.04,0.52,TARJETA
VTA-002173,2026-04-22,18:58:25,CLI-068,Jorge Díaz,PROD-001,3,5.04,0.00,YAPE
VTA-002174,2026-04-22,07:28:33,CLI-005,Carmen Mendoza,PROD-012,6,7.66,5.47,YAPE
VTA-002175,2026-04-22,16:54:00,CLI-015,Milagros Mendoza,PROD-031,11,0.39,0.00,EFECTIVO
VTA-002176,2026-04-22,08:22:09,CLI-018,Renzo Mendoza,PROD-026,1,1.46,0.00,TARJETA
VTA-002176,2026-04-22,08:22:09,CLI-018,Renzo Mendoza,PROD-006,2,1.94,0.00,TARJETA
VTA-002177,2026-04-22,07:16:16,CLI-033,Patricia García,PROD-019,1,8.63,0.00,YAPE
VTA-002178,2026-04-22,13:38:25,CLI-015,Milagros Mendoza,PROD-001,5,5.04,0.00,EFECTIVO
VTA-002178,2026-04-22,13:38:25,CLI-015,Milagros Mendoza,PROD-031,10,0.39,0.00,EFECTIVO
VTA-002178,2026-04-22,13:38:25,CLI-015,Milagros Mendoza,PROD-011,6,4.37,0.00,EFECTIVO
VTA-002179,2026-04-22,14:22:56,CLI-020,Marco Mendoza,PROD-010,3,3.88,0.00,YAPE
VTA-002179,2026-04-22,14:22:56,CLI-020,Marco Mendoza,PROD-003,4,10.57,0.00,YAPE
VTA-002180,2026-04-22,09:31:00,CLI-021,Rosa García,PROD-028,2,1.94,0.00,EFECTIVO
VTA-002181,2026-04-22,11:24:20,CLI-073,Patricia Díaz,PROD-013,1,2.13,0.00,YAPE
VTA-002182,2026-04-23,10:49:31,CLI-034,Juan García,PROD-015,6,8.63,0.00,EFECTIVO
VTA-002182,2026-04-23,10:49:31,CLI-034,Juan García,PROD-023,1,7.27,0.75,EFECTIVO
VTA-002183,2026-04-23,09:10:31,CLI-015,Milagros Mendoza,PROD-032,1,6.30,0.00,EFECTIVO
VTA-002183,2026-04-23,09:10:31,CLI-015,Milagros Mendoza,PROD-028,3,1.94,0.00,EFECTIVO
VTA-002184,2026-04-23,16:20:02,CLI-020,Marco Mendoza,PROD-026,4,1.46,0.20,YAPE
VTA-002184,2026-04-23,16:20:02,CLI-020,Marco Mendoza,PROD-031,4,0.39,0.00,YAPE
VTA-002184,2026-04-23,16:20:02,CLI-020,Marco Mendoza,PROD-006,1,1.94,0.00,YAPE
VTA-002184,2026-04-23,16:20:02,CLI-020,Marco Mendoza,PROD-015,3,8.63,0.00,YAPE
VTA-002185,2026-04-23,12:36:10,CLI-002,José Mendoza,PROD-029,4,2.72,0.37,PLIN
VTA-002185,2026-04-23,12:36:10,CLI-002,José Mendoza,PROD-001,4,5.04,0.00,PLIN
VTA-002185,2026-04-23,12:36:10,CLI-002,José Mendoza,PROD-017,6,8.24,0.00,PLIN
VTA-002186,2026-04-23,20:07:03,CLI-028,Jorge García,PROD-005,6,6.69,0.00,EFECTIVO
VTA-002186,2026-04-23,20:07:03,CLI-028,Jorge García,PROD-001,4,5.04,0.00,EFECTIVO
VTA-002187,2026-04-23,20:57:20,CLI-001,Rosa Mendoza,PROD-011,2,4.37,0.00,EFECTIVO
VTA-002187,2026-04-23,20:57:20,CLI-001,Rosa Mendoza,PROD-034,6,4.37,0.00,EFECTIVO
VTA-002188,2026-04-23,08:48:22,CLI-015,Milagros Mendoza,PROD-007,6,3.40,0.00,TARJETA
VTA-002188,2026-04-23,08:48:22,CLI-015,Milagros Mendoza,PROD-017,4,8.24,0.00,TARJETA
VTA-002189,2026-04-23,07:14:42,CLI-006,Carlos Mendoza,PROD-008,3,3.10,0.00,TARJETA
VTA-002190,2026-04-23,11:01:38,CLI-029,Lucía García,PROD-029,2,2.72,0.00,EFECTIVO
VTA-002191,2026-04-23,08:39:42,CLI-056,Víctor Castro,PROD-010,4,3.88,0.00,EFECTIVO
VTA-002192,2026-04-23,18:20:58,CLI-056,Víctor Castro,PROD-031,15,0.39,0.00,PLIN
VTA-002192,2026-04-23,18:20:58,CLI-056,Víctor Castro,PROD-028,1,1.94,0.00,PLIN
VTA-002193,2026-04-23,08:36:48,CLI-015,Milagros Mendoza,PROD-028,5,1.94,0.00,EFECTIVO
VTA-002194,2026-04-23,11:56:12,CLI-028,Jorge García,PROD-013,6,2.13,0.00,YAPE
VTA-002194,2026-04-23,11:56:12,CLI-028,Jorge García,PROD-026,6,1.46,0.00,YAPE
VTA-002195,2026-04-23,21:22:12,CLI-012,Pedro Mendoza,PROD-013,4,2.13,1.02,YAPE
VTA-002195,2026-04-23,21:22:12,CLI-012,Pedro Mendoza,PROD-027,2,2.42,0.00,YAPE
VTA-002196,2026-04-23,18:04:29,CLI-028,Jorge García,PROD-006,3,1.94,0.00,EFECTIVO
VTA-002197,2026-04-23,10:29:27,CLI-016,Víctor Mendoza,PROD-009,6,5.72,1.80,EFECTIVO
VTA-002198,2026-04-23,13:28:13,CLI-065,Carmen Díaz,PROD-012,1,7.66,0.00,PLIN
VTA-002198,2026-04-23,13:28:13,CLI-065,Carmen Díaz,PROD-007,2,3.40,0.00,PLIN
VTA-002198,2026-04-23,13:28:13,CLI-065,Carmen Díaz,PROD-017,4,8.24,0.00,PLIN
VTA-002199,2026-04-23,19:29:21,CLI-005,Carmen Mendoza,PROD-018,5,4.07,0.00,EFECTIVO
VTA-002199,2026-04-23,19:29:21,CLI-005,Carmen Mendoza,PROD-010,2,3.88,0.19,EFECTIVO
VTA-002200,2026-04-24,11:25:07,CLI-029,Lucía García,PROD-003,2,10.57,0.00,EFECTIVO
VTA-002201,2026-04-24,13:01:18,CLI-006,Carlos Mendoza,PROD-001,1,5.04,0.00,EFECTIVO
VTA-002201,2026-04-24,13:01:18,CLI-006,Carlos Mendoza,PROD-005,1,6.69,0.00,EFECTIVO
VTA-002202,2026-04-24,14:49:44,CLI-093,Patricia Rojas,PROD-006,3,1.94,0.00,YAPE
VTA-002202,2026-04-24,14:49:44,CLI-093,Patricia Rojas,PROD-007,2,3.40,0.00,YAPE
VTA-002203,2026-04-24,14:48:48,CLI-014,Juan Mendoza,PROD-026,6,1.46,0.00,YAPE
VTA-002204,2026-04-24,20:30:31,CLI-050,Miguel Castro,PROD-006,6,1.94,0.00,EFECTIVO
VTA-002205,2026-04-24,18:48:21,CLI-062,José Díaz,PROD-007,2,3.40,0.00,EFECTIVO
VTA-002205,2026-04-24,18:48:21,CLI-062,José Díaz,PROD-009,6,5.72,0.00,EFECTIVO
VTA-002205,2026-04-24,18:48:21,CLI-062,José Díaz,PROD-015,6,8.63,0.00,EFECTIVO
VTA-002206,2026-04-24,07:10:21,CLI-004,Luis Mendoza,PROD-002,4,4.66,0.00,EFECTIVO
VTA-002206,2026-04-24,07:10:21,CLI-004,Luis Mendoza,PROD-023,2,7.27,0.00,EFECTIVO
VTA-002207,2026-04-24,15:55:34,CLI-009,Lucía Mendoza,PROD-029,4,2.72,0.00,EFECTIVO
VTA-002207,2026-04-24,15:55:34,CLI-009,Lucía Mendoza,PROD-002,1,4.66,0.00,EFECTIVO
VTA-002207,2026-04-24,15:55:34,CLI-009,Lucía Mendoza,PROD-031,5,0.39,0.00,EFECTIVO
VTA-002208,2026-04-24,17:14:15,CLI-009,Lucía Mendoza,PROD-020,5,6.30,0.00,EFECTIVO
VTA-002208,2026-04-24,17:14:15,CLI-009,Lucía Mendoza,PROD-026,4,1.46,0.00,EFECTIVO
VTA-002208,2026-04-24,17:14:15,CLI-009,Lucía Mendoza,PROD-031,14,0.39,0.00,EFECTIVO
VTA-002209,2026-04-24,07:03:06,CLI-028,Jorge García,PROD-034,3,4.37,0.00,YAPE
VTA-002209,2026-04-24,07:03:06,CLI-028,Jorge García,PROD-008,6,3.10,0.00,YAPE
VTA-002210,2026-04-24,13:36:32,CLI-068,Jorge Díaz,PROD-009,1,5.72,0.00,PLIN
VTA-002210,2026-04-24,13:36:32,CLI-068,Jorge Díaz,PROD-002,2,4.66,0.00,PLIN
VTA-002211,2026-04-24,09:34:25,CLI-005,Carmen Mendoza,PROD-002,5,4.66,0.00,EFECTIVO
VTA-002212,2026-04-24,12:36:42,CLI-063,María Díaz,PROD-005,3,6.69,0.00,EFECTIVO
VTA-002212,2026-04-24,12:36:42,CLI-063,María Díaz,PROD-031,20,0.39,0.00,EFECTIVO
VTA-002213,2026-04-24,08:13:50,CLI-003,María Mendoza,PROD-010,3,3.88,0.00,PLIN
VTA-002213,2026-04-24,08:13:50,CLI-003,María Mendoza,PROD-011,3,4.37,1.77,PLIN
VTA-002214,2026-04-24,13:29:27,CLI-047,Ana Castro,PROD-014,2,9.21,0.00,YAPE
VTA-002214,2026-04-24,13:29:27,CLI-047,Ana Castro,PROD-007,6,3.40,0.00,YAPE
VTA-002215,2026-04-24,15:58:10,CLI-019,Diana Mendoza,PROD-027,1,2.42,0.31,YAPE
VTA-002215,2026-04-24,15:58:10,CLI-019,Diana Mendoza,PROD-026,3,1.46,0.00,YAPE
VTA-002215,2026-04-24,15:58:10,CLI-019,Diana Mendoza,PROD-013,6,2.13,0.00,YAPE
VTA-002216,2026-04-24,12:39:55,CLI-007,Ana Mendoza,PROD-026,3,1.46,0.00,EFECTIVO
VTA-002217,2026-04-24,17:40:12,CLI-001,Rosa Mendoza,PROD-031,13,0.39,0.00,PLIN
VTA-002217,2026-04-24,17:40:12,CLI-001,Rosa Mendoza,PROD-011,6,4.37,0.00,PLIN
VTA-002217,2026-04-24,17:40:12,CLI-001,Rosa Mendoza,PROD-007,3,3.40,0.00,PLIN
VTA-002217,2026-04-24,17:40:12,CLI-001,Rosa Mendoza,PROD-010,2,3.88,0.00,PLIN
VTA-002217,2026-04-24,17:40:12,CLI-001,Rosa Mendoza,PROD-004,6,3.40,0.00,PLIN
VTA-002218,2026-04-24,20:32:29,CLI-022,José García,PROD-014,1,9.21,0.00,EFECTIVO
VTA-002219,2026-04-24,15:59:24,CLI-059,Diana Castro,PROD-026,6,1.46,0.00,PLIN
VTA-002219,2026-04-24,15:59:24,CLI-059,Diana Castro,PROD-007,5,3.40,0.00,PLIN
VTA-002219,2026-04-24,15:59:24,CLI-059,Diana Castro,PROD-006,4,1.94,0.00,PLIN
VTA-002220,2026-04-24,12:44:57,CLI-007,Ana Mendoza,PROD-002,6,4.66,0.00,EFECTIVO
VTA-002220,2026-04-24,12:44:57,CLI-007,Ana Mendoza,PROD-009,5,5.72,0.00,EFECTIVO
VTA-002220,2026-04-24,12:44:57,CLI-007,Ana Mendoza,PROD-016,4,11.15,0.00,EFECTIVO
VTA-002221,2026-04-24,21:31:25,CLI-081,Rosa Rojas,PROD-006,1,1.94,0.00,EFECTIVO
VTA-002221,2026-04-24,21:31:25,CLI-081,Rosa Rojas,PROD-026,3,1.46,0.00,EFECTIVO
VTA-002222,2026-04-24,07:51:22,CLI-096,Víctor Rojas,PROD-026,2,1.46,0.00,PLIN
VTA-002222,2026-04-24,07:51:22,CLI-096,Víctor Rojas,PROD-013,4,2.13,0.00,PLIN
VTA-002223,2026-04-24,12:09:19,CLI-032,Pedro García,PROD-028,4,1.94,0.00,PLIN
VTA-002224,2026-04-25,19:45:44,CLI-011,Elena Mendoza,PROD-028,2,1.94,0.00,EFECTIVO
VTA-002225,2026-04-25,11:53:32,CLI-011,Elena Mendoza,PROD-010,4,3.88,0.00,YAPE
VTA-002225,2026-04-25,11:53:32,CLI-011,Elena Mendoza,PROD-013,4,2.13,0.00,YAPE
VTA-002226,2026-04-25,20:41:21,CLI-035,Milagros García,PROD-031,3,0.39,0.00,EFECTIVO
VTA-002226,2026-04-25,20:41:21,CLI-035,Milagros García,PROD-010,2,3.88,0.33,EFECTIVO
VTA-002227,2026-04-25,19:01:11,CLI-014,Juan Mendoza,PROD-019,1,8.63,0.00,YAPE
VTA-002228,2026-04-25,11:40:29,CLI-004,Luis Mendoza,PROD-008,6,3.10,0.00,EFECTIVO
VTA-002229,2026-04-25,14:53:10,CLI-062,José Díaz,PROD-013,5,2.13,0.00,PLIN
VTA-002229,2026-04-25,14:53:10,CLI-062,José Díaz,PROD-007,2,3.40,0.00,PLIN
VTA-002230,2026-04-25,10:36:28,CLI-008,Jorge Mendoza,PROD-031,2,0.39,0.00,TARJETA
VTA-002230,2026-04-25,10:36:28,CLI-008,Jorge Mendoza,PROD-026,1,1.46,0.11,TARJETA
VTA-002230,2026-04-25,10:36:28,CLI-008,Jorge Mendoza,PROD-010,3,3.88,0.00,TARJETA
VTA-002230,2026-04-25,10:36:28,CLI-008,Jorge Mendoza,PROD-029,5,2.72,0.00,TARJETA
VTA-002231,2026-04-25,20:13:29,CLI-003,María Mendoza,PROD-028,2,1.94,0.00,YAPE
VTA-002231,2026-04-25,20:13:29,CLI-003,María Mendoza,PROD-007,6,3.40,0.00,YAPE
VTA-002231,2026-04-25,20:13:29,CLI-003,María Mendoza,PROD-020,6,6.30,0.00,YAPE
VTA-002232,2026-04-25,08:58:00,CLI-050,Miguel Castro,PROD-014,5,9.21,0.00,EFECTIVO
VTA-002233,2026-04-25,16:08:07,CLI-015,Milagros Mendoza,PROD-031,8,0.39,0.00,EFECTIVO
VTA-002233,2026-04-25,16:08:07,CLI-015,Milagros Mendoza,PROD-019,1,8.63,0.00,EFECTIVO
VTA-002234,2026-04-25,14:31:51,CLI-036,Víctor García,PROD-012,1,7.66,0.00,YAPE
VTA-002235,2026-04-25,20:03:28,CLI-022,José García,PROD-019,6,8.63,0.00,YAPE
VTA-002235,2026-04-25,20:03:28,CLI-022,José García,PROD-010,4,3.88,0.00,YAPE
VTA-002235,2026-04-25,20:03:28,CLI-022,José García,PROD-018,4,4.07,0.00,YAPE
VTA-002236,2026-04-25,14:17:25,CLI-006,Carlos Mendoza,PROD-010,6,3.88,0.00,EFECTIVO
VTA-002236,2026-04-25,14:17:25,CLI-006,Carlos Mendoza,PROD-027,1,2.42,0.07,EFECTIVO
VTA-002236,2026-04-25,14:17:25,CLI-006,Carlos Mendoza,PROD-031,17,0.39,0.00,EFECTIVO
VTA-002236,2026-04-25,14:17:25,CLI-006,Carlos Mendoza,PROD-003,2,10.57,0.00,EFECTIVO
VTA-002237,2026-04-25,13:21:32,CLI-002,José Mendoza,PROD-029,1,2.72,0.00,EFECTIVO
VTA-002237,2026-04-25,13:21:32,CLI-002,José Mendoza,PROD-008,3,3.10,0.00,EFECTIVO
VTA-002237,2026-04-25,13:21:32,CLI-002,José Mendoza,PROD-022,4,3.10,0.00,EFECTIVO
VTA-002237,2026-04-25,13:21:32,CLI-002,José Mendoza,PROD-032,5,6.30,0.00,EFECTIVO
VTA-002238,2026-04-25,14:26:18,CLI-030,Miguel García,PROD-005,6,6.69,0.00,EFECTIVO
VTA-002238,2026-04-25,14:26:18,CLI-030,Miguel García,PROD-026,1,1.46,0.00,EFECTIVO
VTA-002238,2026-04-25,14:26:18,CLI-030,Miguel García,PROD-002,4,4.66,0.00,EFECTIVO
VTA-002239,2026-04-25,15:34:18,CLI-012,Pedro Mendoza,PROD-019,3,8.63,0.00,YAPE
VTA-002239,2026-04-25,15:34:18,CLI-012,Pedro Mendoza,PROD-027,1,2.42,0.00,YAPE
VTA-002240,2026-04-25,15:07:09,CLI-034,Juan García,PROD-006,6,1.94,0.00,EFECTIVO
VTA-002240,2026-04-25,15:07:09,CLI-034,Juan García,PROD-007,4,3.40,0.33,EFECTIVO
VTA-002240,2026-04-25,15:07:09,CLI-034,Juan García,PROD-019,2,8.63,0.00,EFECTIVO
VTA-002241,2026-04-25,13:02:27,CLI-013,Patricia Mendoza,PROD-014,3,9.21,0.00,YAPE
VTA-002242,2026-04-25,16:13:31,CLI-059,Diana Castro,PROD-029,3,2.72,1.13,PLIN
VTA-002243,2026-04-25,15:46:00,CLI-059,Diana Castro,PROD-015,4,8.63,0.00,EFECTIVO
VTA-002244,2026-04-26,20:18:30,CLI-003,María Mendoza,PROD-029,3,2.72,0.00,EFECTIVO
VTA-002244,2026-04-26,20:18:30,CLI-003,María Mendoza,PROD-007,3,3.40,0.00,EFECTIVO
VTA-002245,2026-04-26,12:12:03,CLI-062,José Díaz,PROD-027,2,2.42,0.00,EFECTIVO
VTA-002245,2026-04-26,12:12:03,CLI-062,José Díaz,PROD-022,2,3.10,0.00,EFECTIVO
VTA-002245,2026-04-26,12:12:03,CLI-062,José Díaz,PROD-007,3,3.40,0.00,EFECTIVO
VTA-002246,2026-04-26,17:36:36,CLI-012,Pedro Mendoza,PROD-034,4,4.37,0.00,EFECTIVO
VTA-002246,2026-04-26,17:36:36,CLI-012,Pedro Mendoza,PROD-013,1,2.13,0.00,EFECTIVO
VTA-002247,2026-04-26,19:59:39,CLI-006,Carlos Mendoza,PROD-007,5,3.40,1.27,YAPE
VTA-002247,2026-04-26,19:59:39,CLI-006,Carlos Mendoza,PROD-028,1,1.94,0.00,YAPE
VTA-002248,2026-04-26,18:07:08,CLI-080,Marco Díaz,PROD-002,1,4.66,0.00,EFECTIVO
VTA-002248,2026-04-26,18:07:08,CLI-080,Marco Díaz,PROD-004,5,3.40,0.00,EFECTIVO
VTA-002249,2026-04-26,18:40:23,CLI-038,Renzo García,PROD-026,2,1.46,0.00,EFECTIVO
VTA-002249,2026-04-26,18:40:23,CLI-038,Renzo García,PROD-028,4,1.94,0.00,EFECTIVO
VTA-002249,2026-04-26,18:40:23,CLI-038,Renzo García,PROD-013,1,2.13,0.00,EFECTIVO
VTA-002249,2026-04-26,18:40:23,CLI-038,Renzo García,PROD-004,1,3.40,0.00,EFECTIVO
VTA-002250,2026-04-26,10:03:26,CLI-036,Víctor García,PROD-018,3,4.07,0.00,YAPE
VTA-002250,2026-04-26,10:03:26,CLI-036,Víctor García,PROD-007,6,3.40,0.00,YAPE
VTA-002250,2026-04-26,10:03:26,CLI-036,Víctor García,PROD-015,2,8.63,0.00,YAPE
VTA-002251,2026-04-26,21:25:02,CLI-017,Claudia Mendoza,PROD-027,2,2.42,0.00,YAPE
VTA-002251,2026-04-26,21:25:02,CLI-017,Claudia Mendoza,PROD-014,3,9.21,0.00,YAPE
VTA-002252,2026-04-26,07:33:42,CLI-008,Jorge Mendoza,PROD-017,4,8.24,0.00,YAPE
VTA-002252,2026-04-26,07:33:42,CLI-008,Jorge Mendoza,PROD-027,1,2.42,0.00,YAPE
VTA-002252,2026-04-26,07:33:42,CLI-008,Jorge Mendoza,PROD-004,1,3.40,0.00,YAPE
VTA-002253,2026-04-26,18:00:28,CLI-064,Luis Díaz,PROD-001,3,5.04,0.00,EFECTIVO
VTA-002253,2026-04-26,18:00:28,CLI-064,Luis Díaz,PROD-007,1,3.40,0.00,EFECTIVO
VTA-002254,2026-04-26,07:32:43,CLI-085,Carmen Rojas,PROD-013,4,2.13,0.00,EFECTIVO
VTA-002254,2026-04-26,07:32:43,CLI-085,Carmen Rojas,PROD-029,6,2.72,0.00,EFECTIVO
VTA-002254,2026-04-26,07:32:43,CLI-085,Carmen Rojas,PROD-031,15,0.39,0.00,EFECTIVO
VTA-002255,2026-04-26,16:08:45,CLI-048,Jorge Castro,PROD-007,6,3.40,0.00,TARJETA
VTA-002255,2026-04-26,16:08:45,CLI-048,Jorge Castro,PROD-016,6,11.15,0.00,TARJETA
VTA-002255,2026-04-26,16:08:45,CLI-048,Jorge Castro,PROD-002,1,4.66,0.00,TARJETA
VTA-002256,2026-04-26,08:41:06,CLI-005,Carmen Mendoza,PROD-012,3,7.66,0.00,EFECTIVO
VTA-002256,2026-04-26,08:41:06,CLI-005,Carmen Mendoza,PROD-026,6,1.46,0.00,EFECTIVO
VTA-002256,2026-04-26,08:41:06,CLI-005,Carmen Mendoza,PROD-031,10,0.39,0.00,EFECTIVO
VTA-002257,2026-04-26,18:36:41,CLI-100,Marco Rojas,PROD-034,2,4.37,0.00,EFECTIVO
VTA-002257,2026-04-26,18:36:41,CLI-100,Marco Rojas,PROD-011,3,4.37,0.00,EFECTIVO
VTA-002257,2026-04-26,18:36:41,CLI-100,Marco Rojas,PROD-013,2,2.13,0.38,EFECTIVO
VTA-002258,2026-04-26,09:08:17,CLI-007,Ana Mendoza,PROD-010,4,3.88,0.00,EFECTIVO
VTA-002258,2026-04-26,09:08:17,CLI-007,Ana Mendoza,PROD-019,3,8.63,0.00,EFECTIVO
VTA-002259,2026-04-26,07:11:46,CLI-066,Carlos Díaz,PROD-031,19,0.39,0.00,YAPE
VTA-002259,2026-04-26,07:11:46,CLI-066,Carlos Díaz,PROD-029,1,2.72,0.00,YAPE
VTA-002259,2026-04-26,07:11:46,CLI-066,Carlos Díaz,PROD-013,5,2.13,0.00,YAPE
VTA-002260,2026-04-26,18:50:23,CLI-006,Carlos Mendoza,PROD-011,5,4.37,0.00,EFECTIVO
VTA-002260,2026-04-26,18:50:23,CLI-006,Carlos Mendoza,PROD-031,12,0.39,0.00,EFECTIVO
VTA-002260,2026-04-26,18:50:23,CLI-006,Carlos Mendoza,PROD-028,4,1.94,0.00,EFECTIVO
VTA-002260,2026-04-26,18:50:23,CLI-006,Carlos Mendoza,PROD-010,3,3.88,0.00,EFECTIVO
VTA-002261,2026-04-26,15:05:58,CLI-077,Claudia Díaz,PROD-018,4,4.07,1.74,TARJETA
VTA-002261,2026-04-26,15:05:58,CLI-077,Claudia Díaz,PROD-001,4,5.04,0.00,TARJETA
VTA-002262,2026-04-26,10:35:59,CLI-001,Rosa Mendoza,PROD-001,6,5.04,0.00,EFECTIVO
VTA-002262,2026-04-26,10:35:59,CLI-001,Rosa Mendoza,PROD-026,3,1.46,0.63,EFECTIVO
VTA-002262,2026-04-26,10:35:59,CLI-001,Rosa Mendoza,PROD-029,2,2.72,0.00,EFECTIVO
VTA-002263,2026-04-26,07:01:27,CLI-008,Jorge Mendoza,PROD-012,4,7.66,0.00,EFECTIVO
VTA-002263,2026-04-26,07:01:27,CLI-008,Jorge Mendoza,PROD-011,4,4.37,0.00,EFECTIVO
VTA-002264,2026-04-26,11:15:39,CLI-045,Carmen Castro,PROD-022,6,3.10,0.00,EFECTIVO
VTA-002264,2026-04-26,11:15:39,CLI-045,Carmen Castro,PROD-019,1,8.63,0.89,EFECTIVO
VTA-002265,2026-04-26,11:37:19,CLI-012,Pedro Mendoza,PROD-001,4,5.04,0.00,EFECTIVO
VTA-002265,2026-04-26,11:37:19,CLI-012,Pedro Mendoza,PROD-022,2,3.10,0.00,EFECTIVO
VTA-002265,2026-04-26,11:37:19,CLI-012,Pedro Mendoza,PROD-011,4,4.37,0.00,EFECTIVO
VTA-002266,2026-04-26,12:26:37,CLI-080,Marco Díaz,PROD-019,6,8.63,0.00,EFECTIVO
VTA-002267,2026-04-26,17:29:18,CLI-088,Jorge Rojas,PROD-031,19,0.39,0.00,EFECTIVO
VTA-002267,2026-04-26,17:29:18,CLI-088,Jorge Rojas,PROD-015,2,8.63,0.00,EFECTIVO
VTA-002267,2026-04-26,17:29:18,CLI-088,Jorge Rojas,PROD-011,2,4.37,0.00,EFECTIVO
VTA-002267,2026-04-26,17:29:18,CLI-088,Jorge Rojas,PROD-003,1,10.57,0.00,EFECTIVO
VTA-002268,2026-04-27,10:01:44,CLI-028,Jorge García,PROD-012,2,7.66,0.00,YAPE
VTA-002268,2026-04-27,10:01:44,CLI-028,Jorge García,PROD-016,3,11.15,0.00,YAPE
VTA-002268,2026-04-27,10:01:44,CLI-028,Jorge García,PROD-031,13,0.39,0.00,YAPE
VTA-002269,2026-04-27,07:01:43,CLI-070,Miguel Díaz,PROD-034,5,4.37,0.00,YAPE
VTA-002269,2026-04-27,07:01:43,CLI-070,Miguel Díaz,PROD-009,5,5.72,0.00,YAPE
VTA-002270,2026-04-27,20:21:51,CLI-053,Patricia Castro,PROD-006,6,1.94,0.00,YAPE
VTA-002271,2026-04-27,08:05:25,CLI-065,Carmen Díaz,PROD-006,4,1.94,0.00,EFECTIVO
VTA-002271,2026-04-27,08:05:25,CLI-065,Carmen Díaz,PROD-026,1,1.46,0.00,EFECTIVO
VTA-002272,2026-04-27,15:04:34,CLI-043,María Castro,PROD-016,1,11.15,0.00,TARJETA
VTA-002272,2026-04-27,15:04:34,CLI-043,María Castro,PROD-027,4,2.42,0.00,TARJETA
VTA-002272,2026-04-27,15:04:34,CLI-043,María Castro,PROD-031,15,0.39,0.00,TARJETA
VTA-002272,2026-04-27,15:04:34,CLI-043,María Castro,PROD-015,3,8.63,0.00,TARJETA
VTA-002272,2026-04-27,15:04:34,CLI-043,María Castro,PROD-011,3,4.37,0.00,TARJETA
VTA-002273,2026-04-27,21:38:23,CLI-011,Elena Mendoza,PROD-007,2,3.40,0.00,PLIN
VTA-002273,2026-04-27,21:38:23,CLI-011,Elena Mendoza,PROD-002,6,4.66,0.00,PLIN
VTA-002274,2026-04-27,13:05:42,CLI-067,Ana Díaz,PROD-010,4,3.88,1.64,EFECTIVO
VTA-002274,2026-04-27,13:05:42,CLI-067,Ana Díaz,PROD-011,4,4.37,0.00,EFECTIVO
VTA-002275,2026-04-27,12:15:02,CLI-042,José Castro,PROD-034,5,4.37,0.00,YAPE
VTA-002276,2026-04-27,10:47:37,CLI-008,Jorge Mendoza,PROD-022,6,3.10,0.00,EFECTIVO
VTA-002276,2026-04-27,10:47:37,CLI-008,Jorge Mendoza,PROD-017,2,8.24,0.00,EFECTIVO
VTA-002276,2026-04-27,10:47:37,CLI-008,Jorge Mendoza,PROD-031,7,0.39,0.00,EFECTIVO
VTA-002277,2026-04-27,12:20:45,CLI-005,Carmen Mendoza,PROD-001,5,5.04,0.00,EFECTIVO
VTA-002277,2026-04-27,12:20:45,CLI-005,Carmen Mendoza,PROD-011,2,4.37,0.00,EFECTIVO
VTA-002277,2026-04-27,12:20:45,CLI-005,Carmen Mendoza,PROD-007,1,3.40,0.07,EFECTIVO
VTA-002278,2026-04-27,20:01:22,CLI-022,José García,PROD-019,1,8.63,0.32,EFECTIVO
VTA-002278,2026-04-27,20:01:22,CLI-022,José García,PROD-007,2,3.40,0.00,EFECTIVO
VTA-002279,2026-04-27,19:08:48,CLI-021,Rosa García,PROD-005,5,6.69,0.00,TARJETA
VTA-002280,2026-04-27,19:51:58,CLI-043,María Castro,PROD-034,6,4.37,0.00,YAPE
VTA-002280,2026-04-27,19:51:58,CLI-043,María Castro,PROD-001,2,5.04,0.00,YAPE
VTA-002280,2026-04-27,19:51:58,CLI-043,María Castro,PROD-033,2,9.60,1.21,YAPE
VTA-002280,2026-04-27,19:51:58,CLI-043,María Castro,PROD-019,6,8.63,0.00,YAPE
VTA-002281,2026-04-27,21:47:57,CLI-012,Pedro Mendoza,PROD-008,6,3.10,0.00,YAPE
VTA-002282,2026-04-27,14:00:30,CLI-046,Carlos Castro,PROD-003,6,10.57,0.00,YAPE
VTA-002282,2026-04-27,14:00:30,CLI-046,Carlos Castro,PROD-004,2,3.40,0.00,YAPE
VTA-002282,2026-04-27,14:00:30,CLI-046,Carlos Castro,PROD-028,2,1.94,0.00,YAPE
VTA-002283,2026-04-27,08:42:30,CLI-023,María García,PROD-006,1,1.94,0.00,YAPE
VTA-002283,2026-04-27,08:42:30,CLI-023,María García,PROD-004,6,3.40,0.00,YAPE
VTA-002284,2026-04-27,16:01:15,CLI-077,Claudia Díaz,PROD-031,15,0.39,0.00,PLIN
VTA-002284,2026-04-27,16:01:15,CLI-077,Claudia Díaz,PROD-008,2,3.10,0.00,PLIN
VTA-002285,2026-04-28,15:07:24,CLI-016,Víctor Mendoza,PROD-031,15,0.39,0.71,EFECTIVO
VTA-002286,2026-04-28,16:50:24,CLI-030,Miguel García,PROD-004,4,3.40,0.00,EFECTIVO
VTA-002286,2026-04-28,16:50:24,CLI-030,Miguel García,PROD-006,3,1.94,0.00,EFECTIVO
VTA-002286,2026-04-28,16:50:24,CLI-030,Miguel García,PROD-032,4,6.30,0.00,EFECTIVO
VTA-002287,2026-04-28,13:44:37,CLI-008,Jorge Mendoza,PROD-006,1,1.94,0.19,YAPE
VTA-002287,2026-04-28,13:44:37,CLI-008,Jorge Mendoza,PROD-011,1,4.37,0.00,YAPE
VTA-002287,2026-04-28,13:44:37,CLI-008,Jorge Mendoza,PROD-031,11,0.39,0.00,YAPE
VTA-002288,2026-04-28,10:18:30,CLI-012,Pedro Mendoza,PROD-006,3,1.94,0.00,EFECTIVO
VTA-002289,2026-04-28,12:22:34,CLI-004,Luis Mendoza,PROD-032,6,6.30,0.00,EFECTIVO
VTA-002289,2026-04-28,12:22:34,CLI-004,Luis Mendoza,PROD-031,16,0.39,0.00,EFECTIVO
VTA-002290,2026-04-28,20:21:49,CLI-044,Luis Castro,PROD-005,3,6.69,0.00,YAPE
VTA-002291,2026-04-28,12:50:35,CLI-031,Elena García,PROD-006,4,1.94,0.00,YAPE
VTA-002291,2026-04-28,12:50:35,CLI-031,Elena García,PROD-034,6,4.37,0.00,YAPE
VTA-002291,2026-04-28,12:50:35,CLI-031,Elena García,PROD-028,5,1.94,0.00,YAPE
VTA-002292,2026-04-28,10:56:39,CLI-011,Elena Mendoza,PROD-018,2,4.07,0.00,YAPE
VTA-002292,2026-04-28,10:56:39,CLI-011,Elena Mendoza,PROD-002,4,4.66,0.00,YAPE
VTA-002293,2026-04-28,19:22:45,CLI-019,Diana Mendoza,PROD-002,2,4.66,0.00,EFECTIVO
VTA-002293,2026-04-28,19:22:45,CLI-019,Diana Mendoza,PROD-026,5,1.46,0.00,EFECTIVO
VTA-002294,2026-04-28,21:11:49,CLI-013,Patricia Mendoza,PROD-031,13,0.39,0.00,EFECTIVO
VTA-002294,2026-04-28,21:11:49,CLI-013,Patricia Mendoza,PROD-003,3,10.57,0.00,EFECTIVO
VTA-002294,2026-04-28,21:11:49,CLI-013,Patricia Mendoza,PROD-006,5,1.94,0.00,EFECTIVO
VTA-002295,2026-04-28,14:48:06,CLI-027,Ana García,PROD-001,2,5.04,0.00,EFECTIVO
VTA-002295,2026-04-28,14:48:06,CLI-027,Ana García,PROD-009,5,5.72,0.00,EFECTIVO
VTA-002296,2026-04-28,16:42:27,CLI-010,Miguel Mendoza,PROD-005,3,6.69,0.00,TARJETA
VTA-002296,2026-04-28,16:42:27,CLI-010,Miguel Mendoza,PROD-031,8,0.39,0.00,TARJETA
VTA-002297,2026-04-28,21:50:25,CLI-004,Luis Mendoza,PROD-011,2,4.37,1.10,YAPE
VTA-002298,2026-04-28,09:09:54,CLI-043,María Castro,PROD-003,5,10.57,0.00,YAPE
VTA-002298,2026-04-28,09:09:54,CLI-043,María Castro,PROD-028,4,1.94,0.00,YAPE
VTA-002299,2026-04-29,17:23:55,CLI-008,Jorge Mendoza,PROD-011,5,4.37,0.00,YAPE
VTA-002299,2026-04-29,17:23:55,CLI-008,Jorge Mendoza,PROD-004,6,3.40,0.00,YAPE
VTA-002299,2026-04-29,17:23:55,CLI-008,Jorge Mendoza,PROD-019,5,8.63,0.00,YAPE
VTA-002300,2026-04-29,16:30:30,CLI-038,Renzo García,PROD-032,2,6.30,0.00,PLIN
VTA-002300,2026-04-29,16:30:30,CLI-038,Renzo García,PROD-010,6,3.88,0.00,PLIN
VTA-002300,2026-04-29,16:30:30,CLI-038,Renzo García,PROD-028,1,1.94,0.00,PLIN
VTA-002300,2026-04-29,16:30:30,CLI-038,Renzo García,PROD-002,3,4.66,0.00,PLIN
VTA-002301,2026-04-29,07:38:59,CLI-085,Carmen Rojas,PROD-029,3,2.72,0.00,EFECTIVO
VTA-002301,2026-04-29,07:38:59,CLI-085,Carmen Rojas,PROD-006,5,1.94,0.00,EFECTIVO
VTA-002302,2026-04-29,21:31:03,CLI-009,Lucía Mendoza,PROD-011,5,4.37,3.04,EFECTIVO
VTA-002303,2026-04-29,13:08:40,CLI-003,María Mendoza,PROD-019,4,8.63,0.00,PLIN
VTA-002303,2026-04-29,13:08:40,CLI-003,María Mendoza,PROD-018,4,4.07,0.00,PLIN
VTA-002303,2026-04-29,13:08:40,CLI-003,María Mendoza,PROD-032,3,6.30,0.00,PLIN
VTA-002303,2026-04-29,13:08:40,CLI-003,María Mendoza,PROD-027,1,2.42,0.00,PLIN
VTA-002303,2026-04-29,13:08:40,CLI-003,María Mendoza,PROD-022,6,3.10,0.00,PLIN
VTA-002304,2026-04-29,09:58:59,CLI-002,José Mendoza,PROD-001,3,5.04,0.00,EFECTIVO
VTA-002305,2026-04-29,18:59:36,CLI-047,Ana Castro,PROD-012,3,7.66,0.00,EFECTIVO
VTA-002305,2026-04-29,18:59:36,CLI-047,Ana Castro,PROD-013,4,2.13,0.00,EFECTIVO
VTA-002306,2026-04-29,20:05:13,CLI-059,Diana Castro,PROD-026,4,1.46,0.00,EFECTIVO
VTA-002306,2026-04-29,20:05:13,CLI-059,Diana Castro,PROD-016,1,11.15,0.00,EFECTIVO
VTA-002306,2026-04-29,20:05:13,CLI-059,Diana Castro,PROD-008,4,3.10,0.00,EFECTIVO
VTA-002306,2026-04-29,20:05:13,CLI-059,Diana Castro,PROD-034,4,4.37,0.35,EFECTIVO
VTA-002307,2026-04-29,16:30:30,CLI-009,Lucía Mendoza,PROD-004,3,3.40,0.49,EFECTIVO
VTA-002308,2026-04-29,15:22:25,CLI-076,Víctor Díaz,PROD-006,5,1.94,0.00,EFECTIVO
VTA-002309,2026-04-29,19:33:04,CLI-003,María Mendoza,PROD-032,5,6.30,0.00,PLIN
VTA-002309,2026-04-29,19:33:04,CLI-003,María Mendoza,PROD-026,1,1.46,0.11,PLIN
VTA-002310,2026-04-29,21:43:02,CLI-007,Ana Mendoza,PROD-004,4,3.40,0.00,TARJETA
VTA-002311,2026-04-29,18:04:07,CLI-005,Carmen Mendoza,PROD-006,6,1.94,0.33,EFECTIVO
VTA-002311,2026-04-29,18:04:07,CLI-005,Carmen Mendoza,PROD-010,3,3.88,0.00,EFECTIVO
VTA-002311,2026-04-29,18:04:07,CLI-005,Carmen Mendoza,PROD-026,3,1.46,0.00,EFECTIVO
VTA-002312,2026-04-29,15:43:08,CLI-011,Elena Mendoza,PROD-010,1,3.88,0.00,PLIN
VTA-002312,2026-04-29,15:43:08,CLI-011,Elena Mendoza,PROD-027,3,2.42,0.00,PLIN
VTA-002313,2026-04-29,07:51:19,CLI-084,Luis Rojas,PROD-032,2,6.30,0.00,EFECTIVO
VTA-002314,2026-04-29,13:50:22,CLI-082,José Rojas,PROD-003,4,10.57,0.00,TARJETA
VTA-002314,2026-04-29,13:50:22,CLI-082,José Rojas,PROD-011,1,4.37,0.49,TARJETA
VTA-002315,2026-04-29,18:16:18,CLI-044,Luis Castro,PROD-004,6,3.40,0.00,EFECTIVO
VTA-002315,2026-04-29,18:16:18,CLI-044,Luis Castro,PROD-022,3,3.10,0.00,EFECTIVO
VTA-002315,2026-04-29,18:16:18,CLI-044,Luis Castro,PROD-001,3,5.04,0.00,EFECTIVO
VTA-002316,2026-04-29,07:00:51,CLI-036,Víctor García,PROD-026,2,1.46,0.00,EFECTIVO
VTA-002316,2026-04-29,07:00:51,CLI-036,Víctor García,PROD-034,5,4.37,0.00,EFECTIVO
VTA-002316,2026-04-29,07:00:51,CLI-036,Víctor García,PROD-006,2,1.94,0.00,EFECTIVO
VTA-002316,2026-04-29,07:00:51,CLI-036,Víctor García,PROD-002,3,4.66,0.00,EFECTIVO
VTA-002317,2026-04-30,10:46:35,CLI-075,Milagros Díaz,PROD-026,2,1.46,0.00,PLIN
VTA-002318,2026-04-30,18:36:19,CLI-035,Milagros García,PROD-006,1,1.94,0.00,YAPE
VTA-002318,2026-04-30,18:36:19,CLI-035,Milagros García,PROD-017,5,8.24,0.00,YAPE
VTA-002318,2026-04-30,18:36:19,CLI-035,Milagros García,PROD-027,3,2.42,0.00,YAPE
VTA-002318,2026-04-30,18:36:19,CLI-035,Milagros García,PROD-019,2,8.63,0.00,YAPE
VTA-002318,2026-04-30,18:36:19,CLI-035,Milagros García,PROD-001,4,5.04,0.00,YAPE
VTA-002319,2026-04-30,13:29:18,CLI-071,Elena Díaz,PROD-003,1,10.57,0.00,EFECTIVO
VTA-002320,2026-04-30,20:51:18,CLI-010,Miguel Mendoza,PROD-010,3,3.88,0.00,YAPE
VTA-002320,2026-04-30,20:51:18,CLI-010,Miguel Mendoza,PROD-031,8,0.39,0.00,YAPE
VTA-002320,2026-04-30,20:51:18,CLI-010,Miguel Mendoza,PROD-004,6,3.40,0.00,YAPE
VTA-002321,2026-04-30,18:27:36,CLI-002,José Mendoza,PROD-018,4,4.07,0.00,EFECTIVO
VTA-002321,2026-04-30,18:27:36,CLI-002,José Mendoza,PROD-010,6,3.88,0.00,EFECTIVO
VTA-002322,2026-04-30,21:55:19,CLI-021,Rosa García,PROD-015,6,8.63,0.00,YAPE
VTA-002322,2026-04-30,21:55:19,CLI-021,Rosa García,PROD-016,4,11.15,0.00,YAPE
VTA-002323,2026-04-30,20:53:43,CLI-007,Ana Mendoza,PROD-033,6,9.60,7.98,EFECTIVO
VTA-002323,2026-04-30,20:53:43,CLI-007,Ana Mendoza,PROD-003,1,10.57,0.00,EFECTIVO
VTA-002324,2026-04-30,11:23:30,CLI-050,Miguel Castro,PROD-008,5,3.10,0.00,PLIN
VTA-002324,2026-04-30,11:23:30,CLI-050,Miguel Castro,PROD-013,3,2.13,0.00,PLIN
VTA-002325,2026-04-30,17:30:30,CLI-032,Pedro García,PROD-029,2,2.72,0.00,EFECTIVO
VTA-002325,2026-04-30,17:30:30,CLI-032,Pedro García,PROD-005,1,6.69,0.63,EFECTIVO
VTA-002325,2026-04-30,17:30:30,CLI-032,Pedro García,PROD-019,5,8.63,5.03,EFECTIVO
VTA-002326,2026-04-30,10:53:07,CLI-011,Elena Mendoza,PROD-018,3,4.07,0.00,EFECTIVO
VTA-002326,2026-04-30,10:53:07,CLI-011,Elena Mendoza,PROD-015,6,8.63,0.00,EFECTIVO
VTA-002326,2026-04-30,10:53:07,CLI-011,Elena Mendoza,PROD-006,4,1.94,0.00,EFECTIVO
VTA-002327,2026-04-30,16:00:33,CLI-018,Renzo Mendoza,PROD-027,4,2.42,0.00,EFECTIVO
VTA-002327,2026-04-30,16:00:33,CLI-018,Renzo Mendoza,PROD-007,5,3.40,0.00,EFECTIVO
VTA-002327,2026-04-30,16:00:33,CLI-018,Renzo Mendoza,PROD-009,5,5.72,0.00,EFECTIVO
VTA-002328,2026-04-30,12:54:19,CLI-048,Jorge Castro,PROD-003,1,10.57,0.00,PLIN
VTA-002328,2026-04-30,12:54:19,CLI-048,Jorge Castro,PROD-006,5,1.94,0.36,PLIN
VTA-002328,2026-04-30,12:54:19,CLI-048,Jorge Castro,PROD-009,6,5.72,0.00,PLIN
VTA-002329,2026-04-30,21:00:41,CLI-029,Lucía García,PROD-011,1,4.37,0.00,YAPE
VTA-002329,2026-04-30,21:00:41,CLI-029,Lucía García,PROD-023,3,7.27,0.00,YAPE
VTA-002329,2026-04-30,21:00:41,CLI-029,Lucía García,PROD-005,4,6.69,0.00,YAPE
VTA-002330,2026-04-30,14:07:18,CLI-026,Carlos García,PROD-022,5,3.10,0.00,YAPE
VTA-002331,2026-04-30,13:09:34,CLI-021,Rosa García,PROD-031,16,0.39,0.00,YAPE
VTA-002331,2026-04-30,13:09:34,CLI-021,Rosa García,PROD-032,1,6.30,0.00,YAPE
VTA-002331,2026-04-30,13:09:34,CLI-021,Rosa García,PROD-027,2,2.42,0.00,YAPE
VTA-002331,2026-04-30,13:09:34,CLI-021,Rosa García,PROD-018,5,4.07,0.00,YAPE
VTA-002332,2026-05-01,16:17:57,CLI-055,Milagros Castro,PROD-027,1,2.48,0.00,YAPE
VTA-002332,2026-05-01,16:17:57,CLI-055,Milagros Castro,PROD-003,6,10.79,0.00,YAPE
VTA-002333,2026-05-01,18:12:32,CLI-061,Rosa Díaz,PROD-027,6,2.48,0.00,YAPE
VTA-002333,2026-05-01,18:12:32,CLI-061,Rosa Díaz,PROD-011,3,4.46,0.00,YAPE
VTA-002334,2026-05-01,16:01:14,CLI-019,Diana Mendoza,PROD-008,2,3.17,0.00,PLIN
VTA-002334,2026-05-01,16:01:14,CLI-019,Diana Mendoza,PROD-019,1,8.81,0.00,PLIN
VTA-002334,2026-05-01,16:01:14,CLI-019,Diana Mendoza,PROD-028,3,1.98,0.00,PLIN
VTA-002334,2026-05-01,16:01:14,CLI-019,Diana Mendoza,PROD-004,5,3.46,0.00,PLIN
VTA-002335,2026-05-01,13:38:41,CLI-052,Pedro Castro,PROD-018,1,4.16,0.00,EFECTIVO
VTA-002335,2026-05-01,13:38:41,CLI-052,Pedro Castro,PROD-027,6,2.48,0.00,EFECTIVO
VTA-002335,2026-05-01,13:38:41,CLI-052,Pedro Castro,PROD-011,4,4.46,0.00,EFECTIVO
VTA-002336,2026-05-01,17:25:28,CLI-043,María Castro,PROD-026,6,1.48,0.00,PLIN
VTA-002336,2026-05-01,17:25:28,CLI-043,María Castro,PROD-006,5,1.98,0.00,PLIN
VTA-002337,2026-05-01,16:04:33,CLI-010,Miguel Mendoza,PROD-010,3,3.96,0.00,YAPE
VTA-002338,2026-05-01,11:11:23,CLI-098,Renzo Rojas,PROD-007,5,3.46,0.00,YAPE
VTA-002338,2026-05-01,11:11:23,CLI-098,Renzo Rojas,PROD-008,2,3.17,0.00,YAPE
VTA-002338,2026-05-01,11:11:23,CLI-098,Renzo Rojas,PROD-023,1,7.42,0.00,YAPE
VTA-002339,2026-05-01,16:16:31,CLI-060,Marco Castro,PROD-028,2,1.98,0.00,YAPE
VTA-002339,2026-05-01,16:16:31,CLI-060,Marco Castro,PROD-008,5,3.17,0.00,YAPE
VTA-002339,2026-05-01,16:16:31,CLI-060,Marco Castro,PROD-027,5,2.48,0.00,YAPE
VTA-002339,2026-05-01,16:16:31,CLI-060,Marco Castro,PROD-006,3,1.98,0.00,YAPE
VTA-002340,2026-05-01,17:24:24,CLI-022,José García,PROD-027,2,2.48,0.00,YAPE
VTA-002340,2026-05-01,17:24:24,CLI-022,José García,PROD-029,6,2.77,0.00,YAPE
VTA-002340,2026-05-01,17:24:24,CLI-022,José García,PROD-022,5,3.17,0.00,YAPE
VTA-002341,2026-05-01,19:11:29,CLI-035,Milagros García,PROD-003,5,10.79,0.00,EFECTIVO
VTA-002341,2026-05-01,19:11:29,CLI-035,Milagros García,PROD-032,2,6.43,0.00,EFECTIVO
VTA-002341,2026-05-01,19:11:29,CLI-035,Milagros García,PROD-028,4,1.98,0.00,EFECTIVO
VTA-002341,2026-05-01,19:11:29,CLI-035,Milagros García,PROD-011,3,4.46,0.00,EFECTIVO
VTA-002341,2026-05-01,19:11:29,CLI-035,Milagros García,PROD-004,2,3.46,0.00,EFECTIVO
VTA-002342,2026-05-01,19:23:09,CLI-017,Claudia Mendoza,PROD-019,6,8.81,0.00,TARJETA
VTA-002342,2026-05-01,19:23:09,CLI-017,Claudia Mendoza,PROD-012,5,7.82,0.00,TARJETA
VTA-002342,2026-05-01,19:23:09,CLI-017,Claudia Mendoza,PROD-017,1,8.41,0.00,TARJETA
VTA-002343,2026-05-01,13:24:04,CLI-025,Carmen García,PROD-026,3,1.48,0.00,YAPE
VTA-002343,2026-05-01,13:24:04,CLI-025,Carmen García,PROD-001,5,5.15,2.54,YAPE
VTA-002343,2026-05-01,13:24:04,CLI-025,Carmen García,PROD-018,1,4.16,0.00,YAPE
VTA-002343,2026-05-01,13:24:04,CLI-025,Carmen García,PROD-014,1,9.40,0.00,YAPE
VTA-002344,2026-05-01,17:14:08,CLI-069,Lucía Díaz,PROD-002,5,4.75,0.00,EFECTIVO
VTA-002345,2026-05-01,15:57:27,CLI-010,Miguel Mendoza,PROD-015,6,8.81,1.18,EFECTIVO
VTA-002345,2026-05-01,15:57:27,CLI-010,Miguel Mendoza,PROD-016,2,11.38,0.00,EFECTIVO
VTA-002346,2026-05-01,20:18:15,CLI-030,Miguel García,PROD-018,1,4.16,0.00,YAPE
VTA-002346,2026-05-01,20:18:15,CLI-030,Miguel García,PROD-031,6,0.40,0.11,YAPE
VTA-002346,2026-05-01,20:18:15,CLI-030,Miguel García,PROD-002,6,4.75,0.00,YAPE
VTA-002346,2026-05-01,20:18:15,CLI-030,Miguel García,PROD-005,5,6.83,0.00,YAPE
VTA-002347,2026-05-01,08:59:27,CLI-069,Lucía Díaz,PROD-026,2,1.48,0.00,EFECTIVO
VTA-002347,2026-05-01,08:59:27,CLI-069,Lucía Díaz,PROD-018,2,4.16,0.00,EFECTIVO
VTA-002348,2026-05-01,07:18:14,CLI-044,Luis Castro,PROD-013,1,2.18,0.24,TARJETA
VTA-002348,2026-05-01,07:18:14,CLI-044,Luis Castro,PROD-010,5,3.96,0.00,TARJETA
VTA-002349,2026-05-01,07:33:29,CLI-060,Marco Castro,PROD-001,4,5.15,0.00,TARJETA
VTA-002349,2026-05-01,07:33:29,CLI-060,Marco Castro,PROD-022,1,3.17,0.00,TARJETA
VTA-002350,2026-05-01,17:41:52,CLI-018,Renzo Mendoza,PROD-009,4,5.84,0.00,PLIN
VTA-002350,2026-05-01,17:41:52,CLI-018,Renzo Mendoza,PROD-016,1,11.38,0.00,PLIN
VTA-002351,2026-05-01,09:09:48,CLI-058,Renzo Castro,PROD-031,5,0.40,0.22,EFECTIVO
VTA-002351,2026-05-01,09:09:48,CLI-058,Renzo Castro,PROD-029,2,2.77,0.00,EFECTIVO
VTA-002352,2026-05-01,09:13:42,CLI-070,Miguel Díaz,PROD-019,3,8.81,0.00,EFECTIVO
VTA-002352,2026-05-01,09:13:42,CLI-070,Miguel Díaz,PROD-018,3,4.16,0.00,EFECTIVO
VTA-002353,2026-05-01,11:02:34,CLI-033,Patricia García,PROD-028,5,1.98,0.00,PLIN
VTA-002353,2026-05-01,11:02:34,CLI-033,Patricia García,PROD-031,8,0.40,0.00,PLIN
VTA-002353,2026-05-01,11:02:34,CLI-033,Patricia García,PROD-007,6,3.46,0.00,PLIN
VTA-002354,2026-05-02,21:36:03,CLI-006,Carlos Mendoza,PROD-007,1,3.46,0.26,YAPE
VTA-002355,2026-05-02,15:21:31,CLI-006,Carlos Mendoza,PROD-031,13,0.40,0.00,YAPE
VTA-002355,2026-05-02,15:21:31,CLI-006,Carlos Mendoza,PROD-004,5,3.46,0.00,YAPE
VTA-002355,2026-05-02,15:21:31,CLI-006,Carlos Mendoza,PROD-019,2,8.81,0.00,YAPE
VTA-002355,2026-05-02,15:21:31,CLI-006,Carlos Mendoza,PROD-011,4,4.46,0.00,YAPE
VTA-002356,2026-05-02,10:08:59,CLI-031,Elena García,PROD-001,6,5.15,0.00,TARJETA
VTA-002356,2026-05-02,10:08:59,CLI-031,Elena García,PROD-032,4,6.43,0.00,TARJETA
VTA-002356,2026-05-02,10:08:59,CLI-031,Elena García,PROD-031,9,0.40,0.00,TARJETA
VTA-002357,2026-05-02,13:19:01,CLI-058,Renzo Castro,PROD-020,1,6.43,0.00,EFECTIVO
VTA-002358,2026-05-02,20:22:15,CLI-039,Diana García,PROD-002,3,4.75,1.53,EFECTIVO
VTA-002359,2026-05-02,14:56:45,CLI-013,Patricia Mendoza,PROD-002,2,4.75,0.00,YAPE
VTA-002360,2026-05-02,11:40:56,CLI-029,Lucía García,PROD-031,5,0.40,0.00,EFECTIVO
VTA-002360,2026-05-02,11:40:56,CLI-029,Lucía García,PROD-010,3,3.96,0.00,EFECTIVO
VTA-002360,2026-05-02,11:40:56,CLI-029,Lucía García,PROD-029,5,2.77,0.00,EFECTIVO
VTA-002361,2026-05-02,16:40:14,CLI-024,Luis García,PROD-001,2,5.15,0.00,PLIN
VTA-002361,2026-05-02,16:40:14,CLI-024,Luis García,PROD-006,2,1.98,0.00,PLIN
VTA-002361,2026-05-02,16:40:14,CLI-024,Luis García,PROD-005,5,6.83,0.00,PLIN
VTA-002361,2026-05-02,16:40:14,CLI-024,Luis García,PROD-031,6,0.40,0.00,PLIN
VTA-002361,2026-05-02,16:40:14,CLI-024,Luis García,PROD-028,6,1.98,0.00,PLIN
VTA-002362,2026-05-02,20:01:18,CLI-055,Milagros Castro,PROD-028,5,1.98,0.00,EFECTIVO
VTA-002363,2026-05-02,18:49:33,CLI-093,Patricia Rojas,PROD-014,2,9.40,0.52,EFECTIVO
VTA-002364,2026-05-02,11:37:59,CLI-011,Elena Mendoza,PROD-023,1,7.42,0.00,EFECTIVO
VTA-002365,2026-05-02,21:51:45,CLI-055,Milagros Castro,PROD-001,3,5.15,0.00,EFECTIVO
VTA-002365,2026-05-02,21:51:45,CLI-055,Milagros Castro,PROD-028,6,1.98,0.79,EFECTIVO
VTA-002366,2026-05-02,07:03:54,CLI-011,Elena Mendoza,PROD-009,2,5.84,0.00,PLIN
VTA-002367,2026-05-02,17:51:42,CLI-032,Pedro García,PROD-018,4,4.16,0.00,EFECTIVO
VTA-002368,2026-05-02,10:04:40,CLI-040,Marco García,PROD-006,5,1.98,0.00,EFECTIVO
VTA-002369,2026-05-02,07:26:53,CLI-053,Patricia Castro,PROD-029,3,2.77,0.00,YAPE
VTA-002369,2026-05-02,07:26:53,CLI-053,Patricia Castro,PROD-009,2,5.84,0.00,YAPE
VTA-002370,2026-05-02,18:47:07,CLI-039,Diana García,PROD-031,15,0.40,0.88,EFECTIVO
VTA-002370,2026-05-02,18:47:07,CLI-039,Diana García,PROD-006,1,1.98,0.16,EFECTIVO
VTA-002370,2026-05-02,18:47:07,CLI-039,Diana García,PROD-016,2,11.38,0.00,EFECTIVO
VTA-002370,2026-05-02,18:47:07,CLI-039,Diana García,PROD-027,2,2.48,0.00,EFECTIVO
VTA-002371,2026-05-02,08:22:42,CLI-042,José Castro,PROD-018,1,4.16,0.00,EFECTIVO
VTA-002372,2026-05-02,14:47:03,CLI-019,Diana Mendoza,PROD-006,6,1.98,0.00,PLIN
VTA-002373,2026-05-02,13:04:07,CLI-061,Rosa Díaz,PROD-003,4,10.79,0.00,YAPE
VTA-002373,2026-05-02,13:04:07,CLI-061,Rosa Díaz,PROD-011,3,4.46,0.00,YAPE
VTA-002373,2026-05-02,13:04:07,CLI-061,Rosa Díaz,PROD-028,5,1.98,0.00,YAPE
VTA-002374,2026-05-02,09:30:41,CLI-094,Juan Rojas,PROD-026,1,1.48,0.00,YAPE
VTA-002375,2026-05-02,21:51:39,CLI-012,Pedro Mendoza,PROD-017,3,8.41,0.00,EFECTIVO
VTA-002376,2026-05-02,15:47:52,CLI-035,Milagros García,PROD-002,3,4.75,1.10,EFECTIVO
VTA-002376,2026-05-02,15:47:52,CLI-035,Milagros García,PROD-010,2,3.96,0.00,EFECTIVO
VTA-002376,2026-05-02,15:47:52,CLI-035,Milagros García,PROD-020,2,6.43,0.00,EFECTIVO
VTA-002377,2026-05-02,17:52:54,CLI-010,Miguel Mendoza,PROD-013,3,2.18,0.00,EFECTIVO
VTA-002377,2026-05-02,17:52:54,CLI-010,Miguel Mendoza,PROD-031,12,0.40,0.49,EFECTIVO
VTA-002378,2026-05-02,19:33:34,CLI-002,José Mendoza,PROD-004,1,3.46,0.00,YAPE
VTA-002379,2026-05-02,10:13:05,CLI-032,Pedro García,PROD-026,3,1.48,0.00,YAPE
VTA-002380,2026-05-03,21:52:01,CLI-064,Luis Díaz,PROD-006,4,1.98,0.00,PLIN
VTA-002380,2026-05-03,21:52:01,CLI-064,Luis Díaz,PROD-005,5,6.83,0.00,PLIN
VTA-002380,2026-05-03,21:52:01,CLI-064,Luis Díaz,PROD-004,3,3.46,0.00,PLIN
VTA-002381,2026-05-03,21:08:27,CLI-063,María Díaz,PROD-031,8,0.40,0.00,EFECTIVO
VTA-002381,2026-05-03,21:08:27,CLI-063,María Díaz,PROD-001,6,5.15,0.00,EFECTIVO
VTA-002381,2026-05-03,21:08:27,CLI-063,María Díaz,PROD-032,3,6.43,0.00,EFECTIVO
VTA-002382,2026-05-03,10:14:44,CLI-008,Jorge Mendoza,PROD-009,3,5.84,0.00,TARJETA
VTA-002382,2026-05-03,10:14:44,CLI-008,Jorge Mendoza,PROD-029,4,2.77,1.21,TARJETA
VTA-002383,2026-05-03,07:19:53,CLI-027,Ana García,PROD-033,6,9.80,0.00,EFECTIVO
VTA-002383,2026-05-03,07:19:53,CLI-027,Ana García,PROD-015,4,8.81,0.00,EFECTIVO
VTA-002383,2026-05-03,07:19:53,CLI-027,Ana García,PROD-006,4,1.98,0.00,EFECTIVO
VTA-002384,2026-05-03,12:19:36,CLI-007,Ana Mendoza,PROD-002,5,4.75,0.00,EFECTIVO
VTA-002385,2026-05-03,20:55:29,CLI-032,Pedro García,PROD-012,1,7.82,0.00,TARJETA
VTA-002386,2026-05-03,12:58:50,CLI-058,Renzo Castro,PROD-027,5,2.48,1.76,EFECTIVO
VTA-002386,2026-05-03,12:58:50,CLI-058,Renzo Castro,PROD-022,5,3.17,1.37,EFECTIVO
VTA-002386,2026-05-03,12:58:50,CLI-058,Renzo Castro,PROD-018,6,4.16,0.00,EFECTIVO
VTA-002386,2026-05-03,12:58:50,CLI-058,Renzo Castro,PROD-029,1,2.77,0.00,EFECTIVO
VTA-002387,2026-05-03,08:58:38,CLI-054,Juan Castro,PROD-011,5,4.46,0.00,EFECTIVO
VTA-002387,2026-05-03,08:58:38,CLI-054,Juan Castro,PROD-010,5,3.96,0.00,EFECTIVO
VTA-002388,2026-05-03,15:06:20,CLI-033,Patricia García,PROD-020,2,6.43,0.00,YAPE
VTA-002388,2026-05-03,15:06:20,CLI-033,Patricia García,PROD-011,5,4.46,0.00,YAPE
VTA-002389,2026-05-03,19:58:54,CLI-012,Pedro Mendoza,PROD-001,3,5.15,0.00,YAPE
VTA-002389,2026-05-03,19:58:54,CLI-012,Pedro Mendoza,PROD-004,2,3.46,0.00,YAPE
VTA-002390,2026-05-03,18:33:47,CLI-008,Jorge Mendoza,PROD-004,5,3.46,0.00,TARJETA
VTA-002390,2026-05-03,18:33:47,CLI-008,Jorge Mendoza,PROD-028,3,1.98,0.00,TARJETA
VTA-002390,2026-05-03,18:33:47,CLI-008,Jorge Mendoza,PROD-027,5,2.48,0.70,TARJETA
VTA-002391,2026-05-03,21:22:47,CLI-068,Jorge Díaz,PROD-006,5,1.98,0.00,EFECTIVO
VTA-002391,2026-05-03,21:22:47,CLI-068,Jorge Díaz,PROD-011,4,4.46,0.00,EFECTIVO
VTA-002391,2026-05-03,21:22:47,CLI-068,Jorge Díaz,PROD-016,2,11.38,0.00,EFECTIVO
VTA-002392,2026-05-03,14:32:44,CLI-051,Elena Castro,PROD-026,6,1.48,0.00,PLIN
VTA-002392,2026-05-03,14:32:44,CLI-051,Elena Castro,PROD-005,1,6.83,0.00,PLIN
VTA-002393,2026-05-03,16:41:25,CLI-006,Carlos Mendoza,PROD-013,1,2.18,0.00,PLIN
VTA-002393,2026-05-03,16:41:25,CLI-006,Carlos Mendoza,PROD-004,4,3.46,0.00,PLIN
VTA-002394,2026-05-03,07:43:34,CLI-006,Carlos Mendoza,PROD-022,1,3.17,0.00,YAPE
VTA-002395,2026-05-03,17:12:04,CLI-048,Jorge Castro,PROD-031,14,0.40,0.00,PLIN
VTA-002395,2026-05-03,17:12:04,CLI-048,Jorge Castro,PROD-029,2,2.77,0.00,PLIN
VTA-002396,2026-05-03,14:33:31,CLI-010,Miguel Mendoza,PROD-002,6,4.75,0.00,EFECTIVO
VTA-002397,2026-05-03,12:38:48,CLI-015,Milagros Mendoza,PROD-010,3,3.96,0.00,EFECTIVO
VTA-002397,2026-05-03,12:38:48,CLI-015,Milagros Mendoza,PROD-009,3,5.84,0.00,EFECTIVO
VTA-002398,2026-05-03,08:55:06,CLI-013,Patricia Mendoza,PROD-031,4,0.40,0.00,EFECTIVO
VTA-002398,2026-05-03,08:55:06,CLI-013,Patricia Mendoza,PROD-011,6,4.46,0.00,EFECTIVO
VTA-002399,2026-05-03,13:31:58,CLI-002,José Mendoza,PROD-011,5,4.46,0.00,EFECTIVO
VTA-002399,2026-05-03,13:31:58,CLI-002,José Mendoza,PROD-002,5,4.75,1.73,EFECTIVO
VTA-002399,2026-05-03,13:31:58,CLI-002,José Mendoza,PROD-001,4,5.15,0.00,EFECTIVO
VTA-002400,2026-05-04,08:51:30,CLI-064,Luis Díaz,PROD-003,4,10.79,0.00,EFECTIVO
VTA-002400,2026-05-04,08:51:30,CLI-064,Luis Díaz,PROD-002,5,4.75,0.00,EFECTIVO
VTA-002400,2026-05-04,08:51:30,CLI-064,Luis Díaz,PROD-027,3,2.48,0.00,EFECTIVO
VTA-002401,2026-05-04,17:35:13,CLI-051,Elena Castro,PROD-029,6,2.77,0.00,YAPE
VTA-002401,2026-05-04,17:35:13,CLI-051,Elena Castro,PROD-006,2,1.98,0.00,YAPE
VTA-002401,2026-05-04,17:35:13,CLI-051,Elena Castro,PROD-027,2,2.48,0.00,YAPE
VTA-002401,2026-05-04,17:35:13,CLI-051,Elena Castro,PROD-034,2,4.46,0.00,YAPE
VTA-002402,2026-05-04,18:41:46,CLI-023,María García,PROD-018,2,4.16,0.00,YAPE
VTA-002402,2026-05-04,18:41:46,CLI-023,María García,PROD-029,6,2.77,0.00,YAPE
VTA-002402,2026-05-04,18:41:46,CLI-023,María García,PROD-031,13,0.40,0.00,YAPE
VTA-002403,2026-05-04,15:20:40,CLI-022,José García,PROD-007,4,3.46,0.00,EFECTIVO
VTA-002403,2026-05-04,15:20:40,CLI-022,José García,PROD-027,4,2.48,0.00,EFECTIVO
VTA-002403,2026-05-04,15:20:40,CLI-022,José García,PROD-011,5,4.46,0.00,EFECTIVO
VTA-002403,2026-05-04,15:20:40,CLI-022,José García,PROD-031,16,0.40,0.00,EFECTIVO
VTA-002404,2026-05-04,10:52:50,CLI-069,Lucía Díaz,PROD-026,6,1.48,0.00,EFECTIVO
VTA-002404,2026-05-04,10:52:50,CLI-069,Lucía Díaz,PROD-007,4,3.46,1.67,EFECTIVO
VTA-002404,2026-05-04,10:52:50,CLI-069,Lucía Díaz,PROD-006,2,1.98,0.00,EFECTIVO
VTA-002405,2026-05-04,07:19:25,CLI-045,Carmen Castro,PROD-007,5,3.46,0.00,YAPE
VTA-002405,2026-05-04,07:19:25,CLI-045,Carmen Castro,PROD-012,2,7.82,0.00,YAPE
VTA-002405,2026-05-04,07:19:25,CLI-045,Carmen Castro,PROD-034,3,4.46,0.00,YAPE
VTA-002406,2026-05-04,14:35:59,CLI-050,Miguel Castro,PROD-012,1,7.82,0.00,EFECTIVO
VTA-002406,2026-05-04,14:35:59,CLI-050,Miguel Castro,PROD-007,2,3.46,0.00,EFECTIVO
VTA-002407,2026-05-04,12:51:56,CLI-007,Ana Mendoza,PROD-008,5,3.17,0.00,EFECTIVO
VTA-002408,2026-05-04,13:35:08,CLI-006,Carlos Mendoza,PROD-034,4,4.46,0.00,TARJETA
VTA-002408,2026-05-04,13:35:08,CLI-006,Carlos Mendoza,PROD-027,1,2.48,0.00,TARJETA
VTA-002409,2026-05-04,17:08:10,CLI-013,Patricia Mendoza,PROD-029,6,2.77,0.00,YAPE
VTA-002409,2026-05-04,17:08:10,CLI-013,Patricia Mendoza,PROD-027,1,2.48,0.00,YAPE
VTA-002409,2026-05-04,17:08:10,CLI-013,Patricia Mendoza,PROD-003,6,10.79,0.00,YAPE
VTA-002410,2026-05-04,13:31:48,CLI-030,Miguel García,PROD-029,3,2.77,0.00,EFECTIVO
VTA-002410,2026-05-04,13:31:48,CLI-030,Miguel García,PROD-006,5,1.98,0.00,EFECTIVO
VTA-002410,2026-05-04,13:31:48,CLI-030,Miguel García,PROD-014,3,9.40,0.00,EFECTIVO
VTA-002410,2026-05-04,13:31:48,CLI-030,Miguel García,PROD-015,1,8.81,0.00,EFECTIVO
VTA-002411,2026-05-04,16:14:28,CLI-016,Víctor Mendoza,PROD-026,6,1.48,0.00,TARJETA
VTA-002411,2026-05-04,16:14:28,CLI-016,Víctor Mendoza,PROD-017,1,8.41,0.93,TARJETA
VTA-002411,2026-05-04,16:14:28,CLI-016,Víctor Mendoza,PROD-004,3,3.46,0.00,TARJETA
VTA-002412,2026-05-05,16:04:13,CLI-056,Víctor Castro,PROD-027,2,2.48,0.00,PLIN
VTA-002412,2026-05-05,16:04:13,CLI-056,Víctor Castro,PROD-007,4,3.46,0.00,PLIN
VTA-002412,2026-05-05,16:04:13,CLI-056,Víctor Castro,PROD-004,2,3.46,0.00,PLIN
VTA-002412,2026-05-05,16:04:13,CLI-056,Víctor Castro,PROD-010,6,3.96,0.00,PLIN
VTA-002413,2026-05-05,08:31:59,CLI-005,Carmen Mendoza,PROD-001,5,5.15,0.00,YAPE
VTA-002413,2026-05-05,08:31:59,CLI-005,Carmen Mendoza,PROD-029,3,2.77,0.00,YAPE
VTA-002413,2026-05-05,08:31:59,CLI-005,Carmen Mendoza,PROD-012,2,7.82,0.00,YAPE
VTA-002413,2026-05-05,08:31:59,CLI-005,Carmen Mendoza,PROD-019,5,8.81,0.00,YAPE
VTA-002413,2026-05-05,08:31:59,CLI-005,Carmen Mendoza,PROD-010,2,3.96,0.00,YAPE
VTA-002414,2026-05-05,12:27:23,CLI-022,José García,PROD-015,5,8.81,0.00,YAPE
VTA-002414,2026-05-05,12:27:23,CLI-022,José García,PROD-026,6,1.48,0.00,YAPE
VTA-002414,2026-05-05,12:27:23,CLI-022,José García,PROD-027,2,2.48,0.00,YAPE
VTA-002415,2026-05-05,18:53:44,CLI-094,Juan Rojas,PROD-006,4,1.98,0.00,TARJETA
VTA-002415,2026-05-05,18:53:44,CLI-094,Juan Rojas,PROD-022,2,3.17,0.00,TARJETA
VTA-002415,2026-05-05,18:53:44,CLI-094,Juan Rojas,PROD-031,18,0.40,0.00,TARJETA
VTA-002416,2026-05-05,17:05:30,CLI-038,Renzo García,PROD-031,10,0.40,0.00,PLIN
VTA-002416,2026-05-05,17:05:30,CLI-038,Renzo García,PROD-002,6,4.75,0.00,PLIN
VTA-002416,2026-05-05,17:05:30,CLI-038,Renzo García,PROD-006,6,1.98,0.00,PLIN
VTA-002417,2026-05-05,13:37:48,CLI-009,Lucía Mendoza,PROD-004,3,3.46,0.00,PLIN
VTA-002418,2026-05-05,13:56:23,CLI-063,María Díaz,PROD-005,6,6.83,0.00,EFECTIVO
VTA-002418,2026-05-05,13:56:23,CLI-063,María Díaz,PROD-011,6,4.46,3.38,EFECTIVO
VTA-002418,2026-05-05,13:56:23,CLI-063,María Díaz,PROD-031,4,0.40,0.00,EFECTIVO
VTA-002418,2026-05-05,13:56:23,CLI-063,María Díaz,PROD-034,2,4.46,0.00,EFECTIVO
VTA-002419,2026-05-05,18:50:58,CLI-042,José Castro,PROD-001,2,5.15,0.00,EFECTIVO
VTA-002420,2026-05-05,10:03:12,CLI-013,Patricia Mendoza,PROD-012,1,7.82,0.00,TARJETA
VTA-002420,2026-05-05,10:03:12,CLI-013,Patricia Mendoza,PROD-033,2,9.80,0.00,TARJETA
VTA-002420,2026-05-05,10:03:12,CLI-013,Patricia Mendoza,PROD-006,1,1.98,0.00,TARJETA
VTA-002421,2026-05-05,19:23:50,CLI-055,Milagros Castro,PROD-019,5,8.81,0.00,EFECTIVO
VTA-002422,2026-05-05,16:57:52,CLI-019,Diana Mendoza,PROD-028,4,1.98,0.00,YAPE
VTA-002422,2026-05-05,16:57:52,CLI-019,Diana Mendoza,PROD-008,2,3.17,0.00,YAPE
VTA-002423,2026-05-05,12:59:42,CLI-086,Carlos Rojas,PROD-031,11,0.40,0.00,EFECTIVO
VTA-002423,2026-05-05,12:59:42,CLI-086,Carlos Rojas,PROD-029,5,2.77,0.00,EFECTIVO
VTA-002423,2026-05-05,12:59:42,CLI-086,Carlos Rojas,PROD-006,3,1.98,0.00,EFECTIVO
VTA-002423,2026-05-05,12:59:42,CLI-086,Carlos Rojas,PROD-026,2,1.48,0.00,EFECTIVO
VTA-002423,2026-05-05,12:59:42,CLI-086,Carlos Rojas,PROD-019,5,8.81,0.00,EFECTIVO
VTA-002424,2026-05-05,12:40:45,CLI-007,Ana Mendoza,PROD-007,6,3.46,0.80,YAPE
VTA-002424,2026-05-05,12:40:45,CLI-007,Ana Mendoza,PROD-031,14,0.40,0.00,YAPE
VTA-002425,2026-05-05,12:01:20,CLI-041,Rosa Castro,PROD-029,4,2.77,0.00,EFECTIVO
VTA-002425,2026-05-05,12:01:20,CLI-041,Rosa Castro,PROD-007,3,3.46,0.00,EFECTIVO
VTA-002426,2026-05-06,08:21:53,CLI-077,Claudia Díaz,PROD-018,4,4.16,1.87,YAPE
VTA-002427,2026-05-06,17:29:26,CLI-010,Miguel Mendoza,PROD-034,2,4.46,0.00,EFECTIVO
VTA-002428,2026-05-06,07:42:53,CLI-045,Carmen Castro,PROD-027,4,2.48,0.00,YAPE
VTA-002428,2026-05-06,07:42:53,CLI-045,Carmen Castro,PROD-003,6,10.79,0.00,YAPE
VTA-002429,2026-05-06,21:44:28,CLI-007,Ana Mendoza,PROD-011,2,4.46,0.00,EFECTIVO
VTA-002430,2026-05-06,17:04:22,CLI-009,Lucía Mendoza,PROD-010,2,3.96,0.00,PLIN
VTA-002430,2026-05-06,17:04:22,CLI-009,Lucía Mendoza,PROD-004,2,3.46,0.00,PLIN
VTA-002431,2026-05-06,20:15:00,CLI-023,María García,PROD-029,5,2.77,0.00,EFECTIVO
VTA-002431,2026-05-06,20:15:00,CLI-023,María García,PROD-017,1,8.41,0.00,EFECTIVO
VTA-002431,2026-05-06,20:15:00,CLI-023,María García,PROD-007,5,3.46,0.00,EFECTIVO
VTA-002431,2026-05-06,20:15:00,CLI-023,María García,PROD-003,4,10.79,0.00,EFECTIVO
VTA-002431,2026-05-06,20:15:00,CLI-023,María García,PROD-014,4,9.40,0.00,EFECTIVO
VTA-002432,2026-05-06,10:14:53,CLI-058,Renzo Castro,PROD-017,4,8.41,0.00,EFECTIVO
VTA-002433,2026-05-06,09:00:06,CLI-001,Rosa Mendoza,PROD-004,3,3.46,0.00,EFECTIVO
VTA-002434,2026-05-06,12:06:05,CLI-076,Víctor Díaz,PROD-015,5,8.81,0.00,PLIN
VTA-002434,2026-05-06,12:06:05,CLI-076,Víctor Díaz,PROD-017,2,8.41,0.00,PLIN
VTA-002434,2026-05-06,12:06:05,CLI-076,Víctor Díaz,PROD-006,6,1.98,0.00,PLIN
VTA-002434,2026-05-06,12:06:05,CLI-076,Víctor Díaz,PROD-003,6,10.79,0.00,PLIN
VTA-002435,2026-05-06,10:20:14,CLI-001,Rosa Mendoza,PROD-008,1,3.17,0.00,EFECTIVO
VTA-002435,2026-05-06,10:20:14,CLI-001,Rosa Mendoza,PROD-012,1,7.82,0.38,EFECTIVO
VTA-002436,2026-05-06,21:52:54,CLI-045,Carmen Castro,PROD-009,6,5.84,0.00,TARJETA
VTA-002436,2026-05-06,21:52:54,CLI-045,Carmen Castro,PROD-026,3,1.48,0.00,TARJETA
VTA-002436,2026-05-06,21:52:54,CLI-045,Carmen Castro,PROD-008,3,3.17,0.00,TARJETA
VTA-002436,2026-05-06,21:52:54,CLI-045,Carmen Castro,PROD-001,1,5.15,0.00,TARJETA
VTA-002437,2026-05-06,14:21:50,CLI-006,Carlos Mendoza,PROD-009,2,5.84,0.00,EFECTIVO
VTA-002437,2026-05-06,14:21:50,CLI-006,Carlos Mendoza,PROD-022,6,3.17,0.00,EFECTIVO
VTA-002438,2026-05-06,20:46:27,CLI-030,Miguel García,PROD-003,4,10.79,0.00,EFECTIVO
VTA-002438,2026-05-06,20:46:27,CLI-030,Miguel García,PROD-032,2,6.43,0.00,EFECTIVO
VTA-002439,2026-05-07,11:50:33,CLI-009,Lucía Mendoza,PROD-027,1,2.48,0.00,YAPE
VTA-002439,2026-05-07,11:50:33,CLI-009,Lucía Mendoza,PROD-026,1,1.48,0.00,YAPE
VTA-002440,2026-05-07,08:48:11,CLI-042,José Castro,PROD-029,5,2.77,0.00,YAPE
VTA-002440,2026-05-07,08:48:11,CLI-042,José Castro,PROD-010,4,3.96,1.67,YAPE
VTA-002441,2026-05-07,18:01:33,CLI-083,María Rojas,PROD-022,6,3.17,0.00,EFECTIVO
VTA-002441,2026-05-07,18:01:33,CLI-083,María Rojas,PROD-027,1,2.48,0.00,EFECTIVO
VTA-002441,2026-05-07,18:01:33,CLI-083,María Rojas,PROD-010,1,3.96,0.00,EFECTIVO
VTA-002442,2026-05-07,17:24:05,CLI-008,Jorge Mendoza,PROD-006,3,1.98,0.00,YAPE
VTA-002442,2026-05-07,17:24:05,CLI-008,Jorge Mendoza,PROD-034,5,4.46,0.00,YAPE
VTA-002443,2026-05-07,07:09:00,CLI-066,Carlos Díaz,PROD-011,3,4.46,0.00,EFECTIVO
VTA-002443,2026-05-07,07:09:00,CLI-066,Carlos Díaz,PROD-008,3,3.17,0.00,EFECTIVO
VTA-002444,2026-05-07,18:50:44,CLI-029,Lucía García,PROD-015,4,8.81,0.00,EFECTIVO
VTA-002444,2026-05-07,18:50:44,CLI-029,Lucía García,PROD-013,3,2.18,0.00,EFECTIVO
VTA-002444,2026-05-07,18:50:44,CLI-029,Lucía García,PROD-007,1,3.46,0.00,EFECTIVO
VTA-002445,2026-05-07,17:46:46,CLI-065,Carmen Díaz,PROD-008,1,3.17,0.00,TARJETA
VTA-002445,2026-05-07,17:46:46,CLI-065,Carmen Díaz,PROD-006,3,1.98,0.00,TARJETA
VTA-002445,2026-05-07,17:46:46,CLI-065,Carmen Díaz,PROD-029,5,2.77,0.00,TARJETA
VTA-002445,2026-05-07,17:46:46,CLI-065,Carmen Díaz,PROD-026,6,1.48,0.00,TARJETA
VTA-002446,2026-05-07,20:38:51,CLI-010,Miguel Mendoza,PROD-031,3,0.40,0.06,EFECTIVO
VTA-002447,2026-05-07,07:50:40,CLI-030,Miguel García,PROD-026,3,1.48,0.29,EFECTIVO
VTA-002448,2026-05-07,16:24:05,CLI-003,María Mendoza,PROD-008,2,3.17,0.00,TARJETA
VTA-002449,2026-05-07,18:01:46,CLI-003,María Mendoza,PROD-028,5,1.98,1.14,EFECTIVO
VTA-002449,2026-05-07,18:01:46,CLI-003,María Mendoza,PROD-005,5,6.83,0.00,EFECTIVO
VTA-002449,2026-05-07,18:01:46,CLI-003,María Mendoza,PROD-027,2,2.48,0.00,EFECTIVO
VTA-002450,2026-05-07,07:24:39,CLI-087,Ana Rojas,PROD-015,6,8.81,0.00,EFECTIVO
VTA-002450,2026-05-07,07:24:39,CLI-087,Ana Rojas,PROD-003,6,10.79,0.00,EFECTIVO
VTA-002450,2026-05-07,07:24:39,CLI-087,Ana Rojas,PROD-013,6,2.18,0.00,EFECTIVO
VTA-002451,2026-05-07,11:52:22,CLI-009,Lucía Mendoza,PROD-006,4,1.98,0.00,EFECTIVO
VTA-002451,2026-05-07,11:52:22,CLI-009,Lucía Mendoza,PROD-013,2,2.18,0.00,EFECTIVO
VTA-002451,2026-05-07,11:52:22,CLI-009,Lucía Mendoza,PROD-026,2,1.48,0.00,EFECTIVO
VTA-002452,2026-05-07,13:47:37,CLI-007,Ana Mendoza,PROD-031,6,0.40,0.00,EFECTIVO
VTA-002452,2026-05-07,13:47:37,CLI-007,Ana Mendoza,PROD-028,1,1.98,0.00,EFECTIVO
VTA-002452,2026-05-07,13:47:37,CLI-007,Ana Mendoza,PROD-026,1,1.48,0.00,EFECTIVO
VTA-002453,2026-05-07,11:55:31,CLI-078,Renzo Díaz,PROD-028,3,1.98,0.00,YAPE
VTA-002453,2026-05-07,11:55:31,CLI-078,Renzo Díaz,PROD-011,5,4.46,0.00,YAPE
VTA-002453,2026-05-07,11:55:31,CLI-078,Renzo Díaz,PROD-004,5,3.46,0.00,YAPE
VTA-002454,2026-05-07,09:10:10,CLI-013,Patricia Mendoza,PROD-031,18,0.40,0.00,PLIN
VTA-002454,2026-05-07,09:10:10,CLI-013,Patricia Mendoza,PROD-002,1,4.75,0.00,PLIN
VTA-002455,2026-05-07,20:34:42,CLI-046,Carlos Castro,PROD-006,6,1.98,0.00,EFECTIVO
VTA-002456,2026-05-08,14:47:36,CLI-059,Diana Castro,PROD-012,2,7.82,0.00,TARJETA
VTA-002457,2026-05-08,13:05:42,CLI-039,Diana García,PROD-008,4,3.17,0.00,EFECTIVO
VTA-002458,2026-05-08,13:10:49,CLI-057,Claudia Castro,PROD-010,3,3.96,0.00,EFECTIVO
VTA-002458,2026-05-08,13:10:49,CLI-057,Claudia Castro,PROD-028,4,1.98,0.00,EFECTIVO
VTA-002459,2026-05-08,09:54:30,CLI-023,María García,PROD-034,4,4.46,0.00,EFECTIVO
VTA-002459,2026-05-08,09:54:30,CLI-023,María García,PROD-001,2,5.15,0.00,EFECTIVO
VTA-002460,2026-05-08,13:28:40,CLI-002,José Mendoza,PROD-016,2,11.38,0.00,TARJETA
VTA-002460,2026-05-08,13:28:40,CLI-002,José Mendoza,PROD-004,2,3.46,0.00,TARJETA
VTA-002461,2026-05-08,11:11:07,CLI-088,Jorge Rojas,PROD-006,1,1.98,0.00,YAPE
VTA-002461,2026-05-08,11:11:07,CLI-088,Jorge Rojas,PROD-001,2,5.15,0.00,YAPE
VTA-002462,2026-05-08,12:24:09,CLI-023,María García,PROD-011,4,4.46,0.00,EFECTIVO
VTA-002462,2026-05-08,12:24:09,CLI-023,María García,PROD-031,10,0.40,0.00,EFECTIVO
VTA-002462,2026-05-08,12:24:09,CLI-023,María García,PROD-010,5,3.96,0.00,EFECTIVO
VTA-002462,2026-05-08,12:24:09,CLI-023,María García,PROD-027,1,2.48,0.00,EFECTIVO
VTA-002463,2026-05-08,20:35:15,CLI-009,Lucía Mendoza,PROD-026,6,1.48,0.00,PLIN
VTA-002463,2026-05-08,20:35:15,CLI-009,Lucía Mendoza,PROD-004,4,3.46,1.23,PLIN
VTA-002463,2026-05-08,20:35:15,CLI-009,Lucía Mendoza,PROD-032,3,6.43,0.00,PLIN
VTA-002463,2026-05-08,20:35:15,CLI-009,Lucía Mendoza,PROD-012,2,7.82,0.00,PLIN
VTA-002463,2026-05-08,20:35:15,CLI-009,Lucía Mendoza,PROD-031,8,0.40,0.00,PLIN
VTA-002464,2026-05-08,10:34:10,CLI-043,María Castro,PROD-011,5,4.46,0.00,YAPE
VTA-002464,2026-05-08,10:34:10,CLI-043,María Castro,PROD-028,5,1.98,0.00,YAPE
VTA-002465,2026-05-08,11:17:40,CLI-034,Juan García,PROD-031,7,0.40,0.00,YAPE
VTA-002466,2026-05-08,17:09:34,CLI-033,Patricia García,PROD-019,2,8.81,1.71,EFECTIVO
VTA-002467,2026-05-08,14:05:33,CLI-062,José Díaz,PROD-007,3,3.46,0.00,EFECTIVO
VTA-002468,2026-05-08,20:58:11,CLI-041,Rosa Castro,PROD-011,1,4.46,0.00,TARJETA
VTA-002469,2026-05-08,16:55:26,CLI-068,Jorge Díaz,PROD-016,6,11.38,0.00,TARJETA
VTA-002469,2026-05-08,16:55:26,CLI-068,Jorge Díaz,PROD-004,3,3.46,0.00,TARJETA
VTA-002469,2026-05-08,16:55:26,CLI-068,Jorge Díaz,PROD-018,5,4.16,0.00,TARJETA
VTA-002470,2026-05-08,16:44:25,CLI-015,Milagros Mendoza,PROD-027,3,2.48,0.00,EFECTIVO
VTA-002470,2026-05-08,16:44:25,CLI-015,Milagros Mendoza,PROD-031,16,0.40,0.00,EFECTIVO
VTA-002471,2026-05-08,12:01:14,CLI-080,Marco Díaz,PROD-011,4,4.46,1.51,EFECTIVO
VTA-002472,2026-05-08,16:56:37,CLI-005,Carmen Mendoza,PROD-003,6,10.79,0.00,YAPE
VTA-002472,2026-05-08,16:56:37,CLI-005,Carmen Mendoza,PROD-008,5,3.17,0.00,YAPE
VTA-002472,2026-05-08,16:56:37,CLI-005,Carmen Mendoza,PROD-009,1,5.84,0.00,YAPE
VTA-002472,2026-05-08,16:56:37,CLI-005,Carmen Mendoza,PROD-004,3,3.46,0.00,YAPE
VTA-002473,2026-05-08,16:33:12,CLI-029,Lucía García,PROD-003,6,10.79,0.00,EFECTIVO
VTA-002473,2026-05-08,16:33:12,CLI-029,Lucía García,PROD-017,1,8.41,0.00,EFECTIVO
VTA-002474,2026-05-08,14:38:42,CLI-014,Juan Mendoza,PROD-027,4,2.48,0.00,EFECTIVO
VTA-002474,2026-05-08,14:38:42,CLI-014,Juan Mendoza,PROD-005,4,6.83,0.00,EFECTIVO
VTA-002474,2026-05-08,14:38:42,CLI-014,Juan Mendoza,PROD-006,2,1.98,0.00,EFECTIVO
VTA-002474,2026-05-08,14:38:42,CLI-014,Juan Mendoza,PROD-022,5,3.17,0.00,EFECTIVO
VTA-002474,2026-05-08,14:38:42,CLI-014,Juan Mendoza,PROD-017,2,8.41,0.00,EFECTIVO
VTA-002475,2026-05-08,08:00:37,CLI-039,Diana García,PROD-028,3,1.98,0.00,EFECTIVO
VTA-002475,2026-05-08,08:00:37,CLI-039,Diana García,PROD-018,3,4.16,0.00,EFECTIVO
VTA-002475,2026-05-08,08:00:37,CLI-039,Diana García,PROD-002,3,4.75,0.00,EFECTIVO
VTA-002476,2026-05-09,16:20:59,CLI-069,Lucía Díaz,PROD-026,1,1.48,0.20,PLIN
VTA-002476,2026-05-09,16:20:59,CLI-069,Lucía Díaz,PROD-010,5,3.96,0.90,PLIN
VTA-002477,2026-05-09,12:02:48,CLI-065,Carmen Díaz,PROD-028,3,1.98,0.00,YAPE
VTA-002478,2026-05-09,17:35:34,CLI-005,Carmen Mendoza,PROD-006,3,1.98,0.00,EFECTIVO
VTA-002478,2026-05-09,17:35:34,CLI-005,Carmen Mendoza,PROD-022,4,3.17,0.00,EFECTIVO
VTA-002479,2026-05-09,21:56:57,CLI-054,Juan Castro,PROD-028,5,1.98,0.00,EFECTIVO
VTA-002479,2026-05-09,21:56:57,CLI-054,Juan Castro,PROD-010,1,3.96,0.00,EFECTIVO
VTA-002480,2026-05-09,21:32:30,CLI-004,Luis Mendoza,PROD-026,2,1.48,0.00,YAPE
VTA-002481,2026-05-09,14:39:20,CLI-025,Carmen García,PROD-027,2,2.48,0.00,YAPE
VTA-002481,2026-05-09,14:39:20,CLI-025,Carmen García,PROD-008,4,3.17,0.00,YAPE
VTA-002481,2026-05-09,14:39:20,CLI-025,Carmen García,PROD-019,2,8.81,0.00,YAPE
VTA-002481,2026-05-09,14:39:20,CLI-025,Carmen García,PROD-026,1,1.48,0.19,YAPE
VTA-002482,2026-05-09,14:39:44,CLI-008,Jorge Mendoza,PROD-031,15,0.40,0.41,EFECTIVO
VTA-002482,2026-05-09,14:39:44,CLI-008,Jorge Mendoza,PROD-006,6,1.98,0.00,EFECTIVO
VTA-002483,2026-05-09,20:26:54,CLI-002,José Mendoza,PROD-001,1,5.15,0.00,PLIN
VTA-002483,2026-05-09,20:26:54,CLI-002,José Mendoza,PROD-018,6,4.16,0.00,PLIN
VTA-002483,2026-05-09,20:26:54,CLI-002,José Mendoza,PROD-032,4,6.43,2.44,PLIN
VTA-002483,2026-05-09,20:26:54,CLI-002,José Mendoza,PROD-028,6,1.98,0.00,PLIN
VTA-002484,2026-05-09,20:03:06,CLI-068,Jorge Díaz,PROD-001,3,5.15,0.00,YAPE
VTA-002484,2026-05-09,20:03:06,CLI-068,Jorge Díaz,PROD-006,4,1.98,0.00,YAPE
VTA-002484,2026-05-09,20:03:06,CLI-068,Jorge Díaz,PROD-027,6,2.48,1.27,YAPE
VTA-002484,2026-05-09,20:03:06,CLI-068,Jorge Díaz,PROD-007,6,3.46,0.00,YAPE
VTA-002484,2026-05-09,20:03:06,CLI-068,Jorge Díaz,PROD-032,3,6.43,0.00,YAPE
VTA-002485,2026-05-09,20:03:42,CLI-047,Ana Castro,PROD-032,1,6.43,0.00,YAPE
VTA-002486,2026-05-09,10:06:03,CLI-042,José Castro,PROD-031,2,0.40,0.00,YAPE
VTA-002486,2026-05-09,10:06:03,CLI-042,José Castro,PROD-026,5,1.48,0.00,YAPE
VTA-002486,2026-05-09,10:06:03,CLI-042,José Castro,PROD-012,2,7.82,0.00,YAPE
VTA-002486,2026-05-09,10:06:03,CLI-042,José Castro,PROD-027,3,2.48,0.00,YAPE
VTA-002487,2026-05-09,16:28:03,CLI-065,Carmen Díaz,PROD-027,4,2.48,0.00,EFECTIVO
VTA-002488,2026-05-09,11:17:52,CLI-043,María Castro,PROD-020,1,6.43,0.00,EFECTIVO
VTA-002489,2026-05-09,09:21:53,CLI-056,Víctor Castro,PROD-001,6,5.15,0.00,YAPE
VTA-002490,2026-05-09,15:04:12,CLI-013,Patricia Mendoza,PROD-007,4,3.46,0.00,YAPE
VTA-002490,2026-05-09,15:04:12,CLI-013,Patricia Mendoza,PROD-004,1,3.46,0.00,YAPE
VTA-002490,2026-05-09,15:04:12,CLI-013,Patricia Mendoza,PROD-002,3,4.75,0.00,YAPE
VTA-002491,2026-05-09,10:48:53,CLI-034,Juan García,PROD-026,1,1.48,0.00,YAPE
VTA-002491,2026-05-09,10:48:53,CLI-034,Juan García,PROD-034,3,4.46,0.00,YAPE
VTA-002492,2026-05-09,19:50:35,CLI-048,Jorge Castro,PROD-034,3,4.46,0.00,YAPE
VTA-002493,2026-05-09,08:11:07,CLI-029,Lucía García,PROD-011,3,4.46,0.00,PLIN
VTA-002493,2026-05-09,08:11:07,CLI-029,Lucía García,PROD-006,3,1.98,0.00,PLIN
VTA-002493,2026-05-09,08:11:07,CLI-029,Lucía García,PROD-033,4,9.80,0.00,PLIN
VTA-002493,2026-05-09,08:11:07,CLI-029,Lucía García,PROD-002,4,4.75,0.00,PLIN
VTA-002494,2026-05-09,08:58:14,CLI-045,Carmen Castro,PROD-011,6,4.46,0.00,YAPE
VTA-002495,2026-05-09,07:44:56,CLI-004,Luis Mendoza,PROD-006,2,1.98,0.00,YAPE
VTA-002495,2026-05-09,07:44:56,CLI-004,Luis Mendoza,PROD-009,2,5.84,0.00,YAPE
VTA-002496,2026-05-09,18:13:42,CLI-038,Renzo García,PROD-013,5,2.18,0.00,YAPE
VTA-002496,2026-05-09,18:13:42,CLI-038,Renzo García,PROD-006,1,1.98,0.00,YAPE
VTA-002496,2026-05-09,18:13:42,CLI-038,Renzo García,PROD-015,4,8.81,0.00,YAPE
VTA-002497,2026-05-09,20:37:27,CLI-046,Carlos Castro,PROD-007,2,3.46,0.00,YAPE
VTA-002498,2026-05-09,16:37:18,CLI-006,Carlos Mendoza,PROD-011,1,4.46,0.00,TARJETA
VTA-002499,2026-05-09,09:55:43,CLI-031,Elena García,PROD-015,2,8.81,0.00,YAPE
VTA-002499,2026-05-09,09:55:43,CLI-031,Elena García,PROD-003,2,10.79,0.00,YAPE
VTA-002499,2026-05-09,09:55:43,CLI-031,Elena García,PROD-012,5,7.82,0.00,YAPE
VTA-002500,2026-05-10,13:23:40,CLI-005,Carmen Mendoza,PROD-031,13,0.40,0.00,EFECTIVO
VTA-002500,2026-05-10,13:23:40,CLI-005,Carmen Mendoza,PROD-026,6,1.48,0.34,EFECTIVO
VTA-002501,2026-05-10,14:50:33,CLI-032,Pedro García,PROD-001,2,5.15,0.62,PLIN
VTA-002501,2026-05-10,14:50:33,CLI-032,Pedro García,PROD-028,1,1.98,0.00,PLIN
VTA-002501,2026-05-10,14:50:33,CLI-032,Pedro García,PROD-005,6,6.83,0.00,PLIN
VTA-002502,2026-05-10,12:51:48,CLI-044,Luis Castro,PROD-031,2,0.40,0.00,YAPE
VTA-002503,2026-05-10,18:24:08,CLI-068,Jorge Díaz,PROD-019,3,8.81,0.00,PLIN
VTA-002503,2026-05-10,18:24:08,CLI-068,Jorge Díaz,PROD-006,5,1.98,0.00,PLIN
VTA-002504,2026-05-10,19:26:31,CLI-002,José Mendoza,PROD-002,1,4.75,0.00,TARJETA
VTA-002504,2026-05-10,19:26:31,CLI-002,José Mendoza,PROD-011,5,4.46,1.81,TARJETA
VTA-002504,2026-05-10,19:26:31,CLI-002,José Mendoza,PROD-004,4,3.46,0.00,TARJETA
VTA-002505,2026-05-10,19:37:35,CLI-033,Patricia García,PROD-029,1,2.77,0.00,EFECTIVO
VTA-002505,2026-05-10,19:37:35,CLI-033,Patricia García,PROD-032,5,6.43,0.00,EFECTIVO
VTA-002506,2026-05-10,20:58:22,CLI-006,Carlos Mendoza,PROD-026,1,1.48,0.00,EFECTIVO
VTA-002506,2026-05-10,20:58:22,CLI-006,Carlos Mendoza,PROD-002,5,4.75,0.00,EFECTIVO
VTA-002506,2026-05-10,20:58:22,CLI-006,Carlos Mendoza,PROD-018,2,4.16,0.00,EFECTIVO
VTA-002506,2026-05-10,20:58:22,CLI-006,Carlos Mendoza,PROD-003,2,10.79,2.45,EFECTIVO
VTA-002507,2026-05-10,20:37:53,CLI-012,Pedro Mendoza,PROD-031,4,0.40,0.00,YAPE
VTA-002507,2026-05-10,20:37:53,CLI-012,Pedro Mendoza,PROD-006,4,1.98,0.00,YAPE
VTA-002507,2026-05-10,20:37:53,CLI-012,Pedro Mendoza,PROD-002,1,4.75,0.37,YAPE
VTA-002508,2026-05-10,12:56:36,CLI-091,Elena Rojas,PROD-031,16,0.40,0.00,EFECTIVO
VTA-002508,2026-05-10,12:56:36,CLI-091,Elena Rojas,PROD-022,1,3.17,0.00,EFECTIVO
VTA-002509,2026-05-10,20:16:57,CLI-097,Claudia Rojas,PROD-011,6,4.46,0.00,EFECTIVO
VTA-002509,2026-05-10,20:16:57,CLI-097,Claudia Rojas,PROD-015,2,8.81,0.00,EFECTIVO
VTA-002510,2026-05-10,14:30:38,CLI-003,María Mendoza,PROD-007,2,3.46,0.00,YAPE
VTA-002511,2026-05-10,07:37:48,CLI-053,Patricia Castro,PROD-026,4,1.48,0.00,PLIN
VTA-002511,2026-05-10,07:37:48,CLI-053,Patricia Castro,PROD-002,2,4.75,1.19,PLIN
VTA-002512,2026-05-10,15:39:18,CLI-021,Rosa García,PROD-011,2,4.46,0.00,YAPE
VTA-002513,2026-05-10,20:26:55,CLI-006,Carlos Mendoza,PROD-010,1,3.96,0.00,EFECTIVO
VTA-002513,2026-05-10,20:26:55,CLI-006,Carlos Mendoza,PROD-007,1,3.46,0.00,EFECTIVO
VTA-002513,2026-05-10,20:26:55,CLI-006,Carlos Mendoza,PROD-008,6,3.17,0.00,EFECTIVO
VTA-002514,2026-05-10,17:42:51,CLI-003,María Mendoza,PROD-022,2,3.17,0.00,YAPE
VTA-002514,2026-05-10,17:42:51,CLI-003,María Mendoza,PROD-007,6,3.46,0.00,YAPE
VTA-002514,2026-05-10,17:42:51,CLI-003,María Mendoza,PROD-030,5,3.46,0.00,YAPE
VTA-002515,2026-05-10,18:41:10,CLI-012,Pedro Mendoza,PROD-007,6,3.46,0.00,YAPE
VTA-002515,2026-05-10,18:41:10,CLI-012,Pedro Mendoza,PROD-029,4,2.77,1.44,YAPE
VTA-002515,2026-05-10,18:41:10,CLI-012,Pedro Mendoza,PROD-011,5,4.46,0.00,YAPE
VTA-002515,2026-05-10,18:41:10,CLI-012,Pedro Mendoza,PROD-019,6,8.81,0.00,YAPE
VTA-002516,2026-05-10,09:01:58,CLI-068,Jorge Díaz,PROD-004,1,3.46,0.00,EFECTIVO
VTA-002516,2026-05-10,09:01:58,CLI-068,Jorge Díaz,PROD-003,3,10.79,0.00,EFECTIVO
VTA-002516,2026-05-10,09:01:58,CLI-068,Jorge Díaz,PROD-010,2,3.96,0.00,EFECTIVO
VTA-002517,2026-05-10,14:03:51,CLI-040,Marco García,PROD-001,6,5.15,0.00,YAPE
VTA-002518,2026-05-10,09:49:48,CLI-009,Lucía Mendoza,PROD-011,2,4.46,0.00,EFECTIVO
VTA-002518,2026-05-10,09:49:48,CLI-009,Lucía Mendoza,PROD-016,6,11.38,0.00,EFECTIVO
VTA-002518,2026-05-10,09:49:48,CLI-009,Lucía Mendoza,PROD-027,4,2.48,0.00,EFECTIVO
VTA-002519,2026-05-10,17:44:48,CLI-027,Ana García,PROD-009,6,5.84,0.00,PLIN
VTA-002520,2026-05-10,17:12:07,CLI-007,Ana Mendoza,PROD-028,1,1.98,0.00,YAPE
VTA-002521,2026-05-10,09:38:18,CLI-072,Pedro Díaz,PROD-004,1,3.46,0.00,YAPE
VTA-002521,2026-05-10,09:38:18,CLI-072,Pedro Díaz,PROD-031,16,0.40,0.00,YAPE
VTA-002522,2026-05-10,15:45:35,CLI-033,Patricia García,PROD-014,4,9.40,0.00,EFECTIVO
VTA-002522,2026-05-10,15:45:35,CLI-033,Patricia García,PROD-006,1,1.98,0.00,EFECTIVO
VTA-002523,2026-05-10,13:40:07,CLI-033,Patricia García,PROD-002,6,4.75,0.00,YAPE
VTA-002523,2026-05-10,13:40:07,CLI-033,Patricia García,PROD-026,3,1.48,0.00,YAPE
VTA-002523,2026-05-10,13:40:07,CLI-033,Patricia García,PROD-006,5,1.98,1.20,YAPE
VTA-002523,2026-05-10,13:40:07,CLI-033,Patricia García,PROD-018,6,4.16,3.72,YAPE
VTA-002523,2026-05-10,13:40:07,CLI-033,Patricia García,PROD-020,6,6.43,0.00,YAPE
VTA-002524,2026-05-10,14:22:26,CLI-020,Marco Mendoza,PROD-031,13,0.40,0.00,EFECTIVO
VTA-002524,2026-05-10,14:22:26,CLI-020,Marco Mendoza,PROD-011,3,4.46,0.00,EFECTIVO
VTA-002524,2026-05-10,14:22:26,CLI-020,Marco Mendoza,PROD-012,5,7.82,0.00,EFECTIVO
VTA-002525,2026-05-10,21:36:46,CLI-001,Rosa Mendoza,PROD-012,3,7.82,0.00,EFECTIVO
VTA-002525,2026-05-10,21:36:46,CLI-001,Rosa Mendoza,PROD-026,6,1.48,0.00,EFECTIVO
VTA-002526,2026-05-11,10:57:42,CLI-026,Carlos García,PROD-001,6,5.15,0.00,EFECTIVO
VTA-002526,2026-05-11,10:57:42,CLI-026,Carlos García,PROD-004,6,3.46,0.00,EFECTIVO
VTA-002526,2026-05-11,10:57:42,CLI-026,Carlos García,PROD-028,6,1.98,0.00,EFECTIVO
VTA-002526,2026-05-11,10:57:42,CLI-026,Carlos García,PROD-011,6,4.46,0.00,EFECTIVO
VTA-002527,2026-05-11,07:02:24,CLI-031,Elena García,PROD-013,6,2.18,0.00,PLIN
VTA-002528,2026-05-11,21:01:58,CLI-008,Jorge Mendoza,PROD-012,4,7.82,0.00,EFECTIVO
VTA-002528,2026-05-11,21:01:58,CLI-008,Jorge Mendoza,PROD-004,5,3.46,0.00,EFECTIVO
VTA-002529,2026-05-11,09:01:37,CLI-062,José Díaz,PROD-033,2,9.80,2.12,YAPE
VTA-002529,2026-05-11,09:01:37,CLI-062,José Díaz,PROD-004,1,3.46,0.00,YAPE
VTA-002529,2026-05-11,09:01:37,CLI-062,José Díaz,PROD-006,4,1.98,0.00,YAPE
VTA-002529,2026-05-11,09:01:37,CLI-062,José Díaz,PROD-022,1,3.17,0.00,YAPE
VTA-002530,2026-05-11,17:31:57,CLI-063,María Díaz,PROD-028,3,1.98,0.00,EFECTIVO
VTA-002530,2026-05-11,17:31:57,CLI-063,María Díaz,PROD-029,1,2.77,0.00,EFECTIVO
VTA-002530,2026-05-11,17:31:57,CLI-063,María Díaz,PROD-003,3,10.79,0.00,EFECTIVO
VTA-002530,2026-05-11,17:31:57,CLI-063,María Díaz,PROD-012,3,7.82,0.00,EFECTIVO
VTA-002530,2026-05-11,17:31:57,CLI-063,María Díaz,PROD-031,15,0.40,0.00,EFECTIVO
VTA-002531,2026-05-11,07:11:20,CLI-009,Lucía Mendoza,PROD-011,5,4.46,0.00,YAPE
VTA-002531,2026-05-11,07:11:20,CLI-009,Lucía Mendoza,PROD-031,2,0.40,0.00,YAPE
VTA-002531,2026-05-11,07:11:20,CLI-009,Lucía Mendoza,PROD-003,1,10.79,0.00,YAPE
VTA-002532,2026-05-11,19:34:24,CLI-065,Carmen Díaz,PROD-010,2,3.96,0.00,TARJETA
VTA-002532,2026-05-11,19:34:24,CLI-065,Carmen Díaz,PROD-026,4,1.48,0.00,TARJETA
VTA-002533,2026-05-11,10:49:13,CLI-002,José Mendoza,PROD-031,20,0.40,0.00,EFECTIVO
VTA-002533,2026-05-11,10:49:13,CLI-002,José Mendoza,PROD-026,4,1.48,0.00,EFECTIVO
VTA-002533,2026-05-11,10:49:13,CLI-002,José Mendoza,PROD-033,1,9.80,0.49,EFECTIVO
VTA-002534,2026-05-11,15:12:42,CLI-045,Carmen Castro,PROD-011,5,4.46,0.00,EFECTIVO
VTA-002535,2026-05-11,08:19:31,CLI-008,Jorge Mendoza,PROD-022,1,3.17,0.00,YAPE
VTA-002536,2026-05-11,19:32:12,CLI-015,Milagros Mendoza,PROD-022,1,3.17,0.00,EFECTIVO
VTA-002536,2026-05-11,19:32:12,CLI-015,Milagros Mendoza,PROD-028,6,1.98,0.00,EFECTIVO
VTA-002536,2026-05-11,19:32:12,CLI-015,Milagros Mendoza,PROD-002,6,4.75,0.00,EFECTIVO
VTA-002536,2026-05-11,19:32:12,CLI-015,Milagros Mendoza,PROD-029,4,2.77,0.00,EFECTIVO
VTA-002536,2026-05-11,19:32:12,CLI-015,Milagros Mendoza,PROD-018,3,4.16,0.00,EFECTIVO
VTA-002537,2026-05-11,20:38:38,CLI-057,Claudia Castro,PROD-001,1,5.15,0.00,EFECTIVO
VTA-002537,2026-05-11,20:38:38,CLI-057,Claudia Castro,PROD-027,5,2.48,0.00,EFECTIVO
VTA-002538,2026-05-11,14:30:00,CLI-052,Pedro Castro,PROD-013,1,2.18,0.00,YAPE
VTA-002538,2026-05-11,14:30:00,CLI-052,Pedro Castro,PROD-008,4,3.17,0.00,YAPE
VTA-002538,2026-05-11,14:30:00,CLI-052,Pedro Castro,PROD-009,3,5.84,0.00,YAPE
VTA-002539,2026-05-11,07:57:14,CLI-060,Marco Castro,PROD-026,5,1.48,0.00,PLIN
VTA-002539,2026-05-11,07:57:14,CLI-060,Marco Castro,PROD-034,3,4.46,0.00,PLIN
VTA-002539,2026-05-11,07:57:14,CLI-060,Marco Castro,PROD-004,4,3.46,1.78,PLIN
VTA-002539,2026-05-11,07:57:14,CLI-060,Marco Castro,PROD-008,6,3.17,0.00,PLIN
VTA-002540,2026-05-11,09:21:30,CLI-006,Carlos Mendoza,PROD-019,6,8.81,0.00,EFECTIVO
VTA-002541,2026-05-12,14:57:05,CLI-029,Lucía García,PROD-026,3,1.48,0.00,EFECTIVO
VTA-002541,2026-05-12,14:57:05,CLI-029,Lucía García,PROD-004,2,3.46,0.00,EFECTIVO
VTA-002541,2026-05-12,14:57:05,CLI-029,Lucía García,PROD-027,1,2.48,0.00,EFECTIVO
VTA-002541,2026-05-12,14:57:05,CLI-029,Lucía García,PROD-001,3,5.15,0.00,EFECTIVO
VTA-002541,2026-05-12,14:57:05,CLI-029,Lucía García,PROD-031,13,0.40,0.00,EFECTIVO
VTA-002542,2026-05-12,20:25:34,CLI-016,Víctor Mendoza,PROD-013,1,2.18,0.00,YAPE
VTA-002542,2026-05-12,20:25:34,CLI-016,Víctor Mendoza,PROD-001,3,5.15,0.00,YAPE
VTA-002543,2026-05-12,11:47:23,CLI-011,Elena Mendoza,PROD-002,6,4.75,0.00,YAPE
VTA-002543,2026-05-12,11:47:23,CLI-011,Elena Mendoza,PROD-026,2,1.48,0.00,YAPE
VTA-002543,2026-05-12,11:47:23,CLI-011,Elena Mendoza,PROD-004,2,3.46,0.00,YAPE
VTA-002544,2026-05-12,17:57:53,CLI-097,Claudia Rojas,PROD-007,4,3.46,0.00,YAPE
VTA-002544,2026-05-12,17:57:53,CLI-097,Claudia Rojas,PROD-034,4,4.46,0.00,YAPE
VTA-002544,2026-05-12,17:57:53,CLI-097,Claudia Rojas,PROD-009,2,5.84,0.00,YAPE
VTA-002545,2026-05-12,18:19:46,CLI-011,Elena Mendoza,PROD-013,2,2.18,0.00,YAPE
VTA-002545,2026-05-12,18:19:46,CLI-011,Elena Mendoza,PROD-001,6,5.15,0.00,YAPE
VTA-002546,2026-05-12,21:43:45,CLI-042,José Castro,PROD-007,3,3.46,0.00,PLIN
VTA-002546,2026-05-12,21:43:45,CLI-042,José Castro,PROD-012,2,7.82,0.00,PLIN
VTA-002546,2026-05-12,21:43:45,CLI-042,José Castro,PROD-032,6,6.43,0.00,PLIN
VTA-002547,2026-05-12,08:56:31,CLI-013,Patricia Mendoza,PROD-004,2,3.46,0.00,EFECTIVO
VTA-002547,2026-05-12,08:56:31,CLI-013,Patricia Mendoza,PROD-001,5,5.15,0.00,EFECTIVO
VTA-002547,2026-05-12,08:56:31,CLI-013,Patricia Mendoza,PROD-026,1,1.48,0.00,EFECTIVO
VTA-002547,2026-05-12,08:56:31,CLI-013,Patricia Mendoza,PROD-017,1,8.41,0.00,EFECTIVO
VTA-002548,2026-05-12,17:06:56,CLI-053,Patricia Castro,PROD-011,2,4.46,0.00,EFECTIVO
VTA-002548,2026-05-12,17:06:56,CLI-053,Patricia Castro,PROD-031,7,0.40,0.00,EFECTIVO
VTA-002548,2026-05-12,17:06:56,CLI-053,Patricia Castro,PROD-010,5,3.96,0.00,EFECTIVO
VTA-002549,2026-05-12,17:58:43,CLI-060,Marco Castro,PROD-012,3,7.82,0.00,EFECTIVO
VTA-002549,2026-05-12,17:58:43,CLI-060,Marco Castro,PROD-019,5,8.81,0.00,EFECTIVO
VTA-002550,2026-05-12,07:49:26,CLI-056,Víctor Castro,PROD-006,2,1.98,0.00,EFECTIVO
VTA-002551,2026-05-12,07:19:14,CLI-051,Elena Castro,PROD-027,5,2.48,0.00,YAPE
VTA-002551,2026-05-12,07:19:14,CLI-051,Elena Castro,PROD-019,4,8.81,0.00,YAPE
VTA-002552,2026-05-12,18:04:06,CLI-004,Luis Mendoza,PROD-010,6,3.96,0.00,YAPE
VTA-002552,2026-05-12,18:04:06,CLI-004,Luis Mendoza,PROD-013,1,2.18,0.00,YAPE
VTA-002552,2026-05-12,18:04:06,CLI-004,Luis Mendoza,PROD-006,6,1.98,0.00,YAPE
VTA-002552,2026-05-12,18:04:06,CLI-004,Luis Mendoza,PROD-008,3,3.17,0.00,YAPE
VTA-002553,2026-05-12,14:30:11,CLI-053,Patricia Castro,PROD-001,1,5.15,0.28,EFECTIVO
VTA-002553,2026-05-12,14:30:11,CLI-053,Patricia Castro,PROD-015,1,8.81,0.00,EFECTIVO
VTA-002553,2026-05-12,14:30:11,CLI-053,Patricia Castro,PROD-011,5,4.46,0.00,EFECTIVO
VTA-002554,2026-05-12,12:33:00,CLI-065,Carmen Díaz,PROD-022,6,3.17,0.00,PLIN
VTA-002555,2026-05-12,18:31:26,CLI-039,Diana García,PROD-006,2,1.98,0.00,TARJETA
VTA-002556,2026-05-12,21:07:27,CLI-023,María García,PROD-027,5,2.48,0.00,EFECTIVO
VTA-002556,2026-05-12,21:07:27,CLI-023,María García,PROD-004,2,3.46,0.00,EFECTIVO
VTA-002556,2026-05-12,21:07:27,CLI-023,María García,PROD-011,3,4.46,0.00,EFECTIVO
VTA-002556,2026-05-12,21:07:27,CLI-023,María García,PROD-001,6,5.15,0.00,EFECTIVO
VTA-002557,2026-05-12,13:55:29,CLI-029,Lucía García,PROD-009,2,5.84,0.00,EFECTIVO
VTA-002557,2026-05-12,13:55:29,CLI-029,Lucía García,PROD-006,5,1.98,0.00,EFECTIVO
VTA-002558,2026-05-12,07:40:28,CLI-066,Carlos Díaz,PROD-006,3,1.98,0.00,TARJETA
VTA-002559,2026-05-13,19:21:56,CLI-051,Elena Castro,PROD-011,3,4.46,0.00,EFECTIVO
VTA-002560,2026-05-13,17:51:07,CLI-065,Carmen Díaz,PROD-014,5,9.40,0.00,YAPE
VTA-002560,2026-05-13,17:51:07,CLI-065,Carmen Díaz,PROD-004,1,3.46,0.00,YAPE
VTA-002561,2026-05-13,12:07:07,CLI-031,Elena García,PROD-028,3,1.98,0.00,EFECTIVO
VTA-002562,2026-05-13,08:01:37,CLI-007,Ana Mendoza,PROD-022,1,3.17,0.29,EFECTIVO
VTA-002562,2026-05-13,08:01:37,CLI-007,Ana Mendoza,PROD-026,5,1.48,0.00,EFECTIVO
VTA-002563,2026-05-13,14:01:17,CLI-009,Lucía Mendoza,PROD-009,2,5.84,0.00,PLIN
VTA-002563,2026-05-13,14:01:17,CLI-009,Lucía Mendoza,PROD-012,3,7.82,0.00,PLIN
VTA-002563,2026-05-13,14:01:17,CLI-009,Lucía Mendoza,PROD-010,6,3.96,0.00,PLIN
VTA-002564,2026-05-13,16:47:59,CLI-011,Elena Mendoza,PROD-033,3,9.80,0.00,TARJETA
VTA-002564,2026-05-13,16:47:59,CLI-011,Elena Mendoza,PROD-031,18,0.40,0.00,TARJETA
VTA-002565,2026-05-13,14:03:20,CLI-011,Elena Mendoza,PROD-011,2,4.46,0.00,YAPE
VTA-002565,2026-05-13,14:03:20,CLI-011,Elena Mendoza,PROD-008,1,3.17,0.00,YAPE
VTA-002565,2026-05-13,14:03:20,CLI-011,Elena Mendoza,PROD-023,3,7.42,0.00,YAPE
VTA-002565,2026-05-13,14:03:20,CLI-011,Elena Mendoza,PROD-031,5,0.40,0.00,YAPE
VTA-002565,2026-05-13,14:03:20,CLI-011,Elena Mendoza,PROD-007,3,3.46,0.00,YAPE
VTA-002566,2026-05-13,11:10:43,CLI-014,Juan Mendoza,PROD-026,3,1.48,0.00,YAPE
VTA-002567,2026-05-13,18:09:24,CLI-046,Carlos Castro,PROD-015,6,8.81,0.00,TARJETA
VTA-002567,2026-05-13,18:09:24,CLI-046,Carlos Castro,PROD-029,4,2.77,0.00,TARJETA
VTA-002567,2026-05-13,18:09:24,CLI-046,Carlos Castro,PROD-027,5,2.48,0.00,TARJETA
VTA-002568,2026-05-13,12:27:20,CLI-032,Pedro García,PROD-004,6,3.46,0.00,EFECTIVO
VTA-002569,2026-05-13,14:39:09,CLI-020,Marco Mendoza,PROD-034,1,4.46,0.00,EFECTIVO
VTA-002569,2026-05-13,14:39:09,CLI-020,Marco Mendoza,PROD-006,4,1.98,0.72,EFECTIVO
VTA-002570,2026-05-13,08:30:07,CLI-092,Pedro Rojas,PROD-032,6,6.43,0.00,EFECTIVO
VTA-002570,2026-05-13,08:30:07,CLI-092,Pedro Rojas,PROD-031,5,0.40,0.00,EFECTIVO
VTA-002571,2026-05-13,12:44:52,CLI-035,Milagros García,PROD-002,2,4.75,0.00,EFECTIVO
VTA-002571,2026-05-13,12:44:52,CLI-035,Milagros García,PROD-031,14,0.40,0.00,EFECTIVO
VTA-002572,2026-05-13,17:08:47,CLI-068,Jorge Díaz,PROD-009,2,5.84,0.00,EFECTIVO
VTA-002573,2026-05-14,10:53:52,CLI-003,María Mendoza,PROD-001,6,5.15,0.00,EFECTIVO
VTA-002573,2026-05-14,10:53:52,CLI-003,María Mendoza,PROD-004,2,3.46,0.00,EFECTIVO
VTA-002573,2026-05-14,10:53:52,CLI-003,María Mendoza,PROD-011,4,4.46,0.00,EFECTIVO
VTA-002573,2026-05-14,10:53:52,CLI-003,María Mendoza,PROD-006,3,1.98,0.00,EFECTIVO
VTA-002573,2026-05-14,10:53:52,CLI-003,María Mendoza,PROD-016,5,11.38,0.00,EFECTIVO
VTA-002574,2026-05-14,09:02:30,CLI-002,José Mendoza,PROD-012,1,7.82,0.00,EFECTIVO
VTA-002574,2026-05-14,09:02:30,CLI-002,José Mendoza,PROD-003,5,10.79,3.03,EFECTIVO
VTA-002574,2026-05-14,09:02:30,CLI-002,José Mendoza,PROD-031,16,0.40,0.00,EFECTIVO
VTA-002574,2026-05-14,09:02:30,CLI-002,José Mendoza,PROD-022,2,3.17,0.90,EFECTIVO
VTA-002575,2026-05-14,17:34:51,CLI-024,Luis García,PROD-001,6,5.15,0.00,EFECTIVO
VTA-002575,2026-05-14,17:34:51,CLI-024,Luis García,PROD-008,3,3.17,0.00,EFECTIVO
VTA-002576,2026-05-14,14:41:30,CLI-065,Carmen Díaz,PROD-011,1,4.46,0.00,YAPE
VTA-002577,2026-05-14,17:11:58,CLI-047,Ana Castro,PROD-032,4,6.43,0.00,PLIN
VTA-002578,2026-05-14,10:36:27,CLI-010,Miguel Mendoza,PROD-011,2,4.46,0.00,EFECTIVO
VTA-002578,2026-05-14,10:36:27,CLI-010,Miguel Mendoza,PROD-028,4,1.98,0.00,EFECTIVO
VTA-002578,2026-05-14,10:36:27,CLI-010,Miguel Mendoza,PROD-004,1,3.46,0.00,EFECTIVO
VTA-002579,2026-05-14,12:09:58,CLI-005,Carmen Mendoza,PROD-028,6,1.98,0.00,YAPE
VTA-002579,2026-05-14,12:09:58,CLI-005,Carmen Mendoza,PROD-012,4,7.82,3.49,YAPE
VTA-002579,2026-05-14,12:09:58,CLI-005,Carmen Mendoza,PROD-015,2,8.81,0.00,YAPE
VTA-002580,2026-05-14,07:42:44,CLI-009,Lucía Mendoza,PROD-027,6,2.48,0.42,PLIN
VTA-002580,2026-05-14,07:42:44,CLI-009,Lucía Mendoza,PROD-004,2,3.46,0.00,PLIN
VTA-002580,2026-05-14,07:42:44,CLI-009,Lucía Mendoza,PROD-031,2,0.40,0.00,PLIN
VTA-002581,2026-05-14,09:44:08,CLI-009,Lucía Mendoza,PROD-031,5,0.40,0.00,EFECTIVO
VTA-002581,2026-05-14,09:44:08,CLI-009,Lucía Mendoza,PROD-026,1,1.48,0.00,EFECTIVO
VTA-002581,2026-05-14,09:44:08,CLI-009,Lucía Mendoza,PROD-010,4,3.96,1.59,EFECTIVO
VTA-002582,2026-05-14,07:05:55,CLI-007,Ana Mendoza,PROD-002,6,4.75,0.00,PLIN
VTA-002582,2026-05-14,07:05:55,CLI-007,Ana Mendoza,PROD-013,5,2.18,0.91,PLIN
VTA-002582,2026-05-14,07:05:55,CLI-007,Ana Mendoza,PROD-032,3,6.43,0.00,PLIN
VTA-002582,2026-05-14,07:05:55,CLI-007,Ana Mendoza,PROD-015,4,8.81,0.00,PLIN
VTA-002583,2026-05-14,08:39:56,CLI-094,Juan Rojas,PROD-009,6,5.84,0.00,PLIN
VTA-002584,2026-05-14,17:07:19,CLI-032,Pedro García,PROD-031,6,0.40,0.00,PLIN
VTA-002585,2026-05-14,16:15:26,CLI-065,Carmen Díaz,PROD-001,5,5.15,0.00,EFECTIVO
VTA-002586,2026-05-14,08:35:16,CLI-039,Diana García,PROD-007,6,3.46,0.00,EFECTIVO
VTA-002586,2026-05-14,08:35:16,CLI-039,Diana García,PROD-023,1,7.42,0.00,EFECTIVO
VTA-002586,2026-05-14,08:35:16,CLI-039,Diana García,PROD-011,1,4.46,0.00,EFECTIVO
VTA-002587,2026-05-15,09:35:59,CLI-014,Juan Mendoza,PROD-007,5,3.46,0.00,YAPE
VTA-002588,2026-05-15,19:41:55,CLI-064,Luis Díaz,PROD-031,7,0.40,0.00,PLIN
VTA-002588,2026-05-15,19:41:55,CLI-064,Luis Díaz,PROD-028,5,1.98,0.00,PLIN
VTA-002588,2026-05-15,19:41:55,CLI-064,Luis Díaz,PROD-004,5,3.46,0.00,PLIN
VTA-002588,2026-05-15,19:41:55,CLI-064,Luis Díaz,PROD-011,1,4.46,0.00,PLIN
VTA-002589,2026-05-15,20:55:18,CLI-014,Juan Mendoza,PROD-031,20,0.40,0.00,EFECTIVO
VTA-002589,2026-05-15,20:55:18,CLI-014,Juan Mendoza,PROD-001,2,5.15,0.00,EFECTIVO
VTA-002589,2026-05-15,20:55:18,CLI-014,Juan Mendoza,PROD-010,2,3.96,0.79,EFECTIVO
VTA-002589,2026-05-15,20:55:18,CLI-014,Juan Mendoza,PROD-006,3,1.98,0.00,EFECTIVO
VTA-002589,2026-05-15,20:55:18,CLI-014,Juan Mendoza,PROD-002,2,4.75,0.00,EFECTIVO
VTA-002590,2026-05-15,13:03:00,CLI-001,Rosa Mendoza,PROD-022,2,3.17,0.00,EFECTIVO
VTA-002590,2026-05-15,13:03:00,CLI-001,Rosa Mendoza,PROD-003,5,10.79,0.00,EFECTIVO
VTA-002590,2026-05-15,13:03:00,CLI-001,Rosa Mendoza,PROD-005,1,6.83,0.00,EFECTIVO
VTA-002590,2026-05-15,13:03:00,CLI-001,Rosa Mendoza,PROD-013,1,2.18,0.00,EFECTIVO
VTA-002591,2026-05-15,20:33:51,CLI-039,Diana García,PROD-018,1,4.16,0.00,EFECTIVO
VTA-002591,2026-05-15,20:33:51,CLI-039,Diana García,PROD-010,4,3.96,0.00,EFECTIVO
VTA-002592,2026-05-15,12:50:24,CLI-065,Carmen Díaz,PROD-028,6,1.98,0.00,EFECTIVO
VTA-002592,2026-05-15,12:50:24,CLI-065,Carmen Díaz,PROD-002,6,4.75,0.00,EFECTIVO
VTA-002593,2026-05-15,11:40:05,CLI-020,Marco Mendoza,PROD-019,3,8.81,0.00,PLIN
VTA-002593,2026-05-15,11:40:05,CLI-020,Marco Mendoza,PROD-003,4,10.79,4.14,PLIN
VTA-002593,2026-05-15,11:40:05,CLI-020,Marco Mendoza,PROD-010,4,3.96,1.06,PLIN
VTA-002593,2026-05-15,11:40:05,CLI-020,Marco Mendoza,PROD-007,6,3.46,0.00,PLIN
VTA-002593,2026-05-15,11:40:05,CLI-020,Marco Mendoza,PROD-034,6,4.46,0.00,PLIN
VTA-002594,2026-05-15,18:53:24,CLI-054,Juan Castro,PROD-010,3,3.96,0.00,TARJETA
VTA-002595,2026-05-15,08:34:46,CLI-007,Ana Mendoza,PROD-027,6,2.48,0.00,EFECTIVO
VTA-002596,2026-05-15,11:21:19,CLI-035,Milagros García,PROD-026,3,1.48,0.00,EFECTIVO
VTA-002596,2026-05-15,11:21:19,CLI-035,Milagros García,PROD-031,11,0.40,0.00,EFECTIVO
VTA-002596,2026-05-15,11:21:19,CLI-035,Milagros García,PROD-006,2,1.98,0.00,EFECTIVO
VTA-002596,2026-05-15,11:21:19,CLI-035,Milagros García,PROD-028,1,1.98,0.00,EFECTIVO
VTA-002596,2026-05-15,11:21:19,CLI-035,Milagros García,PROD-022,5,3.17,0.00,EFECTIVO
VTA-002597,2026-05-15,07:14:28,CLI-062,José Díaz,PROD-008,5,3.17,0.00,YAPE
VTA-002597,2026-05-15,07:14:28,CLI-062,José Díaz,PROD-016,1,11.38,0.00,YAPE
VTA-002598,2026-05-15,17:51:57,CLI-056,Víctor Castro,PROD-008,3,3.17,0.00,EFECTIVO
VTA-002598,2026-05-15,17:51:57,CLI-056,Víctor Castro,PROD-011,5,4.46,0.00,EFECTIVO
VTA-002599,2026-05-15,18:46:24,CLI-009,Lucía Mendoza,PROD-013,2,2.18,0.25,YAPE
VTA-002599,2026-05-15,18:46:24,CLI-009,Lucía Mendoza,PROD-012,2,7.82,0.00,YAPE
VTA-002600,2026-05-15,18:38:06,CLI-006,Carlos Mendoza,PROD-014,1,9.40,0.00,TARJETA
VTA-002600,2026-05-15,18:38:06,CLI-006,Carlos Mendoza,PROD-001,6,5.15,0.00,TARJETA
VTA-002601,2026-05-15,17:03:05,CLI-014,Juan Mendoza,PROD-013,3,2.18,0.44,EFECTIVO
VTA-002601,2026-05-15,17:03:05,CLI-014,Juan Mendoza,PROD-019,4,8.81,0.00,EFECTIVO
VTA-002602,2026-05-15,19:39:23,CLI-047,Ana Castro,PROD-026,4,1.48,0.00,EFECTIVO
VTA-002602,2026-05-15,19:39:23,CLI-047,Ana Castro,PROD-006,6,1.98,0.00,EFECTIVO
VTA-002603,2026-05-15,21:59:59,CLI-032,Pedro García,PROD-007,4,3.46,0.00,EFECTIVO
VTA-002603,2026-05-15,21:59:59,CLI-032,Pedro García,PROD-020,4,6.43,0.00,EFECTIVO
VTA-002603,2026-05-15,21:59:59,CLI-032,Pedro García,PROD-006,4,1.98,0.00,EFECTIVO
VTA-002603,2026-05-15,21:59:59,CLI-032,Pedro García,PROD-011,3,4.46,0.00,EFECTIVO
VTA-002604,2026-05-15,20:04:16,CLI-041,Rosa Castro,PROD-023,1,7.42,0.00,EFECTIVO
VTA-002604,2026-05-15,20:04:16,CLI-041,Rosa Castro,PROD-015,2,8.81,0.00,EFECTIVO
VTA-002605,2026-05-15,21:14:34,CLI-072,Pedro Díaz,PROD-027,2,2.48,0.00,EFECTIVO
VTA-002606,2026-05-15,10:51:58,CLI-031,Elena García,PROD-022,4,3.17,0.00,YAPE
VTA-002607,2026-05-15,15:28:43,CLI-043,María Castro,PROD-006,3,1.98,0.00,EFECTIVO
VTA-002607,2026-05-15,15:28:43,CLI-043,María Castro,PROD-018,1,4.16,0.00,EFECTIVO
VTA-002607,2026-05-15,15:28:43,CLI-043,María Castro,PROD-029,2,2.77,0.00,EFECTIVO
VTA-002608,2026-05-15,17:08:09,CLI-059,Diana Castro,PROD-017,5,8.41,0.00,EFECTIVO
VTA-002608,2026-05-15,17:08:09,CLI-059,Diana Castro,PROD-031,3,0.40,0.00,EFECTIVO
VTA-002609,2026-05-15,19:16:05,CLI-092,Pedro Rojas,PROD-004,3,3.46,0.00,YAPE
VTA-002609,2026-05-15,19:16:05,CLI-092,Pedro Rojas,PROD-018,5,4.16,0.00,YAPE
VTA-002609,2026-05-15,19:16:05,CLI-092,Pedro Rojas,PROD-012,2,7.82,0.93,YAPE
VTA-002609,2026-05-15,19:16:05,CLI-092,Pedro Rojas,PROD-017,4,8.41,0.00,YAPE
VTA-002609,2026-05-15,19:16:05,CLI-092,Pedro Rojas,PROD-031,8,0.40,0.00,YAPE
VTA-002610,2026-05-15,15:11:26,CLI-050,Miguel Castro,PROD-026,4,1.48,0.00,TARJETA
VTA-002610,2026-05-15,15:11:26,CLI-050,Miguel Castro,PROD-008,4,3.17,0.00,TARJETA
VTA-002611,2026-05-15,12:56:21,CLI-006,Carlos Mendoza,PROD-022,5,3.17,0.00,EFECTIVO
VTA-002612,2026-05-15,17:50:44,CLI-051,Elena Castro,PROD-007,4,3.46,0.00,EFECTIVO
VTA-002613,2026-05-16,12:35:11,CLI-052,Pedro Castro,PROD-002,4,4.75,0.00,YAPE
VTA-002614,2026-05-16,21:34:14,CLI-009,Lucía Mendoza,PROD-002,6,4.75,0.00,YAPE
VTA-002614,2026-05-16,21:34:14,CLI-009,Lucía Mendoza,PROD-034,3,4.46,0.00,YAPE
VTA-002614,2026-05-16,21:34:14,CLI-009,Lucía Mendoza,PROD-007,3,3.46,0.00,YAPE
VTA-002615,2026-05-16,10:17:06,CLI-036,Víctor García,PROD-028,6,1.98,0.00,YAPE
VTA-002615,2026-05-16,10:17:06,CLI-036,Víctor García,PROD-002,1,4.75,0.00,YAPE
VTA-002616,2026-05-16,21:05:39,CLI-006,Carlos Mendoza,PROD-007,6,3.46,0.00,PLIN
VTA-002616,2026-05-16,21:05:39,CLI-006,Carlos Mendoza,PROD-022,4,3.17,0.00,PLIN
VTA-002617,2026-05-16,17:22:57,CLI-012,Pedro Mendoza,PROD-029,1,2.77,0.00,TARJETA
VTA-002617,2026-05-16,17:22:57,CLI-012,Pedro Mendoza,PROD-031,10,0.40,0.00,TARJETA
VTA-002617,2026-05-16,17:22:57,CLI-012,Pedro Mendoza,PROD-027,5,2.48,0.00,TARJETA
VTA-002617,2026-05-16,17:22:57,CLI-012,Pedro Mendoza,PROD-016,2,11.38,0.00,TARJETA
VTA-002617,2026-05-16,17:22:57,CLI-012,Pedro Mendoza,PROD-028,5,1.98,0.00,TARJETA
VTA-002618,2026-05-16,15:14:25,CLI-013,Patricia Mendoza,PROD-028,6,1.98,0.00,PLIN
VTA-002619,2026-05-16,08:14:49,CLI-019,Diana Mendoza,PROD-012,4,7.82,0.00,YAPE
VTA-002619,2026-05-16,08:14:49,CLI-019,Diana Mendoza,PROD-026,4,1.48,0.00,YAPE
VTA-002619,2026-05-16,08:14:49,CLI-019,Diana Mendoza,PROD-008,1,3.17,0.00,YAPE
VTA-002620,2026-05-16,19:43:37,CLI-048,Jorge Castro,PROD-002,3,4.75,0.00,PLIN
VTA-002620,2026-05-16,19:43:37,CLI-048,Jorge Castro,PROD-005,4,6.83,2.63,PLIN
VTA-002621,2026-05-16,10:27:10,CLI-011,Elena Mendoza,PROD-033,1,9.80,0.00,PLIN
VTA-002621,2026-05-16,10:27:10,CLI-011,Elena Mendoza,PROD-011,3,4.46,0.00,PLIN
VTA-002622,2026-05-16,11:57:58,CLI-003,María Mendoza,PROD-029,5,2.77,0.00,YAPE
VTA-002622,2026-05-16,11:57:58,CLI-003,María Mendoza,PROD-006,2,1.98,0.00,YAPE
VTA-002622,2026-05-16,11:57:58,CLI-003,María Mendoza,PROD-033,2,9.80,0.00,YAPE
VTA-002622,2026-05-16,11:57:58,CLI-003,María Mendoza,PROD-011,4,4.46,0.00,YAPE
VTA-002623,2026-05-16,18:48:24,CLI-018,Renzo Mendoza,PROD-027,2,2.48,0.00,YAPE
VTA-002624,2026-05-16,11:13:09,CLI-051,Elena Castro,PROD-031,12,0.40,0.00,YAPE
VTA-002625,2026-05-16,18:35:54,CLI-019,Diana Mendoza,PROD-028,2,1.98,0.00,PLIN
VTA-002626,2026-05-16,18:17:00,CLI-078,Renzo Díaz,PROD-031,11,0.40,0.00,EFECTIVO
VTA-002626,2026-05-16,18:17:00,CLI-078,Renzo Díaz,PROD-002,4,4.75,0.00,EFECTIVO
VTA-002627,2026-05-16,09:09:23,CLI-040,Marco García,PROD-001,3,5.15,0.00,PLIN
VTA-002627,2026-05-16,09:09:23,CLI-040,Marco García,PROD-019,2,8.81,0.00,PLIN
VTA-002627,2026-05-16,09:09:23,CLI-040,Marco García,PROD-010,6,3.96,0.00,PLIN
VTA-002627,2026-05-16,09:09:23,CLI-040,Marco García,PROD-017,6,8.41,0.00,PLIN
VTA-002627,2026-05-16,09:09:23,CLI-040,Marco García,PROD-006,5,1.98,0.00,PLIN
VTA-002628,2026-05-16,14:08:23,CLI-003,María Mendoza,PROD-033,3,9.80,0.00,YAPE
VTA-002628,2026-05-16,14:08:23,CLI-003,María Mendoza,PROD-012,6,7.82,0.00,YAPE
VTA-002629,2026-05-16,17:18:25,CLI-065,Carmen Díaz,PROD-006,4,1.98,0.00,TARJETA
VTA-002630,2026-05-16,12:22:44,CLI-049,Lucía Castro,PROD-014,6,9.40,0.00,YAPE
VTA-002631,2026-05-16,13:43:11,CLI-015,Milagros Mendoza,PROD-004,5,3.46,0.00,EFECTIVO
VTA-002631,2026-05-16,13:43:11,CLI-015,Milagros Mendoza,PROD-026,6,1.48,0.00,EFECTIVO
VTA-002631,2026-05-16,13:43:11,CLI-015,Milagros Mendoza,PROD-020,5,6.43,0.00,EFECTIVO
VTA-002632,2026-05-16,16:22:00,CLI-014,Juan Mendoza,PROD-012,4,7.82,0.00,PLIN
VTA-002632,2026-05-16,16:22:00,CLI-014,Juan Mendoza,PROD-002,5,4.75,0.00,PLIN
VTA-002633,2026-05-16,21:56:33,CLI-014,Juan Mendoza,PROD-031,3,0.40,0.00,YAPE
VTA-002633,2026-05-16,21:56:33,CLI-014,Juan Mendoza,PROD-019,4,8.81,0.00,YAPE
VTA-002634,2026-05-16,16:38:12,CLI-007,Ana Mendoza,PROD-016,2,11.38,0.00,EFECTIVO
VTA-002635,2026-05-17,19:47:21,CLI-026,Carlos García,PROD-031,19,0.40,0.90,PLIN
VTA-002635,2026-05-17,19:47:21,CLI-026,Carlos García,PROD-013,5,2.18,0.00,PLIN
VTA-002635,2026-05-17,19:47:21,CLI-026,Carlos García,PROD-034,6,4.46,0.00,PLIN
VTA-002635,2026-05-17,19:47:21,CLI-026,Carlos García,PROD-012,5,7.82,0.00,PLIN
VTA-002635,2026-05-17,19:47:21,CLI-026,Carlos García,PROD-004,5,3.46,0.00,PLIN
VTA-002636,2026-05-17,19:46:52,CLI-004,Luis Mendoza,PROD-017,2,8.41,0.00,YAPE
VTA-002637,2026-05-17,09:56:10,CLI-005,Carmen Mendoza,PROD-006,1,1.98,0.00,YAPE
VTA-002637,2026-05-17,09:56:10,CLI-005,Carmen Mendoza,PROD-028,2,1.98,0.00,YAPE
VTA-002637,2026-05-17,09:56:10,CLI-005,Carmen Mendoza,PROD-008,2,3.17,0.00,YAPE
VTA-002638,2026-05-17,19:51:27,CLI-006,Carlos Mendoza,PROD-004,4,3.46,0.00,EFECTIVO
VTA-002639,2026-05-17,14:37:00,CLI-040,Marco García,PROD-006,1,1.98,0.00,YAPE
VTA-002639,2026-05-17,14:37:00,CLI-040,Marco García,PROD-003,3,10.79,0.00,YAPE
VTA-002639,2026-05-17,14:37:00,CLI-040,Marco García,PROD-027,4,2.48,0.00,YAPE
VTA-002639,2026-05-17,14:37:00,CLI-040,Marco García,PROD-011,6,4.46,0.00,YAPE
VTA-002639,2026-05-17,14:37:00,CLI-040,Marco García,PROD-008,5,3.17,0.00,YAPE
VTA-002640,2026-05-17,14:41:04,CLI-041,Rosa Castro,PROD-019,6,8.81,2.56,TARJETA
VTA-002640,2026-05-17,14:41:04,CLI-041,Rosa Castro,PROD-009,2,5.84,0.00,TARJETA
VTA-002641,2026-05-17,09:23:38,CLI-053,Patricia Castro,PROD-007,2,3.46,0.00,EFECTIVO
VTA-002642,2026-05-17,19:19:27,CLI-079,Diana Díaz,PROD-004,2,3.46,0.62,EFECTIVO
VTA-002642,2026-05-17,19:19:27,CLI-079,Diana Díaz,PROD-006,2,1.98,0.00,EFECTIVO
VTA-002643,2026-05-17,09:31:10,CLI-008,Jorge Mendoza,PROD-015,6,8.81,0.00,PLIN
VTA-002644,2026-05-17,19:54:17,CLI-033,Patricia García,PROD-031,18,0.40,0.00,EFECTIVO
VTA-002644,2026-05-17,19:54:17,CLI-033,Patricia García,PROD-019,4,8.81,4.43,EFECTIVO
VTA-002644,2026-05-17,19:54:17,CLI-033,Patricia García,PROD-008,6,3.17,2.14,EFECTIVO
VTA-002644,2026-05-17,19:54:17,CLI-033,Patricia García,PROD-013,1,2.18,0.00,EFECTIVO
VTA-002644,2026-05-17,19:54:17,CLI-033,Patricia García,PROD-001,2,5.15,0.00,EFECTIVO
VTA-002645,2026-05-17,15:25:47,CLI-056,Víctor Castro,PROD-013,4,2.18,0.00,YAPE
VTA-002646,2026-05-17,08:14:06,CLI-068,Jorge Díaz,PROD-015,5,8.81,0.00,YAPE
VTA-002646,2026-05-17,08:14:06,CLI-068,Jorge Díaz,PROD-006,6,1.98,0.00,YAPE
VTA-002647,2026-05-17,10:24:46,CLI-006,Carlos Mendoza,PROD-001,4,5.15,0.00,EFECTIVO
VTA-002647,2026-05-17,10:24:46,CLI-006,Carlos Mendoza,PROD-004,3,3.46,0.00,EFECTIVO
VTA-002648,2026-05-17,17:07:38,CLI-043,María Castro,PROD-013,6,2.18,0.00,PLIN
VTA-002648,2026-05-17,17:07:38,CLI-043,María Castro,PROD-001,6,5.15,0.00,PLIN
VTA-002648,2026-05-17,17:07:38,CLI-043,María Castro,PROD-014,6,9.40,0.00,PLIN
VTA-002648,2026-05-17,17:07:38,CLI-043,María Castro,PROD-011,4,4.46,0.00,PLIN
VTA-002648,2026-05-17,17:07:38,CLI-043,María Castro,PROD-026,6,1.48,0.00,PLIN
VTA-002649,2026-05-17,09:52:24,CLI-009,Lucía Mendoza,PROD-034,5,4.46,0.00,TARJETA
VTA-002649,2026-05-17,09:52:24,CLI-009,Lucía Mendoza,PROD-008,1,3.17,0.00,TARJETA
VTA-002650,2026-05-17,11:21:48,CLI-008,Jorge Mendoza,PROD-001,3,5.15,0.00,YAPE
VTA-002650,2026-05-17,11:21:48,CLI-008,Jorge Mendoza,PROD-032,3,6.43,0.00,YAPE
VTA-002650,2026-05-17,11:21:48,CLI-008,Jorge Mendoza,PROD-029,4,2.77,0.00,YAPE
VTA-002650,2026-05-17,11:21:48,CLI-008,Jorge Mendoza,PROD-008,6,3.17,0.00,YAPE
VTA-002651,2026-05-17,11:13:43,CLI-011,Elena Mendoza,PROD-018,6,4.16,0.00,YAPE
VTA-002651,2026-05-17,11:13:43,CLI-011,Elena Mendoza,PROD-027,3,2.48,0.00,YAPE
VTA-002651,2026-05-17,11:13:43,CLI-011,Elena Mendoza,PROD-002,1,4.75,0.00,YAPE
VTA-002652,2026-05-17,14:05:12,CLI-055,Milagros Castro,PROD-019,4,8.81,0.71,EFECTIVO
VTA-002652,2026-05-17,14:05:12,CLI-055,Milagros Castro,PROD-029,2,2.77,0.00,EFECTIVO
VTA-002653,2026-05-17,16:36:28,CLI-009,Lucía Mendoza,PROD-029,6,2.77,0.00,PLIN
VTA-002653,2026-05-17,16:36:28,CLI-009,Lucía Mendoza,PROD-006,1,1.98,0.00,PLIN
VTA-002653,2026-05-17,16:36:28,CLI-009,Lucía Mendoza,PROD-027,6,2.48,0.00,PLIN
VTA-002654,2026-05-17,13:10:14,CLI-070,Miguel Díaz,PROD-013,1,2.18,0.00,EFECTIVO
VTA-002654,2026-05-17,13:10:14,CLI-070,Miguel Díaz,PROD-009,3,5.84,0.00,EFECTIVO
VTA-002655,2026-05-17,17:18:34,CLI-002,José Mendoza,PROD-003,1,10.79,1.30,TARJETA
VTA-002656,2026-05-17,14:15:23,CLI-038,Renzo García,PROD-004,5,3.46,0.00,EFECTIVO
VTA-002656,2026-05-17,14:15:23,CLI-038,Renzo García,PROD-002,6,4.75,0.00,EFECTIVO
VTA-002656,2026-05-17,14:15:23,CLI-038,Renzo García,PROD-014,1,9.40,0.00,EFECTIVO
VTA-002657,2026-05-17,15:04:19,CLI-037,Claudia García,PROD-026,3,1.48,0.00,YAPE
VTA-002657,2026-05-17,15:04:19,CLI-037,Claudia García,PROD-001,2,5.15,0.00,YAPE
VTA-002658,2026-05-17,12:39:38,CLI-013,Patricia Mendoza,PROD-016,6,11.38,0.00,EFECTIVO
VTA-002658,2026-05-17,12:39:38,CLI-013,Patricia Mendoza,PROD-014,3,9.40,0.00,EFECTIVO
VTA-002658,2026-05-17,12:39:38,CLI-013,Patricia Mendoza,PROD-027,6,2.48,0.00,EFECTIVO
VTA-002659,2026-05-17,16:41:40,CLI-008,Jorge Mendoza,PROD-031,4,0.40,0.00,EFECTIVO
VTA-002660,2026-05-17,13:09:02,CLI-006,Carlos Mendoza,PROD-026,1,1.48,0.00,EFECTIVO
VTA-002660,2026-05-17,13:09:02,CLI-006,Carlos Mendoza,PROD-007,1,3.46,0.00,EFECTIVO
VTA-002660,2026-05-17,13:09:02,CLI-006,Carlos Mendoza,PROD-006,6,1.98,0.00,EFECTIVO
VTA-002660,2026-05-17,13:09:02,CLI-006,Carlos Mendoza,PROD-016,4,11.38,0.00,EFECTIVO
VTA-002661,2026-05-17,15:58:02,CLI-012,Pedro Mendoza,PROD-010,1,3.96,0.30,EFECTIVO
VTA-002661,2026-05-17,15:58:02,CLI-012,Pedro Mendoza,PROD-028,4,1.98,0.00,EFECTIVO
VTA-002662,2026-05-18,08:14:21,CLI-010,Miguel Mendoza,PROD-012,5,7.82,0.00,YAPE
VTA-002662,2026-05-18,08:14:21,CLI-010,Miguel Mendoza,PROD-031,7,0.40,0.00,YAPE
VTA-002663,2026-05-18,13:42:55,CLI-034,Juan García,PROD-004,2,3.46,0.00,PLIN
VTA-002663,2026-05-18,13:42:55,CLI-034,Juan García,PROD-007,5,3.46,0.00,PLIN
VTA-002664,2026-05-18,17:36:17,CLI-024,Luis García,PROD-013,5,2.18,1.56,PLIN
VTA-002665,2026-05-18,20:21:22,CLI-012,Pedro Mendoza,PROD-009,3,5.84,0.00,EFECTIVO
VTA-002665,2026-05-18,20:21:22,CLI-012,Pedro Mendoza,PROD-006,4,1.98,0.00,EFECTIVO
VTA-002666,2026-05-18,21:48:10,CLI-015,Milagros Mendoza,PROD-009,5,5.84,0.00,PLIN
VTA-002666,2026-05-18,21:48:10,CLI-015,Milagros Mendoza,PROD-028,6,1.98,0.00,PLIN
VTA-002666,2026-05-18,21:48:10,CLI-015,Milagros Mendoza,PROD-017,6,8.41,0.00,PLIN
VTA-002667,2026-05-18,07:21:55,CLI-058,Renzo Castro,PROD-026,5,1.48,0.00,YAPE
VTA-002667,2026-05-18,07:21:55,CLI-058,Renzo Castro,PROD-029,3,2.77,0.00,YAPE
VTA-002667,2026-05-18,07:21:55,CLI-058,Renzo Castro,PROD-011,4,4.46,0.00,YAPE
VTA-002668,2026-05-18,08:03:00,CLI-065,Carmen Díaz,PROD-031,18,0.40,0.00,YAPE
VTA-002668,2026-05-18,08:03:00,CLI-065,Carmen Díaz,PROD-028,3,1.98,0.00,YAPE
VTA-002668,2026-05-18,08:03:00,CLI-065,Carmen Díaz,PROD-011,6,4.46,0.00,YAPE
VTA-002668,2026-05-18,08:03:00,CLI-065,Carmen Díaz,PROD-027,1,2.48,0.27,YAPE
VTA-002668,2026-05-18,08:03:00,CLI-065,Carmen Díaz,PROD-032,5,6.43,0.00,YAPE
VTA-002669,2026-05-18,16:59:50,CLI-064,Luis Díaz,PROD-034,4,4.46,0.00,EFECTIVO
VTA-002669,2026-05-18,16:59:50,CLI-064,Luis Díaz,PROD-006,6,1.98,1.16,EFECTIVO
VTA-002670,2026-05-18,18:09:51,CLI-045,Carmen Castro,PROD-031,4,0.40,0.00,EFECTIVO
VTA-002670,2026-05-18,18:09:51,CLI-045,Carmen Castro,PROD-010,3,3.96,0.00,EFECTIVO
VTA-002670,2026-05-18,18:09:51,CLI-045,Carmen Castro,PROD-016,5,11.38,1.96,EFECTIVO
VTA-002671,2026-05-18,10:59:36,CLI-006,Carlos Mendoza,PROD-021,1,14.75,0.00,EFECTIVO
VTA-002671,2026-05-18,10:59:36,CLI-006,Carlos Mendoza,PROD-034,3,4.46,0.00,EFECTIVO
VTA-002672,2026-05-18,07:58:23,CLI-009,Lucía Mendoza,PROD-012,5,7.82,0.00,EFECTIVO
VTA-002673,2026-05-18,19:35:20,CLI-051,Elena Castro,PROD-008,3,3.17,0.00,PLIN
VTA-002673,2026-05-18,19:35:20,CLI-051,Elena Castro,PROD-013,4,2.18,0.00,PLIN
VTA-002674,2026-05-18,09:42:09,CLI-056,Víctor Castro,PROD-029,4,2.77,0.00,EFECTIVO
VTA-002675,2026-05-19,08:17:56,CLI-089,Lucía Rojas,PROD-011,1,4.46,0.00,EFECTIVO
VTA-002675,2026-05-19,08:17:56,CLI-089,Lucía Rojas,PROD-017,2,8.41,0.00,EFECTIVO
VTA-002675,2026-05-19,08:17:56,CLI-089,Lucía Rojas,PROD-002,1,4.75,0.00,EFECTIVO
VTA-002675,2026-05-19,08:17:56,CLI-089,Lucía Rojas,PROD-008,6,3.17,0.00,EFECTIVO
VTA-002675,2026-05-19,08:17:56,CLI-089,Lucía Rojas,PROD-034,6,4.46,0.00,EFECTIVO
VTA-002676,2026-05-19,09:19:53,CLI-009,Lucía Mendoza,PROD-033,1,9.80,1.13,YAPE
VTA-002676,2026-05-19,09:19:53,CLI-009,Lucía Mendoza,PROD-005,1,6.83,0.00,YAPE
VTA-002677,2026-05-19,18:41:49,CLI-051,Elena Castro,PROD-024,6,12.77,0.00,TARJETA
VTA-002677,2026-05-19,18:41:49,CLI-051,Elena Castro,PROD-011,3,4.46,0.00,TARJETA
VTA-002677,2026-05-19,18:41:49,CLI-051,Elena Castro,PROD-008,2,3.17,0.00,TARJETA
VTA-002678,2026-05-19,21:46:33,CLI-010,Miguel Mendoza,PROD-031,13,0.40,0.29,PLIN
VTA-002678,2026-05-19,21:46:33,CLI-010,Miguel Mendoza,PROD-007,6,3.46,0.00,PLIN
VTA-002678,2026-05-19,21:46:33,CLI-010,Miguel Mendoza,PROD-015,1,8.81,0.00,PLIN
VTA-002678,2026-05-19,21:46:33,CLI-010,Miguel Mendoza,PROD-010,6,3.96,0.00,PLIN
VTA-002679,2026-05-19,09:15:13,CLI-042,José Castro,PROD-010,6,3.96,0.00,PLIN
VTA-002679,2026-05-19,09:15:13,CLI-042,José Castro,PROD-003,1,10.79,0.00,PLIN
VTA-002679,2026-05-19,09:15:13,CLI-042,José Castro,PROD-015,2,8.81,1.25,PLIN
VTA-002679,2026-05-19,09:15:13,CLI-042,José Castro,PROD-034,5,4.46,0.00,PLIN
VTA-002680,2026-05-19,10:05:01,CLI-021,Rosa García,PROD-013,4,2.18,0.59,EFECTIVO
VTA-002680,2026-05-19,10:05:01,CLI-021,Rosa García,PROD-003,2,10.79,0.00,EFECTIVO
VTA-002680,2026-05-19,10:05:01,CLI-021,Rosa García,PROD-006,2,1.98,0.25,EFECTIVO
VTA-002681,2026-05-19,09:32:05,CLI-062,José Díaz,PROD-010,5,3.96,0.00,EFECTIVO
VTA-002681,2026-05-19,09:32:05,CLI-062,José Díaz,PROD-007,5,3.46,0.00,EFECTIVO
VTA-002682,2026-05-19,20:47:52,CLI-051,Elena Castro,PROD-008,2,3.17,0.00,YAPE
VTA-002682,2026-05-19,20:47:52,CLI-051,Elena Castro,PROD-017,6,8.41,0.00,YAPE
VTA-002683,2026-05-19,17:02:23,CLI-031,Elena García,PROD-016,4,11.38,0.00,EFECTIVO
VTA-002683,2026-05-19,17:02:23,CLI-031,Elena García,PROD-002,6,4.75,0.00,EFECTIVO
VTA-002683,2026-05-19,17:02:23,CLI-031,Elena García,PROD-031,10,0.40,0.00,EFECTIVO
VTA-002684,2026-05-19,13:56:55,CLI-071,Elena Díaz,PROD-005,3,6.83,0.00,EFECTIVO
VTA-002684,2026-05-19,13:56:55,CLI-071,Elena Díaz,PROD-013,5,2.18,0.00,EFECTIVO
VTA-002685,2026-05-19,08:49:51,CLI-010,Miguel Mendoza,PROD-013,2,2.18,0.00,TARJETA
VTA-002685,2026-05-19,08:49:51,CLI-010,Miguel Mendoza,PROD-002,3,4.75,2.04,TARJETA
VTA-002685,2026-05-19,08:49:51,CLI-010,Miguel Mendoza,PROD-009,6,5.84,0.00,TARJETA
VTA-002686,2026-05-19,13:00:57,CLI-015,Milagros Mendoza,PROD-007,3,3.46,0.00,EFECTIVO
VTA-002686,2026-05-19,13:00:57,CLI-015,Milagros Mendoza,PROD-017,3,8.41,0.00,EFECTIVO
VTA-002686,2026-05-19,13:00:57,CLI-015,Milagros Mendoza,PROD-019,6,8.81,2.84,EFECTIVO
VTA-002686,2026-05-19,13:00:57,CLI-015,Milagros Mendoza,PROD-031,14,0.40,0.00,EFECTIVO
VTA-002687,2026-05-19,12:05:29,CLI-065,Carmen Díaz,PROD-031,4,0.40,0.00,YAPE
VTA-002688,2026-05-19,09:52:51,CLI-011,Elena Mendoza,PROD-001,6,5.15,0.00,YAPE
VTA-002688,2026-05-19,09:52:51,CLI-011,Elena Mendoza,PROD-010,3,3.96,0.00,YAPE
VTA-002689,2026-05-19,08:32:48,CLI-017,Claudia Mendoza,PROD-026,3,1.48,0.00,TARJETA
VTA-002689,2026-05-19,08:32:48,CLI-017,Claudia Mendoza,PROD-010,3,3.96,0.00,TARJETA
VTA-002689,2026-05-19,08:32:48,CLI-017,Claudia Mendoza,PROD-011,4,4.46,0.00,TARJETA
VTA-002690,2026-05-19,21:27:07,CLI-030,Miguel García,PROD-022,6,3.17,0.00,TARJETA
VTA-002690,2026-05-19,21:27:07,CLI-030,Miguel García,PROD-005,2,6.83,0.00,TARJETA
VTA-002691,2026-05-19,12:17:31,CLI-008,Jorge Mendoza,PROD-010,1,3.96,0.00,EFECTIVO
VTA-002691,2026-05-19,12:17:31,CLI-008,Jorge Mendoza,PROD-018,2,4.16,0.00,EFECTIVO
VTA-002691,2026-05-19,12:17:31,CLI-008,Jorge Mendoza,PROD-003,4,10.79,0.00,EFECTIVO
VTA-002692,2026-05-20,17:47:04,CLI-057,Claudia Castro,PROD-018,3,4.16,0.00,EFECTIVO
VTA-002692,2026-05-20,17:47:04,CLI-057,Claudia Castro,PROD-023,2,7.42,0.00,EFECTIVO
VTA-002692,2026-05-20,17:47:04,CLI-057,Claudia Castro,PROD-027,4,2.48,0.00,EFECTIVO
VTA-002693,2026-05-20,10:41:58,CLI-042,José Castro,PROD-009,3,5.84,0.00,YAPE
VTA-002693,2026-05-20,10:41:58,CLI-042,José Castro,PROD-003,2,10.79,1.39,YAPE
VTA-002693,2026-05-20,10:41:58,CLI-042,José Castro,PROD-007,4,3.46,0.00,YAPE
VTA-002694,2026-05-20,10:39:23,CLI-003,María Mendoza,PROD-022,3,3.17,0.00,TARJETA
VTA-002694,2026-05-20,10:39:23,CLI-003,María Mendoza,PROD-019,1,8.81,0.00,TARJETA
VTA-002695,2026-05-20,09:03:52,CLI-048,Jorge Castro,PROD-001,1,5.15,0.00,YAPE
VTA-002696,2026-05-20,12:05:47,CLI-099,Diana Rojas,PROD-026,3,1.48,0.00,EFECTIVO
VTA-002696,2026-05-20,12:05:47,CLI-099,Diana Rojas,PROD-010,4,3.96,0.00,EFECTIVO
VTA-002697,2026-05-20,15:43:28,CLI-063,María Díaz,PROD-010,4,3.96,0.00,TARJETA
VTA-002697,2026-05-20,15:43:28,CLI-063,María Díaz,PROD-005,2,6.83,0.00,TARJETA
VTA-002698,2026-05-20,17:22:58,CLI-039,Diana García,PROD-027,1,2.48,0.00,YAPE
VTA-002698,2026-05-20,17:22:58,CLI-039,Diana García,PROD-028,5,1.98,0.00,YAPE
VTA-002698,2026-05-20,17:22:58,CLI-039,Diana García,PROD-007,1,3.46,0.00,YAPE
VTA-002699,2026-05-20,19:26:34,CLI-056,Víctor Castro,PROD-027,3,2.48,0.00,YAPE
VTA-002700,2026-05-20,20:18:03,CLI-012,Pedro Mendoza,PROD-029,3,2.77,0.00,TARJETA
VTA-002700,2026-05-20,20:18:03,CLI-012,Pedro Mendoza,PROD-007,5,3.46,0.00,TARJETA
VTA-002701,2026-05-20,10:33:41,CLI-082,José Rojas,PROD-007,3,3.46,0.00,EFECTIVO
VTA-002701,2026-05-20,10:33:41,CLI-082,José Rojas,PROD-027,3,2.48,0.74,EFECTIVO
VTA-002701,2026-05-20,10:33:41,CLI-082,José Rojas,PROD-006,4,1.98,0.00,EFECTIVO
VTA-002702,2026-05-20,15:32:10,CLI-056,Víctor Castro,PROD-004,3,3.46,0.00,EFECTIVO
VTA-002702,2026-05-20,15:32:10,CLI-056,Víctor Castro,PROD-018,2,4.16,0.00,EFECTIVO
VTA-002703,2026-05-20,14:42:16,CLI-027,Ana García,PROD-002,5,4.75,0.00,YAPE
VTA-002703,2026-05-20,14:42:16,CLI-027,Ana García,PROD-006,6,1.98,0.00,YAPE
VTA-002703,2026-05-20,14:42:16,CLI-027,Ana García,PROD-012,2,7.82,1.36,YAPE
VTA-002703,2026-05-20,14:42:16,CLI-027,Ana García,PROD-031,9,0.40,0.00,YAPE
VTA-002703,2026-05-20,14:42:16,CLI-027,Ana García,PROD-004,2,3.46,0.00,YAPE
VTA-002704,2026-05-20,15:03:17,CLI-014,Juan Mendoza,PROD-018,3,4.16,0.00,PLIN
VTA-002704,2026-05-20,15:03:17,CLI-014,Juan Mendoza,PROD-012,3,7.82,0.00,PLIN
VTA-002705,2026-05-20,08:28:02,CLI-003,María Mendoza,PROD-026,5,1.48,0.00,YAPE
VTA-002706,2026-05-20,15:32:02,CLI-010,Miguel Mendoza,PROD-033,5,9.80,0.00,YAPE
VTA-002706,2026-05-20,15:32:02,CLI-010,Miguel Mendoza,PROD-001,4,5.15,0.00,YAPE
VTA-002707,2026-05-20,19:18:41,CLI-009,Lucía Mendoza,PROD-012,4,7.82,0.00,PLIN
VTA-002707,2026-05-20,19:18:41,CLI-009,Lucía Mendoza,PROD-006,4,1.98,0.00,PLIN
VTA-002708,2026-05-21,17:43:07,CLI-029,Lucía García,PROD-020,2,6.43,1.57,EFECTIVO
VTA-002708,2026-05-21,17:43:07,CLI-029,Lucía García,PROD-015,3,8.81,0.00,EFECTIVO
VTA-002708,2026-05-21,17:43:07,CLI-029,Lucía García,PROD-028,4,1.98,0.00,EFECTIVO
VTA-002709,2026-05-21,18:49:42,CLI-014,Juan Mendoza,PROD-019,3,8.81,0.89,YAPE
VTA-002709,2026-05-21,18:49:42,CLI-014,Juan Mendoza,PROD-027,6,2.48,0.00,YAPE
VTA-002710,2026-05-21,15:35:22,CLI-030,Miguel García,PROD-013,5,2.18,0.00,EFECTIVO
VTA-002710,2026-05-21,15:35:22,CLI-030,Miguel García,PROD-004,2,3.46,0.00,EFECTIVO
VTA-002710,2026-05-21,15:35:22,CLI-030,Miguel García,PROD-001,2,5.15,0.00,EFECTIVO
VTA-002710,2026-05-21,15:35:22,CLI-030,Miguel García,PROD-015,2,8.81,0.00,EFECTIVO
VTA-002710,2026-05-21,15:35:22,CLI-030,Miguel García,PROD-002,2,4.75,0.00,EFECTIVO
VTA-002711,2026-05-21,21:28:24,CLI-010,Miguel Mendoza,PROD-016,6,11.38,0.00,TARJETA
VTA-002711,2026-05-21,21:28:24,CLI-010,Miguel Mendoza,PROD-031,10,0.40,0.00,TARJETA
VTA-002711,2026-05-21,21:28:24,CLI-010,Miguel Mendoza,PROD-027,3,2.48,0.00,TARJETA
VTA-002712,2026-05-21,17:28:26,CLI-036,Víctor García,PROD-011,1,4.46,0.00,PLIN
VTA-002712,2026-05-21,17:28:26,CLI-036,Víctor García,PROD-002,6,4.75,0.00,PLIN
VTA-002712,2026-05-21,17:28:26,CLI-036,Víctor García,PROD-006,1,1.98,0.00,PLIN
VTA-002712,2026-05-21,17:28:26,CLI-036,Víctor García,PROD-029,4,2.77,0.00,PLIN
VTA-002712,2026-05-21,17:28:26,CLI-036,Víctor García,PROD-001,1,5.15,0.00,PLIN
VTA-002713,2026-05-21,14:08:47,CLI-041,Rosa Castro,PROD-022,1,3.17,0.00,YAPE
VTA-002714,2026-05-21,19:10:43,CLI-015,Milagros Mendoza,PROD-034,1,4.46,0.00,EFECTIVO
VTA-002714,2026-05-21,19:10:43,CLI-015,Milagros Mendoza,PROD-006,2,1.98,0.00,EFECTIVO
VTA-002715,2026-05-21,15:05:20,CLI-040,Marco García,PROD-014,5,9.40,0.00,EFECTIVO
VTA-002716,2026-05-21,17:36:43,CLI-043,María Castro,PROD-013,3,2.18,0.00,EFECTIVO
VTA-002716,2026-05-21,17:36:43,CLI-043,María Castro,PROD-004,2,3.46,0.00,EFECTIVO
VTA-002716,2026-05-21,17:36:43,CLI-043,María Castro,PROD-023,2,7.42,0.00,EFECTIVO
VTA-002716,2026-05-21,17:36:43,CLI-043,María Castro,PROD-008,6,3.17,0.00,EFECTIVO
VTA-002717,2026-05-21,16:20:24,CLI-038,Renzo García,PROD-007,2,3.46,0.00,PLIN
VTA-002717,2026-05-21,16:20:24,CLI-038,Renzo García,PROD-012,1,7.82,0.00,PLIN
VTA-002718,2026-05-21,09:39:55,CLI-067,Ana Díaz,PROD-006,3,1.98,0.00,EFECTIVO
VTA-002718,2026-05-21,09:39:55,CLI-067,Ana Díaz,PROD-028,4,1.98,0.00,EFECTIVO
VTA-002718,2026-05-21,09:39:55,CLI-067,Ana Díaz,PROD-008,3,3.17,0.00,EFECTIVO
VTA-002719,2026-05-21,12:52:59,CLI-002,José Mendoza,PROD-016,6,11.38,0.00,PLIN
VTA-002719,2026-05-21,12:52:59,CLI-002,José Mendoza,PROD-026,6,1.48,0.00,PLIN
VTA-002720,2026-05-21,13:01:32,CLI-024,Luis García,PROD-006,3,1.98,0.00,YAPE
VTA-002720,2026-05-21,13:01:32,CLI-024,Luis García,PROD-002,3,4.75,1.50,YAPE
VTA-002720,2026-05-21,13:01:32,CLI-024,Luis García,PROD-018,4,4.16,0.00,YAPE
VTA-002720,2026-05-21,13:01:32,CLI-024,Luis García,PROD-007,6,3.46,0.00,YAPE
VTA-002720,2026-05-21,13:01:32,CLI-024,Luis García,PROD-029,4,2.77,0.00,YAPE
VTA-002721,2026-05-21,14:04:22,CLI-029,Lucía García,PROD-005,3,6.83,0.00,EFECTIVO
VTA-002722,2026-05-21,14:08:27,CLI-033,Patricia García,PROD-029,5,2.77,0.00,EFECTIVO
VTA-002722,2026-05-21,14:08:27,CLI-033,Patricia García,PROD-017,5,8.41,0.00,EFECTIVO
VTA-002723,2026-05-21,09:58:29,CLI-007,Ana Mendoza,PROD-020,5,6.43,0.00,YAPE
VTA-002724,2026-05-21,18:45:15,CLI-033,Patricia García,PROD-029,3,2.77,0.00,TARJETA
VTA-002724,2026-05-21,18:45:15,CLI-033,Patricia García,PROD-031,9,0.40,0.19,TARJETA
VTA-002725,2026-05-21,10:46:11,CLI-039,Diana García,PROD-023,5,7.42,0.00,YAPE
VTA-002726,2026-05-22,12:08:59,CLI-086,Carlos Rojas,PROD-006,3,1.98,0.00,EFECTIVO
VTA-002726,2026-05-22,12:08:59,CLI-086,Carlos Rojas,PROD-007,6,3.46,0.00,EFECTIVO
VTA-002726,2026-05-22,12:08:59,CLI-086,Carlos Rojas,PROD-010,1,3.96,0.00,EFECTIVO
VTA-002727,2026-05-22,07:36:54,CLI-041,Rosa Castro,PROD-007,1,3.46,0.00,TARJETA
VTA-002727,2026-05-22,07:36:54,CLI-041,Rosa Castro,PROD-010,2,3.96,0.00,TARJETA
VTA-002728,2026-05-22,17:47:14,CLI-003,María Mendoza,PROD-031,9,0.40,0.00,YAPE
VTA-002729,2026-05-22,09:29:48,CLI-011,Elena Mendoza,PROD-011,1,4.46,0.00,YAPE
VTA-002729,2026-05-22,09:29:48,CLI-011,Elena Mendoza,PROD-027,6,2.48,0.00,YAPE
VTA-002730,2026-05-22,17:06:25,CLI-068,Jorge Díaz,PROD-007,3,3.46,0.00,PLIN
VTA-002731,2026-05-22,09:58:24,CLI-020,Marco Mendoza,PROD-026,5,1.48,0.00,PLIN
VTA-002732,2026-05-22,09:11:17,CLI-008,Jorge Mendoza,PROD-026,2,1.48,0.00,YAPE
VTA-002733,2026-05-22,11:28:50,CLI-007,Ana Mendoza,PROD-005,6,6.83,3.80,TARJETA
VTA-002734,2026-05-22,12:05:53,CLI-046,Carlos Castro,PROD-033,3,9.80,0.00,EFECTIVO
VTA-002734,2026-05-22,12:05:53,CLI-046,Carlos Castro,PROD-008,4,3.17,0.00,EFECTIVO
VTA-002735,2026-05-22,12:38:29,CLI-013,Patricia Mendoza,PROD-004,1,3.46,0.00,EFECTIVO
VTA-002735,2026-05-22,12:38:29,CLI-013,Patricia Mendoza,PROD-008,5,3.17,0.00,EFECTIVO
VTA-002735,2026-05-22,12:38:29,CLI-013,Patricia Mendoza,PROD-026,2,1.48,0.00,EFECTIVO
VTA-002736,2026-05-22,07:47:26,CLI-016,Víctor Mendoza,PROD-007,5,3.46,0.00,TARJETA
VTA-002736,2026-05-22,07:47:26,CLI-016,Víctor Mendoza,PROD-031,15,0.40,0.00,TARJETA
VTA-002736,2026-05-22,07:47:26,CLI-016,Víctor Mendoza,PROD-001,5,5.15,3.19,TARJETA
VTA-002736,2026-05-22,07:47:26,CLI-016,Víctor Mendoza,PROD-004,6,3.46,0.00,TARJETA
VTA-002737,2026-05-22,19:17:44,CLI-045,Carmen Castro,PROD-017,2,8.41,0.00,YAPE
VTA-002737,2026-05-22,19:17:44,CLI-045,Carmen Castro,PROD-014,3,9.40,0.00,YAPE
VTA-002737,2026-05-22,19:17:44,CLI-045,Carmen Castro,PROD-013,6,2.18,0.00,YAPE
VTA-002737,2026-05-22,19:17:44,CLI-045,Carmen Castro,PROD-033,1,9.80,0.00,YAPE
VTA-002737,2026-05-22,19:17:44,CLI-045,Carmen Castro,PROD-011,3,4.46,0.00,YAPE
VTA-002738,2026-05-22,20:44:57,CLI-012,Pedro Mendoza,PROD-031,15,0.40,0.00,PLIN
VTA-002738,2026-05-22,20:44:57,CLI-012,Pedro Mendoza,PROD-005,4,6.83,0.00,PLIN
VTA-002738,2026-05-22,20:44:57,CLI-012,Pedro Mendoza,PROD-026,6,1.48,0.00,PLIN
VTA-002738,2026-05-22,20:44:57,CLI-012,Pedro Mendoza,PROD-028,6,1.98,0.00,PLIN
VTA-002739,2026-05-22,17:54:36,CLI-068,Jorge Díaz,PROD-027,2,2.48,0.00,YAPE
VTA-002740,2026-05-22,13:27:58,CLI-065,Carmen Díaz,PROD-008,4,3.17,0.00,EFECTIVO
VTA-002740,2026-05-22,13:27:58,CLI-065,Carmen Díaz,PROD-017,6,8.41,0.00,EFECTIVO
VTA-002740,2026-05-22,13:27:58,CLI-065,Carmen Díaz,PROD-006,5,1.98,0.00,EFECTIVO
VTA-002740,2026-05-22,13:27:58,CLI-065,Carmen Díaz,PROD-009,4,5.84,0.00,EFECTIVO
VTA-002741,2026-05-22,14:17:10,CLI-034,Juan García,PROD-026,4,1.48,0.00,EFECTIVO
VTA-002742,2026-05-22,20:41:42,CLI-068,Jorge Díaz,PROD-013,6,2.18,0.00,YAPE
VTA-002742,2026-05-22,20:41:42,CLI-068,Jorge Díaz,PROD-009,5,5.84,0.00,YAPE
VTA-002742,2026-05-22,20:41:42,CLI-068,Jorge Díaz,PROD-002,3,4.75,0.00,YAPE
VTA-002743,2026-05-22,10:08:15,CLI-004,Luis Mendoza,PROD-014,5,9.40,0.00,YAPE
VTA-002743,2026-05-22,10:08:15,CLI-004,Luis Mendoza,PROD-031,15,0.40,0.00,YAPE
VTA-002743,2026-05-22,10:08:15,CLI-004,Luis Mendoza,PROD-011,5,4.46,0.00,YAPE
VTA-002743,2026-05-22,10:08:15,CLI-004,Luis Mendoza,PROD-012,1,7.82,0.00,YAPE
VTA-002744,2026-05-22,17:17:15,CLI-029,Lucía García,PROD-005,6,6.83,0.00,TARJETA
VTA-002744,2026-05-22,17:17:15,CLI-029,Lucía García,PROD-026,6,1.48,0.00,TARJETA
VTA-002745,2026-05-22,18:14:36,CLI-014,Juan Mendoza,PROD-031,8,0.40,0.00,PLIN
VTA-002746,2026-05-22,07:35:28,CLI-007,Ana Mendoza,PROD-034,1,4.46,0.00,YAPE
VTA-002746,2026-05-22,07:35:28,CLI-007,Ana Mendoza,PROD-011,4,4.46,0.00,YAPE
VTA-002746,2026-05-22,07:35:28,CLI-007,Ana Mendoza,PROD-012,3,7.82,0.00,YAPE
VTA-002747,2026-05-22,12:13:53,CLI-011,Elena Mendoza,PROD-028,5,1.98,0.00,EFECTIVO
VTA-002747,2026-05-22,12:13:53,CLI-011,Elena Mendoza,PROD-001,2,5.15,0.00,EFECTIVO
VTA-002748,2026-05-22,13:19:35,CLI-065,Carmen Díaz,PROD-007,6,3.46,0.00,EFECTIVO
VTA-002749,2026-05-22,15:11:21,CLI-065,Carmen Díaz,PROD-031,9,0.40,0.00,TARJETA
VTA-002749,2026-05-22,15:11:21,CLI-065,Carmen Díaz,PROD-028,6,1.98,0.00,TARJETA
VTA-002750,2026-05-22,13:53:28,CLI-058,Renzo Castro,PROD-016,4,11.38,1.08,PLIN
VTA-002750,2026-05-22,13:53:28,CLI-058,Renzo Castro,PROD-011,5,4.46,0.00,PLIN
VTA-002751,2026-05-22,20:25:36,CLI-023,María García,PROD-008,6,3.17,0.00,YAPE
VTA-002751,2026-05-22,20:25:36,CLI-023,María García,PROD-027,3,2.48,0.00,YAPE
VTA-002751,2026-05-22,20:25:36,CLI-023,María García,PROD-018,5,4.16,2.47,YAPE
VTA-002752,2026-05-22,13:45:51,CLI-064,Luis Díaz,PROD-022,4,3.17,0.00,YAPE
VTA-002752,2026-05-22,13:45:51,CLI-064,Luis Díaz,PROD-027,4,2.48,0.00,YAPE
VTA-002753,2026-05-23,10:01:42,CLI-072,Pedro Díaz,PROD-012,2,7.82,0.00,TARJETA
VTA-002753,2026-05-23,10:01:42,CLI-072,Pedro Díaz,PROD-018,5,4.16,0.00,TARJETA
VTA-002754,2026-05-23,10:54:21,CLI-024,Luis García,PROD-001,6,5.15,0.00,YAPE
VTA-002754,2026-05-23,10:54:21,CLI-024,Luis García,PROD-011,5,4.46,0.00,YAPE
VTA-002754,2026-05-23,10:54:21,CLI-024,Luis García,PROD-032,1,6.43,0.49,YAPE
VTA-002754,2026-05-23,10:54:21,CLI-024,Luis García,PROD-002,2,4.75,0.00,YAPE
VTA-002755,2026-05-23,19:51:55,CLI-009,Lucía Mendoza,PROD-003,3,10.79,0.00,TARJETA
VTA-002756,2026-05-23,17:00:49,CLI-040,Marco García,PROD-027,3,2.48,0.00,PLIN
VTA-002757,2026-05-23,21:23:33,CLI-046,Carlos Castro,PROD-016,4,11.38,0.00,YAPE
VTA-002757,2026-05-23,21:23:33,CLI-046,Carlos Castro,PROD-007,1,3.46,0.00,YAPE
VTA-002758,2026-05-23,09:38:38,CLI-026,Carlos García,PROD-016,4,11.38,0.00,EFECTIVO
VTA-002758,2026-05-23,09:38:38,CLI-026,Carlos García,PROD-017,6,8.41,0.00,EFECTIVO
VTA-002759,2026-05-23,14:41:16,CLI-033,Patricia García,PROD-006,4,1.98,0.36,YAPE
VTA-002760,2026-05-23,19:47:03,CLI-052,Pedro Castro,PROD-001,4,5.15,0.00,EFECTIVO
VTA-002761,2026-05-23,11:47:39,CLI-066,Carlos Díaz,PROD-031,2,0.40,0.09,YAPE
VTA-002762,2026-05-23,15:23:30,CLI-069,Lucía Díaz,PROD-011,4,4.46,0.00,EFECTIVO
VTA-002762,2026-05-23,15:23:30,CLI-069,Lucía Díaz,PROD-007,2,3.46,0.00,EFECTIVO
VTA-002762,2026-05-23,15:23:30,CLI-069,Lucía Díaz,PROD-027,3,2.48,0.00,EFECTIVO
VTA-002762,2026-05-23,15:23:30,CLI-069,Lucía Díaz,PROD-018,5,4.16,0.00,EFECTIVO
VTA-002763,2026-05-23,21:56:49,CLI-070,Miguel Díaz,PROD-029,1,2.77,0.00,YAPE
VTA-002763,2026-05-23,21:56:49,CLI-070,Miguel Díaz,PROD-024,2,12.77,0.00,YAPE
VTA-002763,2026-05-23,21:56:49,CLI-070,Miguel Díaz,PROD-013,5,2.18,0.00,YAPE
VTA-002763,2026-05-23,21:56:49,CLI-070,Miguel Díaz,PROD-028,5,1.98,0.00,YAPE
VTA-002763,2026-05-23,21:56:49,CLI-070,Miguel Díaz,PROD-004,3,3.46,0.00,YAPE
VTA-002764,2026-05-23,09:51:28,CLI-031,Elena García,PROD-010,1,3.96,0.15,TARJETA
VTA-002764,2026-05-23,09:51:28,CLI-031,Elena García,PROD-022,3,3.17,0.00,TARJETA
VTA-002765,2026-05-23,10:44:38,CLI-062,José Díaz,PROD-009,6,5.84,0.00,TARJETA
VTA-002765,2026-05-23,10:44:38,CLI-062,José Díaz,PROD-012,4,7.82,0.00,TARJETA
VTA-002765,2026-05-23,10:44:38,CLI-062,José Díaz,PROD-007,5,3.46,0.00,TARJETA
VTA-002766,2026-05-23,19:02:45,CLI-042,José Castro,PROD-032,2,6.43,0.00,EFECTIVO
VTA-002766,2026-05-23,19:02:45,CLI-042,José Castro,PROD-016,5,11.38,0.00,EFECTIVO
VTA-002766,2026-05-23,19:02:45,CLI-042,José Castro,PROD-031,13,0.40,0.00,EFECTIVO
VTA-002766,2026-05-23,19:02:45,CLI-042,José Castro,PROD-006,5,1.98,0.00,EFECTIVO
VTA-002766,2026-05-23,19:02:45,CLI-042,José Castro,PROD-013,6,2.18,0.00,EFECTIVO
VTA-002767,2026-05-23,17:15:41,CLI-002,José Mendoza,PROD-027,4,2.48,0.00,EFECTIVO
VTA-002767,2026-05-23,17:15:41,CLI-002,José Mendoza,PROD-015,5,8.81,5.93,EFECTIVO
VTA-002768,2026-05-23,13:34:48,CLI-035,Milagros García,PROD-005,3,6.83,0.00,YAPE
VTA-002768,2026-05-23,13:34:48,CLI-035,Milagros García,PROD-020,5,6.43,0.00,YAPE
VTA-002768,2026-05-23,13:34:48,CLI-035,Milagros García,PROD-013,2,2.18,0.00,YAPE
VTA-002768,2026-05-23,13:34:48,CLI-035,Milagros García,PROD-012,3,7.82,0.00,YAPE
VTA-002768,2026-05-23,13:34:48,CLI-035,Milagros García,PROD-027,6,2.48,0.00,YAPE
VTA-002769,2026-05-23,16:27:28,CLI-041,Rosa Castro,PROD-022,4,3.17,0.00,EFECTIVO
VTA-002769,2026-05-23,16:27:28,CLI-041,Rosa Castro,PROD-027,3,2.48,0.00,EFECTIVO
VTA-002769,2026-05-23,16:27:28,CLI-041,Rosa Castro,PROD-026,4,1.48,0.00,EFECTIVO
VTA-002769,2026-05-23,16:27:28,CLI-041,Rosa Castro,PROD-029,1,2.77,0.00,EFECTIVO
VTA-002769,2026-05-23,16:27:28,CLI-041,Rosa Castro,PROD-006,6,1.98,0.00,EFECTIVO
VTA-002770,2026-05-23,17:35:49,CLI-056,Víctor Castro,PROD-029,1,2.77,0.00,EFECTIVO
VTA-002771,2026-05-23,20:07:41,CLI-017,Claudia Mendoza,PROD-004,5,3.46,0.00,YAPE
VTA-002771,2026-05-23,20:07:41,CLI-017,Claudia Mendoza,PROD-001,2,5.15,0.00,YAPE
VTA-002771,2026-05-23,20:07:41,CLI-017,Claudia Mendoza,PROD-008,3,3.17,0.00,YAPE
VTA-002771,2026-05-23,20:07:41,CLI-017,Claudia Mendoza,PROD-003,1,10.79,0.00,YAPE
VTA-002771,2026-05-23,20:07:41,CLI-017,Claudia Mendoza,PROD-029,3,2.77,0.00,YAPE
VTA-002772,2026-05-23,14:14:52,CLI-071,Elena Díaz,PROD-034,4,4.46,0.00,PLIN
VTA-002772,2026-05-23,14:14:52,CLI-071,Elena Díaz,PROD-005,5,6.83,3.66,PLIN
VTA-002773,2026-05-23,19:58:52,CLI-057,Claudia Castro,PROD-006,4,1.98,0.00,EFECTIVO
VTA-002773,2026-05-23,19:58:52,CLI-057,Claudia Castro,PROD-016,3,11.38,0.00,EFECTIVO
VTA-002774,2026-05-23,08:39:23,CLI-005,Carmen Mendoza,PROD-007,2,3.46,0.00,PLIN
VTA-002774,2026-05-23,08:39:23,CLI-005,Carmen Mendoza,PROD-005,2,6.83,0.00,PLIN
VTA-002775,2026-05-23,18:47:27,CLI-049,Lucía Castro,PROD-008,2,3.17,0.00,EFECTIVO
VTA-002775,2026-05-23,18:47:27,CLI-049,Lucía Castro,PROD-002,4,4.75,0.00,EFECTIVO
VTA-002775,2026-05-23,18:47:27,CLI-049,Lucía Castro,PROD-013,1,2.18,0.11,EFECTIVO
VTA-002776,2026-05-23,16:00:00,CLI-002,José Mendoza,PROD-002,1,4.75,0.00,EFECTIVO
VTA-002777,2026-05-23,13:33:22,CLI-040,Marco García,PROD-002,6,4.75,0.00,EFECTIVO
VTA-002777,2026-05-23,13:33:22,CLI-040,Marco García,PROD-013,1,2.18,0.00,EFECTIVO
VTA-002777,2026-05-23,13:33:22,CLI-040,Marco García,PROD-031,6,0.40,0.00,EFECTIVO
VTA-002778,2026-05-23,16:21:27,CLI-001,Rosa Mendoza,PROD-011,1,4.46,0.00,EFECTIVO
VTA-002779,2026-05-23,15:35:32,CLI-092,Pedro Rojas,PROD-004,4,3.46,0.00,EFECTIVO
VTA-002779,2026-05-23,15:35:32,CLI-092,Pedro Rojas,PROD-026,2,1.48,0.00,EFECTIVO
VTA-002779,2026-05-23,15:35:32,CLI-092,Pedro Rojas,PROD-027,4,2.48,0.00,EFECTIVO
VTA-002779,2026-05-23,15:35:32,CLI-092,Pedro Rojas,PROD-003,3,10.79,0.00,EFECTIVO
VTA-002780,2026-05-23,15:13:28,CLI-054,Juan Castro,PROD-026,2,1.48,0.00,PLIN
VTA-002781,2026-05-23,15:51:34,CLI-060,Marco Castro,PROD-001,6,5.15,0.00,YAPE
VTA-002781,2026-05-23,15:51:34,CLI-060,Marco Castro,PROD-002,4,4.75,0.00,YAPE
VTA-002782,2026-05-24,12:23:29,CLI-059,Diana Castro,PROD-007,4,3.46,0.00,EFECTIVO
VTA-002783,2026-05-24,08:44:39,CLI-035,Milagros García,PROD-019,5,8.81,0.00,EFECTIVO
VTA-002783,2026-05-24,08:44:39,CLI-035,Milagros García,PROD-011,1,4.46,0.00,EFECTIVO
VTA-002784,2026-05-24,07:51:26,CLI-005,Carmen Mendoza,PROD-015,3,8.81,0.00,EFECTIVO
VTA-002784,2026-05-24,07:51:26,CLI-005,Carmen Mendoza,PROD-023,4,7.42,0.00,EFECTIVO
VTA-002785,2026-05-24,14:30:58,CLI-012,Pedro Mendoza,PROD-027,2,2.48,0.59,EFECTIVO
VTA-002785,2026-05-24,14:30:58,CLI-012,Pedro Mendoza,PROD-001,1,5.15,0.00,EFECTIVO
VTA-002785,2026-05-24,14:30:58,CLI-012,Pedro Mendoza,PROD-034,6,4.46,0.00,EFECTIVO
VTA-002786,2026-05-24,21:48:01,CLI-021,Rosa García,PROD-031,14,0.40,0.00,EFECTIVO
VTA-002787,2026-05-24,11:34:01,CLI-034,Juan García,PROD-016,2,11.38,0.00,TARJETA
VTA-002788,2026-05-24,14:07:24,CLI-060,Marco Castro,PROD-002,5,4.75,0.00,YAPE
VTA-002788,2026-05-24,14:07:24,CLI-060,Marco Castro,PROD-022,3,3.17,0.00,YAPE
VTA-002788,2026-05-24,14:07:24,CLI-060,Marco Castro,PROD-003,5,10.79,0.00,YAPE
VTA-002789,2026-05-24,09:22:18,CLI-010,Miguel Mendoza,PROD-005,6,6.83,2.62,EFECTIVO
VTA-002789,2026-05-24,09:22:18,CLI-010,Miguel Mendoza,PROD-011,3,4.46,1.59,EFECTIVO
VTA-002789,2026-05-24,09:22:18,CLI-010,Miguel Mendoza,PROD-028,5,1.98,0.00,EFECTIVO
VTA-002790,2026-05-24,10:51:45,CLI-041,Rosa Castro,PROD-012,3,7.82,0.00,EFECTIVO
VTA-002791,2026-05-24,07:23:46,CLI-068,Jorge Díaz,PROD-008,4,3.17,0.00,EFECTIVO
VTA-002792,2026-05-24,17:08:12,CLI-067,Ana Díaz,PROD-004,5,3.46,0.00,PLIN
VTA-002792,2026-05-24,17:08:12,CLI-067,Ana Díaz,PROD-031,2,0.40,0.00,PLIN
VTA-002792,2026-05-24,17:08:12,CLI-067,Ana Díaz,PROD-009,3,5.84,0.00,PLIN
VTA-002793,2026-05-24,21:23:35,CLI-054,Juan Castro,PROD-006,1,1.98,0.14,YAPE
VTA-002794,2026-05-24,13:05:16,CLI-070,Miguel Díaz,PROD-029,3,2.77,0.00,TARJETA
VTA-002794,2026-05-24,13:05:16,CLI-070,Miguel Díaz,PROD-014,2,9.40,0.00,TARJETA
VTA-002794,2026-05-24,13:05:16,CLI-070,Miguel Díaz,PROD-001,5,5.15,0.00,TARJETA
VTA-002795,2026-05-24,14:33:44,CLI-065,Carmen Díaz,PROD-017,6,8.41,0.00,EFECTIVO
VTA-002795,2026-05-24,14:33:44,CLI-065,Carmen Díaz,PROD-022,3,3.17,0.00,EFECTIVO
VTA-002796,2026-05-24,12:35:24,CLI-004,Luis Mendoza,PROD-010,5,3.96,0.00,EFECTIVO
VTA-002797,2026-05-24,10:32:08,CLI-011,Elena Mendoza,PROD-017,3,8.41,0.00,EFECTIVO
VTA-002797,2026-05-24,10:32:08,CLI-011,Elena Mendoza,PROD-002,3,4.75,0.00,EFECTIVO
VTA-002797,2026-05-24,10:32:08,CLI-011,Elena Mendoza,PROD-034,3,4.46,1.01,EFECTIVO
VTA-002798,2026-05-24,21:02:40,CLI-039,Diana García,PROD-003,5,10.79,0.00,YAPE
VTA-002798,2026-05-24,21:02:40,CLI-039,Diana García,PROD-026,4,1.48,0.00,YAPE
VTA-002798,2026-05-24,21:02:40,CLI-039,Diana García,PROD-017,1,8.41,0.00,YAPE
VTA-002799,2026-05-24,09:16:10,CLI-058,Renzo Castro,PROD-002,1,4.75,0.00,EFECTIVO
VTA-002800,2026-05-24,12:37:20,CLI-010,Miguel Mendoza,PROD-027,1,2.48,0.00,EFECTIVO
VTA-002801,2026-05-24,20:06:57,CLI-061,Rosa Díaz,PROD-008,2,3.17,0.49,YAPE
VTA-002801,2026-05-24,20:06:57,CLI-061,Rosa Díaz,PROD-026,1,1.48,0.00,YAPE
VTA-002802,2026-05-24,07:32:22,CLI-053,Patricia Castro,PROD-029,2,2.77,0.00,PLIN
VTA-002802,2026-05-24,07:32:22,CLI-053,Patricia Castro,PROD-026,3,1.48,0.00,PLIN
VTA-002803,2026-05-24,16:39:10,CLI-011,Elena Mendoza,PROD-002,3,4.75,0.00,PLIN
VTA-002803,2026-05-24,16:39:10,CLI-011,Elena Mendoza,PROD-032,5,6.43,0.00,PLIN
VTA-002803,2026-05-24,16:39:10,CLI-011,Elena Mendoza,PROD-019,3,8.81,0.00,PLIN
VTA-002804,2026-05-24,17:05:08,CLI-041,Rosa Castro,PROD-012,6,7.82,0.00,YAPE
VTA-002804,2026-05-24,17:05:08,CLI-041,Rosa Castro,PROD-008,1,3.17,0.00,YAPE
VTA-002805,2026-05-24,07:17:38,CLI-011,Elena Mendoza,PROD-004,5,3.46,0.00,EFECTIVO
VTA-002805,2026-05-24,07:17:38,CLI-011,Elena Mendoza,PROD-031,11,0.40,0.00,EFECTIVO
VTA-002805,2026-05-24,07:17:38,CLI-011,Elena Mendoza,PROD-008,6,3.17,0.00,EFECTIVO
VTA-002806,2026-05-24,19:35:06,CLI-038,Renzo García,PROD-011,6,4.46,0.00,YAPE
VTA-002807,2026-05-24,14:19:25,CLI-015,Milagros Mendoza,PROD-011,3,4.46,0.00,EFECTIVO
VTA-002807,2026-05-24,14:19:25,CLI-015,Milagros Mendoza,PROD-028,2,1.98,0.34,EFECTIVO
VTA-002807,2026-05-24,14:19:25,CLI-015,Milagros Mendoza,PROD-031,7,0.40,0.00,EFECTIVO
VTA-002807,2026-05-24,14:19:25,CLI-015,Milagros Mendoza,PROD-015,4,8.81,0.00,EFECTIVO
VTA-002808,2026-05-24,10:54:48,CLI-055,Milagros Castro,PROD-019,1,8.81,0.00,YAPE
VTA-002808,2026-05-24,10:54:48,CLI-055,Milagros Castro,PROD-017,3,8.41,0.00,YAPE
VTA-002809,2026-05-24,11:50:31,CLI-046,Carlos Castro,PROD-015,5,8.81,0.00,YAPE
VTA-002810,2026-05-24,10:04:57,CLI-038,Renzo García,PROD-027,3,2.48,0.00,EFECTIVO
VTA-002810,2026-05-24,10:04:57,CLI-038,Renzo García,PROD-026,6,1.48,0.00,EFECTIVO
VTA-002811,2026-05-25,18:47:11,CLI-013,Patricia Mendoza,PROD-016,1,11.38,0.00,EFECTIVO
VTA-002811,2026-05-25,18:47:11,CLI-013,Patricia Mendoza,PROD-011,3,4.46,0.00,EFECTIVO
VTA-002811,2026-05-25,18:47:11,CLI-013,Patricia Mendoza,PROD-010,5,3.96,0.00,EFECTIVO
VTA-002812,2026-05-25,21:50:31,CLI-014,Juan Mendoza,PROD-002,1,4.75,0.00,YAPE
VTA-002812,2026-05-25,21:50:31,CLI-014,Juan Mendoza,PROD-013,2,2.18,0.00,YAPE
VTA-002813,2026-05-25,11:58:20,CLI-099,Diana Rojas,PROD-027,6,2.48,0.00,EFECTIVO
VTA-002813,2026-05-25,11:58:20,CLI-099,Diana Rojas,PROD-028,3,1.98,0.00,EFECTIVO
VTA-002813,2026-05-25,11:58:20,CLI-099,Diana Rojas,PROD-003,5,10.79,2.13,EFECTIVO
VTA-002813,2026-05-25,11:58:20,CLI-099,Diana Rojas,PROD-026,3,1.48,0.00,EFECTIVO
VTA-002813,2026-05-25,11:58:20,CLI-099,Diana Rojas,PROD-020,1,6.43,0.00,EFECTIVO
VTA-002814,2026-05-25,14:52:39,CLI-033,Patricia García,PROD-027,4,2.48,0.00,EFECTIVO
VTA-002814,2026-05-25,14:52:39,CLI-033,Patricia García,PROD-029,5,2.77,0.00,EFECTIVO
VTA-002814,2026-05-25,14:52:39,CLI-033,Patricia García,PROD-026,2,1.48,0.00,EFECTIVO
VTA-002814,2026-05-25,14:52:39,CLI-033,Patricia García,PROD-034,2,4.46,0.00,EFECTIVO
VTA-002815,2026-05-25,11:25:47,CLI-054,Juan Castro,PROD-006,5,1.98,0.00,EFECTIVO
VTA-002815,2026-05-25,11:25:47,CLI-054,Juan Castro,PROD-003,1,10.79,0.00,EFECTIVO
VTA-002815,2026-05-25,11:25:47,CLI-054,Juan Castro,PROD-004,2,3.46,0.00,EFECTIVO
VTA-002816,2026-05-25,15:14:03,CLI-064,Luis Díaz,PROD-012,2,7.82,0.00,PLIN
VTA-002816,2026-05-25,15:14:03,CLI-064,Luis Díaz,PROD-026,5,1.48,0.00,PLIN
VTA-002817,2026-05-25,20:47:34,CLI-008,Jorge Mendoza,PROD-010,6,3.96,0.00,EFECTIVO
VTA-002817,2026-05-25,20:47:34,CLI-008,Jorge Mendoza,PROD-009,6,5.84,0.00,EFECTIVO
VTA-002817,2026-05-25,20:47:34,CLI-008,Jorge Mendoza,PROD-022,1,3.17,0.00,EFECTIVO
VTA-002818,2026-05-25,15:59:32,CLI-021,Rosa García,PROD-026,5,1.48,0.00,PLIN
VTA-002818,2026-05-25,15:59:32,CLI-021,Rosa García,PROD-004,3,3.46,0.00,PLIN
VTA-002819,2026-05-25,14:49:30,CLI-006,Carlos Mendoza,PROD-007,3,3.46,0.00,TARJETA
VTA-002819,2026-05-25,14:49:30,CLI-006,Carlos Mendoza,PROD-033,4,9.80,0.00,TARJETA
VTA-002819,2026-05-25,14:49:30,CLI-006,Carlos Mendoza,PROD-003,6,10.79,0.00,TARJETA
VTA-002819,2026-05-25,14:49:30,CLI-006,Carlos Mendoza,PROD-006,3,1.98,0.00,TARJETA
VTA-002820,2026-05-25,08:18:01,CLI-069,Lucía Díaz,PROD-033,6,9.80,0.00,YAPE
VTA-002820,2026-05-25,08:18:01,CLI-069,Lucía Díaz,PROD-006,4,1.98,0.00,YAPE
VTA-002820,2026-05-25,08:18:01,CLI-069,Lucía Díaz,PROD-026,3,1.48,0.00,YAPE
VTA-002820,2026-05-25,08:18:01,CLI-069,Lucía Díaz,PROD-031,13,0.40,0.00,YAPE
VTA-002821,2026-05-25,13:31:35,CLI-066,Carlos Díaz,PROD-029,5,2.77,0.00,YAPE
VTA-002822,2026-05-25,16:05:07,CLI-053,Patricia Castro,PROD-007,2,3.46,0.00,EFECTIVO
VTA-002822,2026-05-25,16:05:07,CLI-053,Patricia Castro,PROD-013,6,2.18,0.00,EFECTIVO
VTA-002823,2026-05-25,16:06:35,CLI-053,Patricia Castro,PROD-005,2,6.83,0.00,TARJETA
VTA-002823,2026-05-25,16:06:35,CLI-053,Patricia Castro,PROD-026,5,1.48,0.00,TARJETA
VTA-002823,2026-05-25,16:06:35,CLI-053,Patricia Castro,PROD-027,6,2.48,0.00,TARJETA
VTA-002823,2026-05-25,16:06:35,CLI-053,Patricia Castro,PROD-004,3,3.46,0.00,TARJETA
VTA-002824,2026-05-25,15:36:57,CLI-014,Juan Mendoza,PROD-016,4,11.38,0.00,EFECTIVO
VTA-002824,2026-05-25,15:36:57,CLI-014,Juan Mendoza,PROD-006,6,1.98,0.00,EFECTIVO
VTA-002825,2026-05-25,17:48:10,CLI-045,Carmen Castro,PROD-011,5,4.46,0.00,EFECTIVO
VTA-002825,2026-05-25,17:48:10,CLI-045,Carmen Castro,PROD-013,2,2.18,0.00,EFECTIVO
VTA-002826,2026-05-25,18:06:35,CLI-013,Patricia Mendoza,PROD-006,4,1.98,0.00,YAPE
VTA-002827,2026-05-25,17:06:55,CLI-036,Víctor García,PROD-033,6,9.80,0.00,YAPE
VTA-002827,2026-05-25,17:06:55,CLI-036,Víctor García,PROD-006,2,1.98,0.00,YAPE
VTA-002828,2026-05-25,10:00:40,CLI-070,Miguel Díaz,PROD-029,2,2.77,0.00,EFECTIVO
VTA-002829,2026-05-25,12:43:17,CLI-014,Juan Mendoza,PROD-011,4,4.46,0.00,EFECTIVO
VTA-002830,2026-05-26,07:04:39,CLI-006,Carlos Mendoza,PROD-005,3,6.83,1.75,EFECTIVO
VTA-002831,2026-05-26,07:29:18,CLI-041,Rosa Castro,PROD-006,4,1.98,0.00,TARJETA
VTA-002832,2026-05-26,21:51:06,CLI-046,Carlos Castro,PROD-011,2,4.46,0.00,EFECTIVO
VTA-002832,2026-05-26,21:51:06,CLI-046,Carlos Castro,PROD-023,2,7.42,0.00,EFECTIVO
VTA-002832,2026-05-26,21:51:06,CLI-046,Carlos Castro,PROD-013,2,2.18,0.00,EFECTIVO
VTA-002833,2026-05-26,18:47:18,CLI-097,Claudia Rojas,PROD-013,1,2.18,0.00,EFECTIVO
VTA-002833,2026-05-26,18:47:18,CLI-097,Claudia Rojas,PROD-019,2,8.81,0.00,EFECTIVO
VTA-002834,2026-05-26,21:29:16,CLI-007,Ana Mendoza,PROD-007,6,3.46,0.00,EFECTIVO
VTA-002834,2026-05-26,21:29:16,CLI-007,Ana Mendoza,PROD-008,2,3.17,0.00,EFECTIVO
VTA-002835,2026-05-26,15:21:26,CLI-059,Diana Castro,PROD-026,1,1.48,0.00,YAPE
VTA-002835,2026-05-26,15:21:26,CLI-059,Diana Castro,PROD-033,1,9.80,0.00,YAPE
VTA-002836,2026-05-26,19:09:28,CLI-078,Renzo Díaz,PROD-019,1,8.81,0.00,EFECTIVO
VTA-002836,2026-05-26,19:09:28,CLI-078,Renzo Díaz,PROD-026,1,1.48,0.00,EFECTIVO
VTA-002837,2026-05-26,14:43:44,CLI-008,Jorge Mendoza,PROD-007,1,3.46,0.00,TARJETA
VTA-002837,2026-05-26,14:43:44,CLI-008,Jorge Mendoza,PROD-006,6,1.98,0.00,TARJETA
VTA-002837,2026-05-26,14:43:44,CLI-008,Jorge Mendoza,PROD-022,1,3.17,0.00,TARJETA
VTA-002838,2026-05-26,09:20:06,CLI-035,Milagros García,PROD-027,1,2.48,0.07,EFECTIVO
VTA-002839,2026-05-26,12:36:34,CLI-059,Diana Castro,PROD-020,5,6.43,0.00,TARJETA
VTA-002839,2026-05-26,12:36:34,CLI-059,Diana Castro,PROD-031,17,0.40,0.00,TARJETA
VTA-002840,2026-05-26,16:57:30,CLI-081,Rosa Rojas,PROD-017,1,8.41,0.00,PLIN
VTA-002840,2026-05-26,16:57:30,CLI-081,Rosa Rojas,PROD-013,6,2.18,0.00,PLIN
VTA-002840,2026-05-26,16:57:30,CLI-081,Rosa Rojas,PROD-026,6,1.48,0.00,PLIN
VTA-002840,2026-05-26,16:57:30,CLI-081,Rosa Rojas,PROD-004,5,3.46,0.00,PLIN
VTA-002841,2026-05-26,21:43:56,CLI-014,Juan Mendoza,PROD-031,11,0.40,0.00,EFECTIVO
VTA-002841,2026-05-26,21:43:56,CLI-014,Juan Mendoza,PROD-001,5,5.15,0.00,EFECTIVO
VTA-002842,2026-05-26,20:05:47,CLI-023,María García,PROD-018,1,4.16,0.00,EFECTIVO
VTA-002842,2026-05-26,20:05:47,CLI-023,María García,PROD-013,5,2.18,0.00,EFECTIVO
VTA-002843,2026-05-26,16:15:16,CLI-014,Juan Mendoza,PROD-005,6,6.83,0.00,YAPE
VTA-002843,2026-05-26,16:15:16,CLI-014,Juan Mendoza,PROD-006,3,1.98,0.38,YAPE
VTA-002843,2026-05-26,16:15:16,CLI-014,Juan Mendoza,PROD-011,5,4.46,1.58,YAPE
VTA-002844,2026-05-26,07:04:29,CLI-068,Jorge Díaz,PROD-005,6,6.83,0.00,EFECTIVO
VTA-002845,2026-05-26,12:58:20,CLI-020,Marco Mendoza,PROD-022,6,3.17,0.00,EFECTIVO
VTA-002845,2026-05-26,12:58:20,CLI-020,Marco Mendoza,PROD-008,3,3.17,0.00,EFECTIVO
VTA-002845,2026-05-26,12:58:20,CLI-020,Marco Mendoza,PROD-034,3,4.46,0.00,EFECTIVO
VTA-002845,2026-05-26,12:58:20,CLI-020,Marco Mendoza,PROD-001,3,5.15,1.74,EFECTIVO
VTA-002846,2026-05-26,11:30:44,CLI-051,Elena Castro,PROD-019,3,8.81,0.00,YAPE
VTA-002846,2026-05-26,11:30:44,CLI-051,Elena Castro,PROD-010,4,3.96,0.00,YAPE
VTA-002846,2026-05-26,11:30:44,CLI-051,Elena Castro,PROD-011,3,4.46,0.00,YAPE
VTA-002846,2026-05-26,11:30:44,CLI-051,Elena Castro,PROD-001,6,5.15,0.00,YAPE
VTA-002846,2026-05-26,11:30:44,CLI-051,Elena Castro,PROD-031,11,0.40,0.00,YAPE
VTA-002847,2026-05-27,15:27:56,CLI-036,Víctor García,PROD-031,17,0.40,0.76,EFECTIVO
VTA-002848,2026-05-27,07:39:25,CLI-007,Ana Mendoza,PROD-019,4,8.81,0.00,EFECTIVO
VTA-002848,2026-05-27,07:39:25,CLI-007,Ana Mendoza,PROD-012,1,7.82,0.00,EFECTIVO
VTA-002848,2026-05-27,07:39:25,CLI-007,Ana Mendoza,PROD-011,1,4.46,0.00,EFECTIVO
VTA-002849,2026-05-27,11:00:22,CLI-094,Juan Rojas,PROD-008,2,3.17,0.71,PLIN
VTA-002850,2026-05-27,12:26:33,CLI-006,Carlos Mendoza,PROD-027,1,2.48,0.00,YAPE
VTA-002851,2026-05-27,13:52:11,CLI-011,Elena Mendoza,PROD-014,1,9.40,0.00,EFECTIVO
VTA-002851,2026-05-27,13:52:11,CLI-011,Elena Mendoza,PROD-004,4,3.46,0.59,EFECTIVO
VTA-002851,2026-05-27,13:52:11,CLI-011,Elena Mendoza,PROD-001,3,5.15,0.00,EFECTIVO
VTA-002852,2026-05-27,15:22:17,CLI-015,Milagros Mendoza,PROD-006,5,1.98,0.00,EFECTIVO
VTA-002852,2026-05-27,15:22:17,CLI-015,Milagros Mendoza,PROD-028,6,1.98,0.00,EFECTIVO
VTA-002853,2026-05-27,14:52:03,CLI-053,Patricia Castro,PROD-026,2,1.48,0.00,YAPE
VTA-002854,2026-05-27,16:21:15,CLI-009,Lucía Mendoza,PROD-029,2,2.77,0.00,YAPE
VTA-002855,2026-05-27,10:35:53,CLI-028,Jorge García,PROD-020,6,6.43,2.20,EFECTIVO
VTA-002855,2026-05-27,10:35:53,CLI-028,Jorge García,PROD-001,6,5.15,0.00,EFECTIVO
VTA-002855,2026-05-27,10:35:53,CLI-028,Jorge García,PROD-008,5,3.17,0.00,EFECTIVO
VTA-002856,2026-05-27,11:52:05,CLI-007,Ana Mendoza,PROD-015,1,8.81,0.00,TARJETA
VTA-002856,2026-05-27,11:52:05,CLI-007,Ana Mendoza,PROD-014,2,9.40,0.00,TARJETA
VTA-002857,2026-05-27,21:35:16,CLI-047,Ana Castro,PROD-031,3,0.40,0.00,YAPE
VTA-002857,2026-05-27,21:35:16,CLI-047,Ana Castro,PROD-007,4,3.46,1.51,YAPE
VTA-002858,2026-05-27,07:48:05,CLI-020,Marco Mendoza,PROD-008,4,3.17,0.00,EFECTIVO
VTA-002858,2026-05-27,07:48:05,CLI-020,Marco Mendoza,PROD-009,3,5.84,0.00,EFECTIVO
VTA-002859,2026-05-27,14:33:43,CLI-039,Diana García,PROD-029,2,2.77,0.00,EFECTIVO
VTA-002859,2026-05-27,14:33:43,CLI-039,Diana García,PROD-011,4,4.46,0.00,EFECTIVO
VTA-002859,2026-05-27,14:33:43,CLI-039,Diana García,PROD-003,5,10.79,0.00,EFECTIVO
VTA-002859,2026-05-27,14:33:43,CLI-039,Diana García,PROD-006,5,1.98,1.29,EFECTIVO
VTA-002860,2026-05-27,07:22:02,CLI-043,María Castro,PROD-031,16,0.40,0.00,EFECTIVO
VTA-002860,2026-05-27,07:22:02,CLI-043,María Castro,PROD-015,3,8.81,0.00,EFECTIVO
VTA-002860,2026-05-27,07:22:02,CLI-043,María Castro,PROD-013,5,2.18,0.00,EFECTIVO
VTA-002861,2026-05-27,16:39:50,CLI-057,Claudia Castro,PROD-006,6,1.98,0.00,PLIN
VTA-002861,2026-05-27,16:39:50,CLI-057,Claudia Castro,PROD-003,1,10.79,0.76,PLIN
VTA-002861,2026-05-27,16:39:50,CLI-057,Claudia Castro,PROD-031,15,0.40,0.00,PLIN
VTA-002861,2026-05-27,16:39:50,CLI-057,Claudia Castro,PROD-029,3,2.77,0.00,PLIN
VTA-002862,2026-05-27,13:57:00,CLI-058,Renzo Castro,PROD-013,1,2.18,0.00,EFECTIVO
VTA-002862,2026-05-27,13:57:00,CLI-058,Renzo Castro,PROD-031,2,0.40,0.00,EFECTIVO
VTA-002862,2026-05-27,13:57:00,CLI-058,Renzo Castro,PROD-019,3,8.81,0.00,EFECTIVO
VTA-002862,2026-05-27,13:57:00,CLI-058,Renzo Castro,PROD-027,6,2.48,0.00,EFECTIVO
VTA-002862,2026-05-27,13:57:00,CLI-058,Renzo Castro,PROD-021,5,14.75,0.00,EFECTIVO
VTA-002863,2026-05-27,17:36:52,CLI-037,Claudia García,PROD-023,2,7.42,0.00,EFECTIVO
VTA-002863,2026-05-27,17:36:52,CLI-037,Claudia García,PROD-031,19,0.40,0.00,EFECTIVO
VTA-002863,2026-05-27,17:36:52,CLI-037,Claudia García,PROD-011,2,4.46,0.00,EFECTIVO
VTA-002864,2026-05-27,10:55:37,CLI-050,Miguel Castro,PROD-031,18,0.40,0.00,EFECTIVO
VTA-002864,2026-05-27,10:55:37,CLI-050,Miguel Castro,PROD-001,4,5.15,0.00,EFECTIVO
VTA-002864,2026-05-27,10:55:37,CLI-050,Miguel Castro,PROD-028,5,1.98,0.00,EFECTIVO
VTA-002865,2026-05-27,15:07:28,CLI-013,Patricia Mendoza,PROD-014,2,9.40,0.00,TARJETA
VTA-002866,2026-05-28,11:12:05,CLI-009,Lucía Mendoza,PROD-028,3,1.98,0.00,EFECTIVO
VTA-002867,2026-05-28,13:38:41,CLI-001,Rosa Mendoza,PROD-012,4,7.82,0.00,YAPE
VTA-002868,2026-05-28,12:52:52,CLI-094,Juan Rojas,PROD-001,6,5.15,0.00,PLIN
VTA-002869,2026-05-28,18:34:31,CLI-017,Claudia Mendoza,PROD-008,2,3.17,0.00,EFECTIVO
VTA-002869,2026-05-28,18:34:31,CLI-017,Claudia Mendoza,PROD-029,2,2.77,0.00,EFECTIVO
VTA-002869,2026-05-28,18:34:31,CLI-017,Claudia Mendoza,PROD-016,6,11.38,0.00,EFECTIVO
VTA-002869,2026-05-28,18:34:31,CLI-017,Claudia Mendoza,PROD-004,1,3.46,0.00,EFECTIVO
VTA-002870,2026-05-28,09:18:22,CLI-043,María Castro,PROD-004,2,3.46,0.00,EFECTIVO
VTA-002870,2026-05-28,09:18:22,CLI-043,María Castro,PROD-003,5,10.79,0.00,EFECTIVO
VTA-002870,2026-05-28,09:18:22,CLI-043,María Castro,PROD-001,6,5.15,0.00,EFECTIVO
VTA-002871,2026-05-28,07:09:58,CLI-006,Carlos Mendoza,PROD-011,3,4.46,0.00,EFECTIVO
VTA-002872,2026-05-28,19:19:07,CLI-071,Elena Díaz,PROD-029,2,2.77,0.38,TARJETA
VTA-002872,2026-05-28,19:19:07,CLI-071,Elena Díaz,PROD-007,4,3.46,0.00,TARJETA
VTA-002872,2026-05-28,19:19:07,CLI-071,Elena Díaz,PROD-027,1,2.48,0.00,TARJETA
VTA-002872,2026-05-28,19:19:07,CLI-071,Elena Díaz,PROD-019,6,8.81,4.03,TARJETA
VTA-002873,2026-05-28,19:26:27,CLI-003,María Mendoza,PROD-026,1,1.48,0.00,EFECTIVO
VTA-002874,2026-05-28,21:40:48,CLI-030,Miguel García,PROD-001,3,5.15,1.16,PLIN
VTA-002875,2026-05-28,15:16:35,CLI-012,Pedro Mendoza,PROD-007,6,3.46,0.00,EFECTIVO
VTA-002875,2026-05-28,15:16:35,CLI-012,Pedro Mendoza,PROD-013,6,2.18,0.00,EFECTIVO
VTA-002876,2026-05-28,17:18:29,CLI-042,José Castro,PROD-026,1,1.48,0.00,EFECTIVO
VTA-002876,2026-05-28,17:18:29,CLI-042,José Castro,PROD-003,1,10.79,0.00,EFECTIVO
VTA-002876,2026-05-28,17:18:29,CLI-042,José Castro,PROD-013,5,2.18,0.00,EFECTIVO
VTA-002876,2026-05-28,17:18:29,CLI-042,José Castro,PROD-027,4,2.48,0.00,EFECTIVO
VTA-002876,2026-05-28,17:18:29,CLI-042,José Castro,PROD-011,1,4.46,0.00,EFECTIVO
VTA-002877,2026-05-28,13:42:54,CLI-026,Carlos García,PROD-028,3,1.98,0.00,PLIN
VTA-002878,2026-05-28,17:45:46,CLI-007,Ana Mendoza,PROD-007,4,3.46,0.00,PLIN
VTA-002878,2026-05-28,17:45:46,CLI-007,Ana Mendoza,PROD-002,6,4.75,0.00,PLIN
VTA-002879,2026-05-28,16:05:26,CLI-070,Miguel Díaz,PROD-033,5,9.80,0.00,EFECTIVO
VTA-002879,2026-05-28,16:05:26,CLI-070,Miguel Díaz,PROD-031,2,0.40,0.00,EFECTIVO
VTA-002879,2026-05-28,16:05:26,CLI-070,Miguel Díaz,PROD-022,6,3.17,0.00,EFECTIVO
VTA-002880,2026-05-28,07:40:12,CLI-009,Lucía Mendoza,PROD-008,2,3.17,0.00,EFECTIVO
VTA-002880,2026-05-28,07:40:12,CLI-009,Lucía Mendoza,PROD-013,5,2.18,0.00,EFECTIVO
VTA-002881,2026-05-28,21:12:18,CLI-026,Carlos García,PROD-029,5,2.77,0.00,YAPE
VTA-002881,2026-05-28,21:12:18,CLI-026,Carlos García,PROD-011,2,4.46,0.00,YAPE
VTA-002882,2026-05-28,11:03:36,CLI-062,José Díaz,PROD-022,5,3.17,0.00,EFECTIVO
VTA-002883,2026-05-28,15:38:17,CLI-005,Carmen Mendoza,PROD-034,1,4.46,0.50,PLIN
VTA-002883,2026-05-28,15:38:17,CLI-005,Carmen Mendoza,PROD-001,4,5.15,0.00,PLIN
VTA-002883,2026-05-28,15:38:17,CLI-005,Carmen Mendoza,PROD-028,3,1.98,0.00,PLIN
VTA-002883,2026-05-28,15:38:17,CLI-005,Carmen Mendoza,PROD-012,5,7.82,0.00,PLIN
VTA-002884,2026-05-29,11:21:21,CLI-045,Carmen Castro,PROD-034,5,4.46,0.00,EFECTIVO
VTA-002885,2026-05-29,11:19:55,CLI-002,José Mendoza,PROD-026,5,1.48,0.00,EFECTIVO
VTA-002886,2026-05-29,13:07:06,CLI-006,Carlos Mendoza,PROD-008,5,3.17,0.00,EFECTIVO
VTA-002887,2026-05-29,15:13:39,CLI-078,Renzo Díaz,PROD-029,4,2.77,0.00,YAPE
VTA-002887,2026-05-29,15:13:39,CLI-078,Renzo Díaz,PROD-009,4,5.84,0.00,YAPE
VTA-002887,2026-05-29,15:13:39,CLI-078,Renzo Díaz,PROD-013,5,2.18,0.00,YAPE
VTA-002888,2026-05-29,18:03:57,CLI-026,Carlos García,PROD-004,6,3.46,0.00,EFECTIVO
VTA-002888,2026-05-29,18:03:57,CLI-026,Carlos García,PROD-006,4,1.98,0.00,EFECTIVO
VTA-002888,2026-05-29,18:03:57,CLI-026,Carlos García,PROD-028,1,1.98,0.00,EFECTIVO
VTA-002889,2026-05-29,20:25:56,CLI-004,Luis Mendoza,PROD-007,2,3.46,0.00,EFECTIVO
VTA-002890,2026-05-29,17:38:52,CLI-066,Carlos Díaz,PROD-010,6,3.96,0.00,YAPE
VTA-002890,2026-05-29,17:38:52,CLI-066,Carlos Díaz,PROD-001,2,5.15,0.74,YAPE
VTA-002890,2026-05-29,17:38:52,CLI-066,Carlos Díaz,PROD-027,2,2.48,0.53,YAPE
VTA-002890,2026-05-29,17:38:52,CLI-066,Carlos Díaz,PROD-034,3,4.46,0.00,YAPE
VTA-002891,2026-05-29,12:01:26,CLI-015,Milagros Mendoza,PROD-031,9,0.40,0.00,TARJETA
VTA-002891,2026-05-29,12:01:26,CLI-015,Milagros Mendoza,PROD-007,5,3.46,0.00,TARJETA
VTA-002891,2026-05-29,12:01:26,CLI-015,Milagros Mendoza,PROD-032,1,6.43,0.17,TARJETA
VTA-002892,2026-05-29,09:02:11,CLI-026,Carlos García,PROD-017,1,8.41,0.00,PLIN
VTA-002892,2026-05-29,09:02:11,CLI-026,Carlos García,PROD-012,2,7.82,0.00,PLIN
VTA-002893,2026-05-29,13:07:25,CLI-040,Marco García,PROD-011,1,4.46,0.00,YAPE
VTA-002893,2026-05-29,13:07:25,CLI-040,Marco García,PROD-031,6,0.40,0.00,YAPE
VTA-002894,2026-05-29,14:11:37,CLI-077,Claudia Díaz,PROD-006,1,1.98,0.13,PLIN
VTA-002894,2026-05-29,14:11:37,CLI-077,Claudia Díaz,PROD-022,2,3.17,0.00,PLIN
VTA-002894,2026-05-29,14:11:37,CLI-077,Claudia Díaz,PROD-010,6,3.96,0.00,PLIN
VTA-002895,2026-05-29,13:35:05,CLI-002,José Mendoza,PROD-013,3,2.18,0.32,PLIN
VTA-002895,2026-05-29,13:35:05,CLI-002,José Mendoza,PROD-014,1,9.40,0.00,PLIN
VTA-002896,2026-05-29,10:38:43,CLI-066,Carlos Díaz,PROD-029,2,2.77,0.00,YAPE
VTA-002896,2026-05-29,10:38:43,CLI-066,Carlos Díaz,PROD-020,3,6.43,0.00,YAPE
VTA-002897,2026-05-29,13:45:11,CLI-011,Elena Mendoza,PROD-031,15,0.40,0.00,TARJETA
VTA-002897,2026-05-29,13:45:11,CLI-011,Elena Mendoza,PROD-011,4,4.46,0.00,TARJETA
VTA-002897,2026-05-29,13:45:11,CLI-011,Elena Mendoza,PROD-032,6,6.43,0.00,TARJETA
VTA-002898,2026-05-29,12:51:16,CLI-060,Marco Castro,PROD-004,3,3.46,0.00,EFECTIVO
VTA-002898,2026-05-29,12:51:16,CLI-060,Marco Castro,PROD-023,4,7.42,0.00,EFECTIVO
VTA-002898,2026-05-29,12:51:16,CLI-060,Marco Castro,PROD-033,1,9.80,0.00,EFECTIVO
VTA-002899,2026-05-29,16:51:53,CLI-078,Renzo Díaz,PROD-019,3,8.81,0.00,EFECTIVO
VTA-002899,2026-05-29,16:51:53,CLI-078,Renzo Díaz,PROD-016,4,11.38,0.00,EFECTIVO
VTA-002899,2026-05-29,16:51:53,CLI-078,Renzo Díaz,PROD-034,5,4.46,0.00,EFECTIVO
VTA-002900,2026-05-29,12:24:35,CLI-062,José Díaz,PROD-011,3,4.46,0.00,EFECTIVO
VTA-002900,2026-05-29,12:24:35,CLI-062,José Díaz,PROD-006,6,1.98,0.00,EFECTIVO
VTA-002901,2026-05-29,13:51:58,CLI-058,Renzo Castro,PROD-013,5,2.18,0.88,YAPE
VTA-002901,2026-05-29,13:51:58,CLI-058,Renzo Castro,PROD-019,1,8.81,0.00,YAPE
VTA-002901,2026-05-29,13:51:58,CLI-058,Renzo Castro,PROD-027,3,2.48,0.00,YAPE
VTA-002901,2026-05-29,13:51:58,CLI-058,Renzo Castro,PROD-011,3,4.46,0.00,YAPE
VTA-002902,2026-05-29,10:13:50,CLI-003,María Mendoza,PROD-011,4,4.46,0.00,EFECTIVO
VTA-002903,2026-05-30,16:47:21,CLI-027,Ana García,PROD-007,6,3.46,0.00,TARJETA
VTA-002904,2026-05-30,17:54:38,CLI-063,María Díaz,PROD-002,3,4.75,0.00,EFECTIVO
VTA-002905,2026-05-30,09:41:57,CLI-031,Elena García,PROD-026,3,1.48,0.00,EFECTIVO
VTA-002906,2026-05-30,08:30:30,CLI-031,Elena García,PROD-031,17,0.40,0.00,PLIN
VTA-002906,2026-05-30,08:30:30,CLI-031,Elena García,PROD-028,2,1.98,0.00,PLIN
VTA-002907,2026-05-30,11:55:52,CLI-003,María Mendoza,PROD-029,6,2.77,1.35,EFECTIVO
VTA-002907,2026-05-30,11:55:52,CLI-003,María Mendoza,PROD-002,3,4.75,0.00,EFECTIVO
VTA-002908,2026-05-30,12:59:14,CLI-091,Elena Rojas,PROD-011,5,4.46,0.00,YAPE
VTA-002908,2026-05-30,12:59:14,CLI-091,Elena Rojas,PROD-022,1,3.17,0.28,YAPE
VTA-002908,2026-05-30,12:59:14,CLI-091,Elena Rojas,PROD-034,3,4.46,0.00,YAPE
VTA-002908,2026-05-30,12:59:14,CLI-091,Elena Rojas,PROD-023,5,7.42,4.58,YAPE
VTA-002909,2026-05-30,18:52:13,CLI-016,Víctor Mendoza,PROD-031,18,0.40,0.00,EFECTIVO
VTA-002909,2026-05-30,18:52:13,CLI-016,Víctor Mendoza,PROD-002,5,4.75,0.00,EFECTIVO
VTA-002909,2026-05-30,18:52:13,CLI-016,Víctor Mendoza,PROD-003,6,10.79,0.00,EFECTIVO
VTA-002910,2026-05-30,19:46:25,CLI-060,Marco Castro,PROD-009,4,5.84,0.00,YAPE
VTA-002910,2026-05-30,19:46:25,CLI-060,Marco Castro,PROD-003,3,10.79,0.00,YAPE
VTA-002910,2026-05-30,19:46:25,CLI-060,Marco Castro,PROD-017,1,8.41,0.00,YAPE
VTA-002911,2026-05-30,12:39:26,CLI-024,Luis García,PROD-020,2,6.43,0.00,EFECTIVO
VTA-002911,2026-05-30,12:39:26,CLI-024,Luis García,PROD-028,5,1.98,1.27,EFECTIVO
VTA-002911,2026-05-30,12:39:26,CLI-024,Luis García,PROD-006,3,1.98,0.00,EFECTIVO
VTA-002911,2026-05-30,12:39:26,CLI-024,Luis García,PROD-027,3,2.48,0.00,EFECTIVO
VTA-002912,2026-05-30,10:40:51,CLI-073,Patricia Díaz,PROD-019,4,8.81,0.00,YAPE
VTA-002912,2026-05-30,10:40:51,CLI-073,Patricia Díaz,PROD-012,5,7.82,0.00,YAPE
VTA-002912,2026-05-30,10:40:51,CLI-073,Patricia Díaz,PROD-011,3,4.46,1.54,YAPE
VTA-002913,2026-05-30,07:15:26,CLI-069,Lucía Díaz,PROD-033,6,9.80,0.00,YAPE
VTA-002914,2026-05-30,16:21:16,CLI-095,Milagros Rojas,PROD-033,4,9.80,0.00,EFECTIVO
VTA-002914,2026-05-30,16:21:16,CLI-095,Milagros Rojas,PROD-031,5,0.40,0.18,EFECTIVO
VTA-002915,2026-05-30,20:15:40,CLI-063,María Díaz,PROD-022,5,3.17,0.00,YAPE
VTA-002915,2026-05-30,20:15:40,CLI-063,María Díaz,PROD-019,2,8.81,1.18,YAPE
VTA-002916,2026-05-30,12:17:23,CLI-013,Patricia Mendoza,PROD-019,1,8.81,0.00,YAPE
VTA-002916,2026-05-30,12:17:23,CLI-013,Patricia Mendoza,PROD-002,3,4.75,0.00,YAPE
VTA-002916,2026-05-30,12:17:23,CLI-013,Patricia Mendoza,PROD-026,5,1.48,0.00,YAPE
VTA-002917,2026-05-30,21:10:30,CLI-017,Claudia Mendoza,PROD-022,2,3.17,0.00,EFECTIVO
VTA-002917,2026-05-30,21:10:30,CLI-017,Claudia Mendoza,PROD-013,6,2.18,0.00,EFECTIVO
VTA-002918,2026-05-30,14:18:18,CLI-004,Luis Mendoza,PROD-026,2,1.48,0.28,PLIN
VTA-002918,2026-05-30,14:18:18,CLI-004,Luis Mendoza,PROD-031,11,0.40,0.00,PLIN
VTA-002918,2026-05-30,14:18:18,CLI-004,Luis Mendoza,PROD-007,2,3.46,0.00,PLIN
VTA-002919,2026-05-30,13:59:12,CLI-009,Lucía Mendoza,PROD-001,2,5.15,0.00,EFECTIVO
VTA-002920,2026-05-30,15:38:26,CLI-060,Marco Castro,PROD-007,2,3.46,0.00,YAPE
VTA-002921,2026-05-30,20:57:07,CLI-035,Milagros García,PROD-029,1,2.77,0.00,EFECTIVO
VTA-002921,2026-05-30,20:57:07,CLI-035,Milagros García,PROD-015,2,8.81,0.00,EFECTIVO
VTA-002921,2026-05-30,20:57:07,CLI-035,Milagros García,PROD-031,18,0.40,0.00,EFECTIVO
VTA-002921,2026-05-30,20:57:07,CLI-035,Milagros García,PROD-017,3,8.41,0.00,EFECTIVO
VTA-002922,2026-05-30,10:52:38,CLI-092,Pedro Rojas,PROD-001,2,5.15,0.00,YAPE
VTA-002922,2026-05-30,10:52:38,CLI-092,Pedro Rojas,PROD-031,2,0.40,0.09,YAPE
VTA-002922,2026-05-30,10:52:38,CLI-092,Pedro Rojas,PROD-034,4,4.46,0.00,YAPE
VTA-002922,2026-05-30,10:52:38,CLI-092,Pedro Rojas,PROD-002,5,4.75,0.00,YAPE
VTA-002923,2026-05-30,14:33:19,CLI-006,Carlos Mendoza,PROD-009,3,5.84,0.00,PLIN
VTA-002923,2026-05-30,14:33:19,CLI-006,Carlos Mendoza,PROD-026,1,1.48,0.00,PLIN
VTA-002923,2026-05-30,14:33:19,CLI-006,Carlos Mendoza,PROD-004,1,3.46,0.20,PLIN
VTA-002923,2026-05-30,14:33:19,CLI-006,Carlos Mendoza,PROD-022,6,3.17,0.00,PLIN
VTA-002924,2026-05-30,10:05:24,CLI-013,Patricia Mendoza,PROD-004,5,3.46,0.00,YAPE
VTA-002924,2026-05-30,10:05:24,CLI-013,Patricia Mendoza,PROD-026,4,1.48,0.00,YAPE
VTA-002924,2026-05-30,10:05:24,CLI-013,Patricia Mendoza,PROD-031,10,0.40,0.00,YAPE
VTA-002925,2026-05-30,10:46:45,CLI-050,Miguel Castro,PROD-026,6,1.48,0.00,EFECTIVO
VTA-002926,2026-05-30,09:43:24,CLI-038,Renzo García,PROD-014,2,9.40,0.00,YAPE
VTA-002927,2026-05-30,14:28:15,CLI-005,Carmen Mendoza,PROD-023,4,7.42,3.85,YAPE
VTA-002928,2026-05-30,10:56:48,CLI-065,Carmen Díaz,PROD-029,4,2.77,0.00,EFECTIVO
VTA-002929,2026-05-30,11:00:01,CLI-043,María Castro,PROD-007,5,3.46,0.00,EFECTIVO
VTA-002930,2026-05-31,10:35:13,CLI-068,Jorge Díaz,PROD-027,1,2.48,0.00,EFECTIVO
VTA-002930,2026-05-31,10:35:13,CLI-068,Jorge Díaz,PROD-003,3,10.79,0.00,EFECTIVO
VTA-002930,2026-05-31,10:35:13,CLI-068,Jorge Díaz,PROD-011,2,4.46,0.00,EFECTIVO
VTA-002930,2026-05-31,10:35:13,CLI-068,Jorge Díaz,PROD-026,3,1.48,0.00,EFECTIVO
VTA-002931,2026-05-31,21:53:46,CLI-049,Lucía Castro,PROD-015,6,8.81,0.00,TARJETA
VTA-002932,2026-05-31,14:23:40,CLI-069,Lucía Díaz,PROD-003,6,10.79,8.11,PLIN
VTA-002932,2026-05-31,14:23:40,CLI-069,Lucía Díaz,PROD-011,2,4.46,0.00,PLIN
VTA-002932,2026-05-31,14:23:40,CLI-069,Lucía Díaz,PROD-029,6,2.77,0.00,PLIN
VTA-002933,2026-05-31,17:25:03,CLI-015,Milagros Mendoza,PROD-001,1,5.15,0.00,EFECTIVO
VTA-002933,2026-05-31,17:25:03,CLI-015,Milagros Mendoza,PROD-016,1,11.38,0.00,EFECTIVO
VTA-002934,2026-05-31,20:41:13,CLI-093,Patricia Rojas,PROD-007,6,3.46,0.00,YAPE
VTA-002934,2026-05-31,20:41:13,CLI-093,Patricia Rojas,PROD-031,10,0.40,0.00,YAPE
VTA-002935,2026-05-31,09:29:08,CLI-011,Elena Mendoza,PROD-026,4,1.48,0.52,YAPE
VTA-002935,2026-05-31,09:29:08,CLI-011,Elena Mendoza,PROD-004,3,3.46,0.00,YAPE
VTA-002936,2026-05-31,08:25:04,CLI-059,Diana Castro,PROD-004,2,3.46,0.00,TARJETA
VTA-002937,2026-05-31,18:03:20,CLI-012,Pedro Mendoza,PROD-008,1,3.17,0.00,YAPE
VTA-002938,2026-05-31,09:43:44,CLI-005,Carmen Mendoza,PROD-001,6,5.15,0.00,PLIN
VTA-002938,2026-05-31,09:43:44,CLI-005,Carmen Mendoza,PROD-008,6,3.17,0.00,PLIN
VTA-002939,2026-05-31,11:44:59,CLI-037,Claudia García,PROD-031,19,0.40,0.96,PLIN
VTA-002939,2026-05-31,11:44:59,CLI-037,Claudia García,PROD-001,1,5.15,0.10,PLIN
VTA-002940,2026-05-31,20:22:05,CLI-061,Rosa Díaz,PROD-008,1,3.17,0.00,EFECTIVO
VTA-002941,2026-05-31,20:41:44,CLI-012,Pedro Mendoza,PROD-029,2,2.77,0.73,YAPE
VTA-002941,2026-05-31,20:41:44,CLI-012,Pedro Mendoza,PROD-016,4,11.38,0.00,YAPE
VTA-002942,2026-05-31,13:35:23,CLI-089,Lucía Rojas,PROD-033,1,9.80,0.00,YAPE
VTA-002942,2026-05-31,13:35:23,CLI-089,Lucía Rojas,PROD-007,6,3.46,0.00,YAPE
VTA-002943,2026-05-31,20:49:56,CLI-050,Miguel Castro,PROD-014,1,9.40,0.00,YAPE
VTA-002944,2026-05-31,21:02:41,CLI-038,Renzo García,PROD-010,5,3.96,0.00,YAPE
VTA-002945,2026-05-31,08:02:57,CLI-054,Juan Castro,PROD-006,6,1.98,0.00,EFECTIVO
VTA-002945,2026-05-31,08:02:57,CLI-054,Juan Castro,PROD-031,18,0.40,0.60,EFECTIVO
VTA-002945,2026-05-31,08:02:57,CLI-054,Juan Castro,PROD-004,4,3.46,0.00,EFECTIVO
VTA-002946,2026-05-31,16:50:41,CLI-068,Jorge Díaz,PROD-028,1,1.98,0.00,YAPE
VTA-002947,2026-05-31,11:23:06,CLI-007,Ana Mendoza,PROD-028,1,1.98,0.13,EFECTIVO
VTA-002947,2026-05-31,11:23:06,CLI-007,Ana Mendoza,PROD-013,5,2.18,0.00,EFECTIVO
VTA-002947,2026-05-31,11:23:06,CLI-007,Ana Mendoza,PROD-004,2,3.46,0.00,EFECTIVO
VTA-002948,2026-05-31,18:55:21,CLI-043,María Castro,PROD-011,2,4.46,0.00,PLIN
VTA-002948,2026-05-31,18:55:21,CLI-043,María Castro,PROD-031,16,0.40,0.67,PLIN
VTA-002949,2026-05-31,16:40:46,CLI-003,María Mendoza,PROD-020,6,6.43,0.00,YAPE
VTA-002949,2026-05-31,16:40:46,CLI-003,María Mendoza,PROD-029,4,2.77,0.00,YAPE
VTA-002950,2026-05-31,18:06:25,CLI-052,Pedro Castro,PROD-009,2,5.84,0.00,EFECTIVO
VTA-002950,2026-05-31,18:06:25,CLI-052,Pedro Castro,PROD-016,2,11.38,0.00,EFECTIVO
VTA-002951,2026-05-31,14:25:54,CLI-055,Milagros Castro,PROD-004,1,3.46,0.00,YAPE
VTA-002951,2026-05-31,14:25:54,CLI-055,Milagros Castro,PROD-009,1,5.84,0.00,YAPE
VTA-002952,2026-05-31,14:26:51,CLI-009,Lucía Mendoza,PROD-027,2,2.48,0.00,YAPE
VTA-002953,2026-05-31,16:14:12,CLI-050,Miguel Castro,PROD-031,16,0.40,0.00,EFECTIVO
VTA-002953,2026-05-31,16:14:12,CLI-050,Miguel Castro,PROD-012,1,7.82,0.00,EFECTIVO
VTA-002953,2026-05-31,16:14:12,CLI-050,Miguel Castro,PROD-003,4,10.79,0.00,EFECTIVO
VTA-002954,2026-06-01,16:50:34,CLI-012,Pedro Mendoza,PROD-031,5,0.40,0.00,YAPE
VTA-002954,2026-06-01,16:50:34,CLI-012,Pedro Mendoza,PROD-022,3,3.17,0.00,YAPE
VTA-002955,2026-06-01,15:34:35,CLI-055,Milagros Castro,PROD-004,4,3.46,0.00,YAPE
VTA-002955,2026-06-01,15:34:35,CLI-055,Milagros Castro,PROD-011,5,4.46,0.00,YAPE
VTA-002955,2026-06-01,15:34:35,CLI-055,Milagros Castro,PROD-026,1,1.48,0.00,YAPE
VTA-002955,2026-06-01,15:34:35,CLI-055,Milagros Castro,PROD-018,3,4.16,0.00,YAPE
VTA-002956,2026-06-01,14:24:34,CLI-007,Ana Mendoza,PROD-020,1,6.43,0.00,EFECTIVO
VTA-002957,2026-06-01,17:39:16,CLI-046,Carlos Castro,PROD-003,1,10.79,0.00,EFECTIVO
VTA-002957,2026-06-01,17:39:16,CLI-046,Carlos Castro,PROD-031,7,0.40,0.37,EFECTIVO
VTA-002957,2026-06-01,17:39:16,CLI-046,Carlos Castro,PROD-002,4,4.75,0.00,EFECTIVO
VTA-002957,2026-06-01,17:39:16,CLI-046,Carlos Castro,PROD-001,1,5.15,0.00,EFECTIVO
VTA-002957,2026-06-01,17:39:16,CLI-046,Carlos Castro,PROD-027,3,2.48,0.00,EFECTIVO
VTA-002958,2026-06-01,13:46:04,CLI-013,Patricia Mendoza,PROD-007,4,3.46,0.00,PLIN
VTA-002958,2026-06-01,13:46:04,CLI-013,Patricia Mendoza,PROD-012,1,7.82,0.00,PLIN
VTA-002958,2026-06-01,13:46:04,CLI-013,Patricia Mendoza,PROD-015,6,8.81,0.00,PLIN
VTA-002958,2026-06-01,13:46:04,CLI-013,Patricia Mendoza,PROD-018,4,4.16,0.00,PLIN
VTA-002958,2026-06-01,13:46:04,CLI-013,Patricia Mendoza,PROD-031,20,0.40,0.00,PLIN
VTA-002959,2026-06-01,15:03:01,CLI-020,Marco Mendoza,PROD-020,2,6.43,0.00,EFECTIVO
VTA-002959,2026-06-01,15:03:01,CLI-020,Marco Mendoza,PROD-011,1,4.46,0.00,EFECTIVO
VTA-002959,2026-06-01,15:03:01,CLI-020,Marco Mendoza,PROD-003,1,10.79,0.66,EFECTIVO
VTA-002960,2026-06-01,07:54:46,CLI-008,Jorge Mendoza,PROD-031,5,0.40,0.00,PLIN
VTA-002961,2026-06-01,12:15:22,CLI-016,Víctor Mendoza,PROD-007,5,3.46,0.00,YAPE
VTA-002961,2026-06-01,12:15:22,CLI-016,Víctor Mendoza,PROD-031,12,0.40,0.00,YAPE
VTA-002962,2026-06-01,18:00:11,CLI-043,María Castro,PROD-027,2,2.48,0.00,EFECTIVO
VTA-002963,2026-06-01,18:54:15,CLI-045,Carmen Castro,PROD-013,3,2.18,0.00,EFECTIVO
VTA-002963,2026-06-01,18:54:15,CLI-045,Carmen Castro,PROD-005,3,6.83,0.00,EFECTIVO
VTA-002964,2026-06-01,20:26:12,CLI-033,Patricia García,PROD-031,11,0.40,0.00,TARJETA
VTA-002965,2026-06-01,14:05:13,CLI-065,Carmen Díaz,PROD-016,3,11.38,0.00,PLIN
VTA-002965,2026-06-01,14:05:13,CLI-065,Carmen Díaz,PROD-010,1,3.96,0.00,PLIN
VTA-002966,2026-06-01,12:49:10,CLI-039,Diana García,PROD-033,2,9.80,0.00,PLIN
VTA-002967,2026-06-01,09:24:13,CLI-066,Carlos Díaz,PROD-011,4,4.46,0.00,PLIN
VTA-002967,2026-06-01,09:24:13,CLI-066,Carlos Díaz,PROD-018,1,4.16,0.00,PLIN
VTA-002967,2026-06-01,09:24:13,CLI-066,Carlos Díaz,PROD-010,1,3.96,0.00,PLIN
VTA-002968,2026-06-02,18:07:03,CLI-100,Marco Rojas,PROD-008,2,3.17,0.00,YAPE
VTA-002969,2026-06-02,08:28:17,CLI-035,Milagros García,PROD-008,2,3.17,0.00,EFECTIVO
VTA-002969,2026-06-02,08:28:17,CLI-035,Milagros García,PROD-012,3,7.82,0.00,EFECTIVO
VTA-002970,2026-06-02,11:52:58,CLI-037,Claudia García,PROD-026,1,1.48,0.00,EFECTIVO
VTA-002971,2026-06-02,08:49:40,CLI-090,Miguel Rojas,PROD-027,3,2.48,0.00,EFECTIVO
VTA-002971,2026-06-02,08:49:40,CLI-090,Miguel Rojas,PROD-016,4,11.38,0.00,EFECTIVO
VTA-002972,2026-06-02,10:35:43,CLI-084,Luis Rojas,PROD-006,5,1.98,0.00,EFECTIVO
VTA-002973,2026-06-02,07:19:23,CLI-008,Jorge Mendoza,PROD-005,5,6.83,0.00,EFECTIVO
VTA-002973,2026-06-02,07:19:23,CLI-008,Jorge Mendoza,PROD-011,3,4.46,0.00,EFECTIVO
VTA-002974,2026-06-02,14:03:06,CLI-010,Miguel Mendoza,PROD-006,6,1.98,0.00,EFECTIVO
VTA-002975,2026-06-02,18:10:11,CLI-021,Rosa García,PROD-026,2,1.48,0.00,EFECTIVO
VTA-002976,2026-06-02,08:23:57,CLI-013,Patricia Mendoza,PROD-013,5,2.18,0.00,YAPE
VTA-002976,2026-06-02,08:23:57,CLI-013,Patricia Mendoza,PROD-034,2,4.46,0.00,YAPE
VTA-002976,2026-06-02,08:23:57,CLI-013,Patricia Mendoza,PROD-006,5,1.98,0.00,YAPE
VTA-002977,2026-06-02,21:15:59,CLI-045,Carmen Castro,PROD-032,5,6.43,0.00,YAPE
VTA-002977,2026-06-02,21:15:59,CLI-045,Carmen Castro,PROD-026,5,1.48,0.00,YAPE
VTA-002978,2026-06-02,13:22:37,CLI-040,Marco García,PROD-028,4,1.98,0.00,TARJETA
VTA-002978,2026-06-02,13:22:37,CLI-040,Marco García,PROD-001,5,5.15,0.00,TARJETA
VTA-002979,2026-06-02,15:03:07,CLI-003,María Mendoza,PROD-004,6,3.46,0.00,EFECTIVO
VTA-002979,2026-06-02,15:03:07,CLI-003,María Mendoza,PROD-031,5,0.40,0.11,EFECTIVO
VTA-002980,2026-06-02,17:23:32,CLI-011,Elena Mendoza,PROD-006,5,1.98,0.00,EFECTIVO
VTA-002981,2026-06-02,09:34:23,CLI-037,Claudia García,PROD-013,5,2.18,0.00,EFECTIVO
VTA-002981,2026-06-02,09:34:23,CLI-037,Claudia García,PROD-031,11,0.40,0.00,EFECTIVO
VTA-002981,2026-06-02,09:34:23,CLI-037,Claudia García,PROD-001,3,5.15,0.00,EFECTIVO
VTA-002982,2026-06-02,09:06:10,CLI-013,Patricia Mendoza,PROD-008,5,3.17,0.00,YAPE
VTA-002982,2026-06-02,09:06:10,CLI-013,Patricia Mendoza,PROD-016,2,11.38,0.00,YAPE
VTA-002983,2026-06-02,08:07:28,CLI-066,Carlos Díaz,PROD-027,4,2.48,0.23,PLIN
VTA-002983,2026-06-02,08:07:28,CLI-066,Carlos Díaz,PROD-028,3,1.98,0.00,PLIN
VTA-002984,2026-06-02,09:12:22,CLI-037,Claudia García,PROD-001,5,5.15,0.00,EFECTIVO
VTA-002985,2026-06-02,17:49:12,CLI-002,José Mendoza,PROD-011,5,4.46,0.00,YAPE
VTA-002986,2026-06-03,17:40:55,CLI-039,Diana García,PROD-029,1,2.77,0.38,YAPE
VTA-002986,2026-06-03,17:40:55,CLI-039,Diana García,PROD-032,5,6.43,0.00,YAPE
VTA-002987,2026-06-03,09:58:34,CLI-064,Luis Díaz,PROD-026,2,1.48,0.00,YAPE
VTA-002987,2026-06-03,09:58:34,CLI-064,Luis Díaz,PROD-007,4,3.46,0.00,YAPE
VTA-002988,2026-06-03,19:40:28,CLI-005,Carmen Mendoza,PROD-011,5,4.46,0.00,EFECTIVO
VTA-002989,2026-06-03,15:32:27,CLI-022,José García,PROD-009,1,5.84,0.00,EFECTIVO
VTA-002990,2026-06-03,13:06:02,CLI-043,María Castro,PROD-015,2,8.81,0.00,YAPE
VTA-002991,2026-06-03,14:49:04,CLI-024,Luis García,PROD-034,3,4.46,0.00,EFECTIVO
VTA-002991,2026-06-03,14:49:04,CLI-024,Luis García,PROD-011,5,4.46,0.00,EFECTIVO
VTA-002991,2026-06-03,14:49:04,CLI-024,Luis García,PROD-013,5,2.18,0.00,EFECTIVO
VTA-002992,2026-06-03,07:13:06,CLI-047,Ana Castro,PROD-028,3,1.98,0.00,YAPE
VTA-002992,2026-06-03,07:13:06,CLI-047,Ana Castro,PROD-011,2,4.46,0.00,YAPE
VTA-002992,2026-06-03,07:13:06,CLI-047,Ana Castro,PROD-032,3,6.43,0.00,YAPE
VTA-002993,2026-06-03,20:04:00,CLI-032,Pedro García,PROD-020,1,6.43,0.00,PLIN
VTA-002994,2026-06-03,16:38:18,CLI-047,Ana Castro,PROD-011,2,4.46,0.95,YAPE
VTA-002995,2026-06-03,08:44:13,CLI-062,José Díaz,PROD-011,4,4.46,0.00,YAPE
VTA-002995,2026-06-03,08:44:13,CLI-062,José Díaz,PROD-026,2,1.48,0.00,YAPE
VTA-002996,2026-06-03,12:23:14,CLI-006,Carlos Mendoza,PROD-012,1,7.82,0.00,YAPE
VTA-002996,2026-06-03,12:23:14,CLI-006,Carlos Mendoza,PROD-013,2,2.18,0.00,YAPE
VTA-002996,2026-06-03,12:23:14,CLI-006,Carlos Mendoza,PROD-007,3,3.46,0.48,YAPE
VTA-002997,2026-06-03,09:00:09,CLI-051,Elena Castro,PROD-019,5,8.81,0.00,EFECTIVO
VTA-002997,2026-06-03,09:00:09,CLI-051,Elena Castro,PROD-034,4,4.46,0.00,EFECTIVO
VTA-002997,2026-06-03,09:00:09,CLI-051,Elena Castro,PROD-017,3,8.41,0.00,EFECTIVO
VTA-002997,2026-06-03,09:00:09,CLI-051,Elena Castro,PROD-011,5,4.46,0.00,EFECTIVO
VTA-002998,2026-06-03,14:40:59,CLI-002,José Mendoza,PROD-004,2,3.46,0.00,EFECTIVO
VTA-002998,2026-06-03,14:40:59,CLI-002,José Mendoza,PROD-023,5,7.42,0.00,EFECTIVO
VTA-002999,2026-06-03,20:46:48,CLI-079,Diana Díaz,PROD-003,3,10.79,0.00,EFECTIVO
VTA-003000,2026-06-03,11:11:43,CLI-005,Carmen Mendoza,PROD-008,4,3.17,0.00,YAPE
VTA-003000,2026-06-03,11:11:43,CLI-005,Carmen Mendoza,PROD-028,6,1.98,0.00,YAPE
VTA-003000,2026-06-03,11:11:43,CLI-005,Carmen Mendoza,PROD-019,6,8.81,0.00,YAPE
VTA-003001,2026-06-04,13:36:10,CLI-085,Carmen Rojas,PROD-023,1,7.42,0.00,EFECTIVO
VTA-003001,2026-06-04,13:36:10,CLI-085,Carmen Rojas,PROD-001,5,5.15,0.00,EFECTIVO
VTA-003001,2026-06-04,13:36:10,CLI-085,Carmen Rojas,PROD-022,4,3.17,0.00,EFECTIVO
VTA-003001,2026-06-04,13:36:10,CLI-085,Carmen Rojas,PROD-019,1,8.81,0.00,EFECTIVO
VTA-003002,2026-06-04,10:56:56,CLI-054,Juan Castro,PROD-034,4,4.46,0.00,TARJETA
VTA-003003,2026-06-04,18:39:49,CLI-019,Diana Mendoza,PROD-028,6,1.98,0.00,YAPE
VTA-003003,2026-06-04,18:39:49,CLI-019,Diana Mendoza,PROD-031,5,0.40,0.00,YAPE
VTA-003003,2026-06-04,18:39:49,CLI-019,Diana Mendoza,PROD-006,6,1.98,0.00,YAPE
VTA-003003,2026-06-04,18:39:49,CLI-019,Diana Mendoza,PROD-007,2,3.46,0.00,YAPE
VTA-003004,2026-06-04,21:42:43,CLI-032,Pedro García,PROD-002,6,4.75,0.00,PLIN
VTA-003004,2026-06-04,21:42:43,CLI-032,Pedro García,PROD-032,6,6.43,0.00,PLIN
VTA-003004,2026-06-04,21:42:43,CLI-032,Pedro García,PROD-007,2,3.46,0.00,PLIN
VTA-003004,2026-06-04,21:42:43,CLI-032,Pedro García,PROD-033,2,9.80,0.00,PLIN
VTA-003005,2026-06-04,15:33:58,CLI-040,Marco García,PROD-032,4,6.43,0.00,PLIN
VTA-003006,2026-06-04,19:27:26,CLI-013,Patricia Mendoza,PROD-026,2,1.48,0.00,YAPE
VTA-003007,2026-06-04,21:50:51,CLI-018,Renzo Mendoza,PROD-028,3,1.98,0.00,EFECTIVO
VTA-003008,2026-06-04,17:51:51,CLI-004,Luis Mendoza,PROD-003,1,10.79,0.00,EFECTIVO
VTA-003009,2026-06-04,09:45:16,CLI-036,Víctor García,PROD-006,1,1.98,0.00,YAPE
VTA-003009,2026-06-04,09:45:16,CLI-036,Víctor García,PROD-004,2,3.46,0.00,YAPE
VTA-003009,2026-06-04,09:45:16,CLI-036,Víctor García,PROD-012,1,7.82,0.00,YAPE
VTA-003009,2026-06-04,09:45:16,CLI-036,Víctor García,PROD-031,13,0.40,0.00,YAPE
VTA-003010,2026-06-04,17:49:46,CLI-049,Lucía Castro,PROD-007,6,3.46,0.00,EFECTIVO
VTA-003010,2026-06-04,17:49:46,CLI-049,Lucía Castro,PROD-001,1,5.15,0.24,EFECTIVO
VTA-003010,2026-06-04,17:49:46,CLI-049,Lucía Castro,PROD-009,3,5.84,0.00,EFECTIVO
VTA-003011,2026-06-04,21:12:38,CLI-069,Lucía Díaz,PROD-006,1,1.98,0.00,TARJETA
VTA-003011,2026-06-04,21:12:38,CLI-069,Lucía Díaz,PROD-016,3,11.38,0.00,TARJETA
VTA-003011,2026-06-04,21:12:38,CLI-069,Lucía Díaz,PROD-033,6,9.80,0.00,TARJETA
VTA-003011,2026-06-04,21:12:38,CLI-069,Lucía Díaz,PROD-008,4,3.17,0.00,TARJETA
VTA-003012,2026-06-04,15:30:02,CLI-080,Marco Díaz,PROD-015,1,8.81,0.00,YAPE
VTA-003012,2026-06-04,15:30:02,CLI-080,Marco Díaz,PROD-007,3,3.46,0.00,YAPE
VTA-003012,2026-06-04,15:30:02,CLI-080,Marco Díaz,PROD-032,6,6.43,0.00,YAPE
VTA-003012,2026-06-04,15:30:02,CLI-080,Marco Díaz,PROD-022,6,3.17,0.00,YAPE
VTA-003012,2026-06-04,15:30:02,CLI-080,Marco Díaz,PROD-011,2,4.46,0.00,YAPE
VTA-003013,2026-06-04,17:45:33,CLI-063,María Díaz,PROD-014,2,9.40,0.00,EFECTIVO
VTA-003013,2026-06-04,17:45:33,CLI-063,María Díaz,PROD-023,3,7.42,0.00,EFECTIVO
VTA-003013,2026-06-04,17:45:33,CLI-063,María Díaz,PROD-002,3,4.75,0.90,EFECTIVO
VTA-003013,2026-06-04,17:45:33,CLI-063,María Díaz,PROD-026,3,1.48,0.00,EFECTIVO
VTA-003014,2026-06-04,09:06:13,CLI-010,Miguel Mendoza,PROD-002,2,4.75,0.00,EFECTIVO
VTA-003015,2026-06-04,15:37:17,CLI-088,Jorge Rojas,PROD-034,1,4.46,0.00,YAPE
VTA-003015,2026-06-04,15:37:17,CLI-088,Jorge Rojas,PROD-003,2,10.79,0.00,YAPE
VTA-003015,2026-06-04,15:37:17,CLI-088,Jorge Rojas,PROD-028,2,1.98,0.00,YAPE
VTA-003016,2026-06-04,10:46:51,CLI-059,Diana Castro,PROD-011,2,4.46,0.00,EFECTIVO
VTA-003016,2026-06-04,10:46:51,CLI-059,Diana Castro,PROD-020,6,6.43,0.00,EFECTIVO
VTA-003016,2026-06-04,10:46:51,CLI-059,Diana Castro,PROD-023,1,7.42,0.00,EFECTIVO
VTA-003017,2026-06-04,09:33:59,CLI-058,Renzo Castro,PROD-008,4,3.17,0.00,EFECTIVO
VTA-003018,2026-06-05,09:06:25,CLI-098,Renzo Rojas,PROD-031,13,0.40,0.00,EFECTIVO
VTA-003019,2026-06-05,08:01:16,CLI-014,Juan Mendoza,PROD-012,1,7.82,0.00,TARJETA
VTA-003020,2026-06-05,08:25:47,CLI-015,Milagros Mendoza,PROD-029,2,2.77,0.00,YAPE
VTA-003020,2026-06-05,08:25:47,CLI-015,Milagros Mendoza,PROD-028,1,1.98,0.04,YAPE
VTA-003021,2026-06-05,08:50:14,CLI-049,Lucía Castro,PROD-027,6,2.48,0.00,EFECTIVO
VTA-003021,2026-06-05,08:50:14,CLI-049,Lucía Castro,PROD-004,6,3.46,0.00,EFECTIVO
VTA-003021,2026-06-05,08:50:14,CLI-049,Lucía Castro,PROD-011,1,4.46,0.00,EFECTIVO
VTA-003022,2026-06-05,07:35:32,CLI-024,Luis García,PROD-019,2,8.81,0.00,EFECTIVO
VTA-003022,2026-06-05,07:35:32,CLI-024,Luis García,PROD-007,6,3.46,0.00,EFECTIVO
VTA-003023,2026-06-05,19:17:21,CLI-011,Elena Mendoza,PROD-004,2,3.46,0.00,EFECTIVO
VTA-003023,2026-06-05,19:17:21,CLI-011,Elena Mendoza,PROD-034,4,4.46,0.00,EFECTIVO
VTA-003023,2026-06-05,19:17:21,CLI-011,Elena Mendoza,PROD-006,5,1.98,0.00,EFECTIVO
VTA-003023,2026-06-05,19:17:21,CLI-011,Elena Mendoza,PROD-007,4,3.46,0.82,EFECTIVO
VTA-003024,2026-06-05,09:09:52,CLI-006,Carlos Mendoza,PROD-004,1,3.46,0.00,EFECTIVO
VTA-003024,2026-06-05,09:09:52,CLI-006,Carlos Mendoza,PROD-013,1,2.18,0.00,EFECTIVO
VTA-003025,2026-06-05,13:06:07,CLI-015,Milagros Mendoza,PROD-001,6,5.15,0.00,EFECTIVO
VTA-003025,2026-06-05,13:06:07,CLI-015,Milagros Mendoza,PROD-031,18,0.40,0.00,EFECTIVO
VTA-003025,2026-06-05,13:06:07,CLI-015,Milagros Mendoza,PROD-012,2,7.82,0.00,EFECTIVO
VTA-003026,2026-06-05,19:41:12,CLI-085,Carmen Rojas,PROD-013,4,2.18,0.00,EFECTIVO
VTA-003027,2026-06-05,20:32:23,CLI-092,Pedro Rojas,PROD-034,4,4.46,0.00,PLIN
VTA-003028,2026-06-05,21:39:52,CLI-013,Patricia Mendoza,PROD-011,1,4.46,0.00,EFECTIVO
VTA-003028,2026-06-05,21:39:52,CLI-013,Patricia Mendoza,PROD-007,6,3.46,0.00,EFECTIVO
VTA-003029,2026-06-05,16:21:28,CLI-026,Carlos García,PROD-026,4,1.48,0.00,TARJETA
VTA-003029,2026-06-05,16:21:28,CLI-026,Carlos García,PROD-004,6,3.46,0.00,TARJETA
VTA-003030,2026-06-05,16:59:07,CLI-044,Luis Castro,PROD-018,6,4.16,0.00,PLIN
VTA-003030,2026-06-05,16:59:07,CLI-044,Luis Castro,PROD-005,2,6.83,0.00,PLIN
VTA-003030,2026-06-05,16:59:07,CLI-044,Luis Castro,PROD-013,1,2.18,0.00,PLIN
VTA-003031,2026-06-05,10:21:12,CLI-068,Jorge Díaz,PROD-022,2,3.17,0.00,TARJETA
VTA-003031,2026-06-05,10:21:12,CLI-068,Jorge Díaz,PROD-003,3,10.79,0.00,TARJETA
VTA-003032,2026-06-05,10:49:56,CLI-003,María Mendoza,PROD-017,5,8.41,0.00,PLIN
VTA-003032,2026-06-05,10:49:56,CLI-003,María Mendoza,PROD-022,3,3.17,0.00,PLIN
VTA-003032,2026-06-05,10:49:56,CLI-003,María Mendoza,PROD-014,4,9.40,0.00,PLIN
VTA-003032,2026-06-05,10:49:56,CLI-003,María Mendoza,PROD-010,4,3.96,0.00,PLIN
VTA-003032,2026-06-05,10:49:56,CLI-003,María Mendoza,PROD-032,2,6.43,0.00,PLIN
VTA-003033,2026-06-05,17:05:20,CLI-023,María García,PROD-026,4,1.48,0.00,YAPE
VTA-003033,2026-06-05,17:05:20,CLI-023,María García,PROD-001,4,5.15,0.00,YAPE
VTA-003033,2026-06-05,17:05:20,CLI-023,María García,PROD-009,5,5.84,0.00,YAPE
VTA-003033,2026-06-05,17:05:20,CLI-023,María García,PROD-027,3,2.48,0.00,YAPE
VTA-003034,2026-06-05,18:27:03,CLI-080,Marco Díaz,PROD-010,3,3.96,0.00,PLIN
VTA-003034,2026-06-05,18:27:03,CLI-080,Marco Díaz,PROD-013,5,2.18,0.00,PLIN
VTA-003034,2026-06-05,18:27:03,CLI-080,Marco Díaz,PROD-001,2,5.15,0.00,PLIN
VTA-003035,2026-06-05,08:21:33,CLI-060,Marco Castro,PROD-020,2,6.43,0.00,YAPE
VTA-003035,2026-06-05,08:21:33,CLI-060,Marco Castro,PROD-006,2,1.98,0.00,YAPE
VTA-003036,2026-06-05,14:02:00,CLI-004,Luis Mendoza,PROD-026,4,1.48,0.00,YAPE
VTA-003036,2026-06-05,14:02:00,CLI-004,Luis Mendoza,PROD-029,2,2.77,0.00,YAPE
VTA-003036,2026-06-05,14:02:00,CLI-004,Luis Mendoza,PROD-001,4,5.15,0.00,YAPE
VTA-003036,2026-06-05,14:02:00,CLI-004,Luis Mendoza,PROD-016,3,11.38,0.00,YAPE
VTA-003037,2026-06-05,14:25:19,CLI-004,Luis Mendoza,PROD-031,14,0.40,0.00,EFECTIVO
VTA-003037,2026-06-05,14:25:19,CLI-004,Luis Mendoza,PROD-033,3,9.80,0.00,EFECTIVO
VTA-003037,2026-06-05,14:25:19,CLI-004,Luis Mendoza,PROD-003,6,10.79,0.00,EFECTIVO
VTA-003037,2026-06-05,14:25:19,CLI-004,Luis Mendoza,PROD-029,4,2.77,0.00,EFECTIVO
VTA-003037,2026-06-05,14:25:19,CLI-004,Luis Mendoza,PROD-016,2,11.38,0.00,EFECTIVO
VTA-003038,2026-06-05,13:17:33,CLI-015,Milagros Mendoza,PROD-011,5,4.46,0.00,EFECTIVO
VTA-003038,2026-06-05,13:17:33,CLI-015,Milagros Mendoza,PROD-028,2,1.98,0.00,EFECTIVO
VTA-003038,2026-06-05,13:17:33,CLI-015,Milagros Mendoza,PROD-012,1,7.82,0.00,EFECTIVO
VTA-003039,2026-06-05,09:02:48,CLI-025,Carmen García,PROD-018,1,4.16,0.00,EFECTIVO
VTA-003039,2026-06-05,09:02:48,CLI-025,Carmen García,PROD-026,5,1.48,0.00,EFECTIVO
VTA-003040,2026-06-05,08:17:28,CLI-016,Víctor Mendoza,PROD-011,2,4.46,0.00,TARJETA
VTA-003040,2026-06-05,08:17:28,CLI-016,Víctor Mendoza,PROD-016,3,11.38,0.00,TARJETA
VTA-003041,2026-06-05,08:26:16,CLI-047,Ana Castro,PROD-028,3,1.98,0.22,PLIN
VTA-003041,2026-06-05,08:26:16,CLI-047,Ana Castro,PROD-029,3,2.77,0.00,PLIN
VTA-003041,2026-06-05,08:26:16,CLI-047,Ana Castro,PROD-013,2,2.18,0.00,PLIN
VTA-003042,2026-06-05,09:44:37,CLI-022,José García,PROD-004,2,3.46,0.00,TARJETA
VTA-003042,2026-06-05,09:44:37,CLI-022,José García,PROD-031,15,0.40,0.00,TARJETA
VTA-003042,2026-06-05,09:44:37,CLI-022,José García,PROD-011,3,4.46,0.00,TARJETA
VTA-003043,2026-06-05,20:08:22,CLI-008,Jorge Mendoza,PROD-012,4,7.82,0.00,EFECTIVO
VTA-003044,2026-06-05,20:44:02,CLI-046,Carlos Castro,PROD-010,4,3.96,0.00,PLIN
VTA-003044,2026-06-05,20:44:02,CLI-046,Carlos Castro,PROD-004,2,3.46,0.00,PLIN
VTA-003044,2026-06-05,20:44:02,CLI-046,Carlos Castro,PROD-023,1,7.42,0.00,PLIN
VTA-003044,2026-06-05,20:44:02,CLI-046,Carlos Castro,PROD-013,2,2.18,0.00,PLIN
VTA-003044,2026-06-05,20:44:02,CLI-046,Carlos Castro,PROD-007,5,3.46,0.00,PLIN
VTA-003045,2026-06-05,21:01:13,CLI-002,José Mendoza,PROD-033,1,9.80,0.00,PLIN
VTA-003045,2026-06-05,21:01:13,CLI-002,José Mendoza,PROD-011,2,4.46,0.81,PLIN
VTA-003045,2026-06-05,21:01:13,CLI-002,José Mendoza,PROD-001,6,5.15,0.00,PLIN
VTA-003045,2026-06-05,21:01:13,CLI-002,José Mendoza,PROD-026,2,1.48,0.00,PLIN
VTA-003046,2026-06-05,09:47:21,CLI-009,Lucía Mendoza,PROD-026,1,1.48,0.00,EFECTIVO
VTA-003046,2026-06-05,09:47:21,CLI-009,Lucía Mendoza,PROD-004,5,3.46,0.00,EFECTIVO
VTA-003046,2026-06-05,09:47:21,CLI-009,Lucía Mendoza,PROD-029,6,2.77,0.00,EFECTIVO
VTA-003047,2026-06-06,11:10:05,CLI-035,Milagros García,PROD-017,2,8.41,0.00,YAPE
VTA-003048,2026-06-06,17:03:20,CLI-001,Rosa Mendoza,PROD-033,5,9.80,0.00,EFECTIVO
VTA-003048,2026-06-06,17:03:20,CLI-001,Rosa Mendoza,PROD-008,2,3.17,0.00,EFECTIVO
VTA-003049,2026-06-06,10:29:49,CLI-003,María Mendoza,PROD-005,3,6.83,0.00,YAPE
VTA-003049,2026-06-06,10:29:49,CLI-003,María Mendoza,PROD-014,6,9.40,0.00,YAPE
VTA-003050,2026-06-06,15:09:31,CLI-005,Carmen Mendoza,PROD-007,3,3.46,0.00,YAPE
VTA-003051,2026-06-06,18:51:49,CLI-058,Renzo Castro,PROD-003,3,10.79,0.00,EFECTIVO
VTA-003051,2026-06-06,18:51:49,CLI-058,Renzo Castro,PROD-018,4,4.16,0.00,EFECTIVO
VTA-003051,2026-06-06,18:51:49,CLI-058,Renzo Castro,PROD-033,4,9.80,0.00,EFECTIVO
VTA-003052,2026-06-06,15:51:09,CLI-080,Marco Díaz,PROD-004,1,3.46,0.00,YAPE
VTA-003053,2026-06-06,19:16:58,CLI-033,Patricia García,PROD-017,6,8.41,0.00,PLIN
VTA-003054,2026-06-06,12:36:28,CLI-094,Juan Rojas,PROD-007,5,3.46,0.00,YAPE
VTA-003054,2026-06-06,12:36:28,CLI-094,Juan Rojas,PROD-032,4,6.43,0.00,YAPE
VTA-003054,2026-06-06,12:36:28,CLI-094,Juan Rojas,PROD-026,3,1.48,0.00,YAPE
VTA-003054,2026-06-06,12:36:28,CLI-094,Juan Rojas,PROD-012,5,7.82,0.00,YAPE
VTA-003055,2026-06-06,21:43:19,CLI-041,Rosa Castro,PROD-028,1,1.98,0.00,YAPE
VTA-003056,2026-06-06,09:51:46,CLI-072,Pedro Díaz,PROD-022,5,3.17,0.00,PLIN
VTA-003057,2026-06-06,18:51:29,CLI-044,Luis Castro,PROD-023,1,7.42,0.00,PLIN
VTA-003057,2026-06-06,18:51:29,CLI-044,Luis Castro,PROD-002,6,4.75,0.00,PLIN
VTA-003058,2026-06-06,12:29:03,CLI-087,Ana Rojas,PROD-011,2,4.46,0.00,EFECTIVO
VTA-003058,2026-06-06,12:29:03,CLI-087,Ana Rojas,PROD-027,3,2.48,0.00,EFECTIVO
VTA-003058,2026-06-06,12:29:03,CLI-087,Ana Rojas,PROD-018,3,4.16,0.00,EFECTIVO
VTA-003059,2026-06-06,21:18:15,CLI-066,Carlos Díaz,PROD-028,4,1.98,0.00,TARJETA
VTA-003059,2026-06-06,21:18:15,CLI-066,Carlos Díaz,PROD-027,3,2.48,0.00,TARJETA
VTA-003059,2026-06-06,21:18:15,CLI-066,Carlos Díaz,PROD-011,1,4.46,0.47,TARJETA
VTA-003060,2026-06-06,18:40:58,CLI-018,Renzo Mendoza,PROD-031,3,0.40,0.00,YAPE
VTA-003060,2026-06-06,18:40:58,CLI-018,Renzo Mendoza,PROD-001,1,5.15,0.00,YAPE
VTA-003060,2026-06-06,18:40:58,CLI-018,Renzo Mendoza,PROD-032,4,6.43,0.00,YAPE
VTA-003061,2026-06-06,07:00:13,CLI-056,Víctor Castro,PROD-012,2,7.82,0.00,YAPE
VTA-003062,2026-06-06,08:23:38,CLI-064,Luis Díaz,PROD-031,14,0.40,0.00,EFECTIVO
VTA-003062,2026-06-06,08:23:38,CLI-064,Luis Díaz,PROD-020,2,6.43,0.39,EFECTIVO
VTA-003062,2026-06-06,08:23:38,CLI-064,Luis Díaz,PROD-013,6,2.18,0.00,EFECTIVO
VTA-003062,2026-06-06,08:23:38,CLI-064,Luis Díaz,PROD-016,1,11.38,0.00,EFECTIVO
VTA-003063,2026-06-06,08:51:37,CLI-077,Claudia Díaz,PROD-029,5,2.77,0.00,TARJETA
VTA-003063,2026-06-06,08:51:37,CLI-077,Claudia Díaz,PROD-010,6,3.96,0.00,TARJETA
VTA-003063,2026-06-06,08:51:37,CLI-077,Claudia Díaz,PROD-007,3,3.46,0.00,TARJETA
VTA-003064,2026-06-06,09:17:42,CLI-062,José Díaz,PROD-027,4,2.48,0.00,EFECTIVO
VTA-003064,2026-06-06,09:17:42,CLI-062,José Díaz,PROD-004,5,3.46,0.00,EFECTIVO
VTA-003065,2026-06-06,12:01:00,CLI-029,Lucía García,PROD-003,3,10.79,0.00,EFECTIVO
VTA-003065,2026-06-06,12:01:00,CLI-029,Lucía García,PROD-026,4,1.48,0.00,EFECTIVO
VTA-003066,2026-06-06,07:49:43,CLI-091,Elena Rojas,PROD-013,6,2.18,0.00,YAPE
VTA-003067,2026-06-06,13:56:28,CLI-065,Carmen Díaz,PROD-031,10,0.40,0.00,EFECTIVO
VTA-003067,2026-06-06,13:56:28,CLI-065,Carmen Díaz,PROD-015,4,8.81,0.00,EFECTIVO
VTA-003067,2026-06-06,13:56:28,CLI-065,Carmen Díaz,PROD-001,4,5.15,0.00,EFECTIVO
VTA-003067,2026-06-06,13:56:28,CLI-065,Carmen Díaz,PROD-026,2,1.48,0.00,EFECTIVO
VTA-003068,2026-06-06,13:13:16,CLI-048,Jorge Castro,PROD-007,3,3.46,0.00,EFECTIVO
VTA-003068,2026-06-06,13:13:16,CLI-048,Jorge Castro,PROD-026,2,1.48,0.29,EFECTIVO
VTA-003068,2026-06-06,13:13:16,CLI-048,Jorge Castro,PROD-017,4,8.41,0.00,EFECTIVO
VTA-003069,2026-06-06,14:42:21,CLI-013,Patricia Mendoza,PROD-013,3,2.18,0.00,EFECTIVO
VTA-003069,2026-06-06,14:42:21,CLI-013,Patricia Mendoza,PROD-027,3,2.48,0.00,EFECTIVO
VTA-003069,2026-06-06,14:42:21,CLI-013,Patricia Mendoza,PROD-028,4,1.98,0.00,EFECTIVO
VTA-003070,2026-06-06,09:37:44,CLI-013,Patricia Mendoza,PROD-020,2,6.43,0.00,YAPE
VTA-003070,2026-06-06,09:37:44,CLI-013,Patricia Mendoza,PROD-015,2,8.81,0.00,YAPE
VTA-003071,2026-06-06,13:59:52,CLI-075,Milagros Díaz,PROD-010,3,3.96,0.00,YAPE
VTA-003071,2026-06-06,13:59:52,CLI-075,Milagros Díaz,PROD-006,2,1.98,0.00,YAPE
VTA-003071,2026-06-06,13:59:52,CLI-075,Milagros Díaz,PROD-011,6,4.46,0.00,YAPE
VTA-003072,2026-06-07,16:18:15,CLI-011,Elena Mendoza,PROD-018,3,4.16,0.00,YAPE
VTA-003072,2026-06-07,16:18:15,CLI-011,Elena Mendoza,PROD-012,2,7.82,0.00,YAPE
VTA-003072,2026-06-07,16:18:15,CLI-011,Elena Mendoza,PROD-034,5,4.46,0.00,YAPE
VTA-003072,2026-06-07,16:18:15,CLI-011,Elena Mendoza,PROD-010,5,3.96,0.00,YAPE
VTA-003073,2026-06-07,21:20:39,CLI-070,Miguel Díaz,PROD-034,3,4.46,0.00,EFECTIVO
VTA-003073,2026-06-07,21:20:39,CLI-070,Miguel Díaz,PROD-003,3,10.79,0.00,EFECTIVO
VTA-003073,2026-06-07,21:20:39,CLI-070,Miguel Díaz,PROD-027,1,2.48,0.07,EFECTIVO
VTA-003073,2026-06-07,21:20:39,CLI-070,Miguel Díaz,PROD-001,4,5.15,0.00,EFECTIVO
VTA-003074,2026-06-07,07:35:47,CLI-080,Marco Díaz,PROD-016,1,11.38,0.00,YAPE
VTA-003074,2026-06-07,07:35:47,CLI-080,Marco Díaz,PROD-022,3,3.17,0.00,YAPE
VTA-003074,2026-06-07,07:35:47,CLI-080,Marco Díaz,PROD-017,4,8.41,0.77,YAPE
VTA-003075,2026-06-07,07:05:43,CLI-077,Claudia Díaz,PROD-031,9,0.40,0.00,EFECTIVO
VTA-003075,2026-06-07,07:05:43,CLI-077,Claudia Díaz,PROD-007,1,3.46,0.00,EFECTIVO
VTA-003076,2026-06-07,07:25:06,CLI-020,Marco Mendoza,PROD-026,2,1.48,0.00,PLIN
VTA-003077,2026-06-07,17:02:10,CLI-093,Patricia Rojas,PROD-029,4,2.77,0.00,YAPE
VTA-003077,2026-06-07,17:02:10,CLI-093,Patricia Rojas,PROD-027,3,2.48,0.00,YAPE
VTA-003077,2026-06-07,17:02:10,CLI-093,Patricia Rojas,PROD-032,3,6.43,2.62,YAPE
VTA-003077,2026-06-07,17:02:10,CLI-093,Patricia Rojas,PROD-026,1,1.48,0.00,YAPE
VTA-003078,2026-06-07,21:04:09,CLI-007,Ana Mendoza,PROD-028,3,1.98,0.00,PLIN
VTA-003078,2026-06-07,21:04:09,CLI-007,Ana Mendoza,PROD-031,2,0.40,0.00,PLIN
VTA-003079,2026-06-07,09:53:59,CLI-013,Patricia Mendoza,PROD-012,1,7.82,0.23,YAPE
VTA-003079,2026-06-07,09:53:59,CLI-013,Patricia Mendoza,PROD-026,1,1.48,0.00,YAPE
VTA-003079,2026-06-07,09:53:59,CLI-013,Patricia Mendoza,PROD-019,5,8.81,0.00,YAPE
VTA-003080,2026-06-07,10:49:20,CLI-008,Jorge Mendoza,PROD-033,4,9.80,0.00,YAPE
VTA-003080,2026-06-07,10:49:20,CLI-008,Jorge Mendoza,PROD-028,6,1.98,0.00,YAPE
VTA-003080,2026-06-07,10:49:20,CLI-008,Jorge Mendoza,PROD-011,6,4.46,0.00,YAPE
VTA-003080,2026-06-07,10:49:20,CLI-008,Jorge Mendoza,PROD-023,4,7.42,0.00,YAPE
VTA-003081,2026-06-07,13:50:49,CLI-002,José Mendoza,PROD-016,5,11.38,0.00,YAPE
VTA-003082,2026-06-07,12:52:12,CLI-051,Elena Castro,PROD-003,4,10.79,5.05,YAPE
VTA-003082,2026-06-07,12:52:12,CLI-051,Elena Castro,PROD-026,5,1.48,0.00,YAPE
VTA-003082,2026-06-07,12:52:12,CLI-051,Elena Castro,PROD-002,1,4.75,0.00,YAPE
VTA-003083,2026-06-07,07:38:52,CLI-037,Claudia García,PROD-010,6,3.96,0.00,EFECTIVO
VTA-003083,2026-06-07,07:38:52,CLI-037,Claudia García,PROD-002,2,4.75,0.00,EFECTIVO
VTA-003084,2026-06-07,13:56:14,CLI-010,Miguel Mendoza,PROD-002,2,4.75,0.00,EFECTIVO
VTA-003085,2026-06-07,18:33:43,CLI-008,Jorge Mendoza,PROD-009,2,5.84,0.00,EFECTIVO
VTA-003085,2026-06-07,18:33:43,CLI-008,Jorge Mendoza,PROD-015,5,8.81,0.00,EFECTIVO
VTA-003086,2026-06-07,18:45:57,CLI-012,Pedro Mendoza,PROD-006,6,1.98,0.00,YAPE
VTA-003086,2026-06-07,18:45:57,CLI-012,Pedro Mendoza,PROD-031,18,0.40,0.00,YAPE
VTA-003087,2026-06-07,08:05:29,CLI-003,María Mendoza,PROD-015,6,8.81,0.00,TARJETA
VTA-003087,2026-06-07,08:05:29,CLI-003,María Mendoza,PROD-031,20,0.40,0.00,TARJETA
VTA-003087,2026-06-07,08:05:29,CLI-003,María Mendoza,PROD-011,3,4.46,0.53,TARJETA
VTA-003088,2026-06-07,21:08:04,CLI-094,Juan Rojas,PROD-008,3,3.17,0.00,EFECTIVO
VTA-003088,2026-06-07,21:08:04,CLI-094,Juan Rojas,PROD-009,5,5.84,0.00,EFECTIVO
VTA-003088,2026-06-07,21:08:04,CLI-094,Juan Rojas,PROD-019,6,8.81,0.00,EFECTIVO
VTA-003088,2026-06-07,21:08:04,CLI-094,Juan Rojas,PROD-028,3,1.98,0.00,EFECTIVO
VTA-003089,2026-06-07,10:21:18,CLI-063,María Díaz,PROD-003,5,10.79,0.00,EFECTIVO
VTA-003089,2026-06-07,10:21:18,CLI-063,María Díaz,PROD-026,1,1.48,0.00,EFECTIVO
VTA-003089,2026-06-07,10:21:18,CLI-063,María Díaz,PROD-027,6,2.48,0.00,EFECTIVO
VTA-003089,2026-06-07,10:21:18,CLI-063,María Díaz,PROD-002,2,4.75,0.00,EFECTIVO
VTA-003090,2026-06-07,21:28:47,CLI-024,Luis García,PROD-006,3,1.98,0.00,EFECTIVO
VTA-003090,2026-06-07,21:28:47,CLI-024,Luis García,PROD-032,2,6.43,0.00,EFECTIVO
VTA-003090,2026-06-07,21:28:47,CLI-024,Luis García,PROD-012,4,7.82,0.00,EFECTIVO
VTA-003090,2026-06-07,21:28:47,CLI-024,Luis García,PROD-028,2,1.98,0.00,EFECTIVO
VTA-003091,2026-06-07,10:31:53,CLI-057,Claudia Castro,PROD-007,1,3.46,0.00,EFECTIVO
VTA-003091,2026-06-07,10:31:53,CLI-057,Claudia Castro,PROD-006,2,1.98,0.28,EFECTIVO
VTA-003092,2026-06-08,21:16:36,CLI-002,José Mendoza,PROD-006,1,1.98,0.00,EFECTIVO
VTA-003093,2026-06-08,14:35:54,CLI-008,Jorge Mendoza,PROD-014,2,9.40,0.00,PLIN
VTA-003093,2026-06-08,14:35:54,CLI-008,Jorge Mendoza,PROD-031,15,0.40,0.00,PLIN
VTA-003093,2026-06-08,14:35:54,CLI-008,Jorge Mendoza,PROD-001,3,5.15,0.00,PLIN
VTA-003094,2026-06-08,13:44:10,CLI-047,Ana Castro,PROD-011,2,4.46,0.00,EFECTIVO
VTA-003095,2026-06-08,17:25:59,CLI-024,Luis García,PROD-007,3,3.46,0.00,TARJETA
VTA-003095,2026-06-08,17:25:59,CLI-024,Luis García,PROD-026,3,1.48,0.00,TARJETA
VTA-003095,2026-06-08,17:25:59,CLI-024,Luis García,PROD-005,3,6.83,0.00,TARJETA
VTA-003095,2026-06-08,17:25:59,CLI-024,Luis García,PROD-010,3,3.96,0.00,TARJETA
VTA-003096,2026-06-08,17:42:14,CLI-044,Luis Castro,PROD-004,4,3.46,0.00,PLIN
VTA-003096,2026-06-08,17:42:14,CLI-044,Luis Castro,PROD-028,6,1.98,0.00,PLIN
VTA-003097,2026-06-08,17:18:07,CLI-051,Elena Castro,PROD-006,1,1.98,0.00,EFECTIVO
VTA-003097,2026-06-08,17:18:07,CLI-051,Elena Castro,PROD-017,5,8.41,0.00,EFECTIVO
VTA-003097,2026-06-08,17:18:07,CLI-051,Elena Castro,PROD-011,4,4.46,0.00,EFECTIVO
VTA-003097,2026-06-08,17:18:07,CLI-051,Elena Castro,PROD-031,10,0.40,0.00,EFECTIVO
VTA-003098,2026-06-08,15:56:38,CLI-058,Renzo Castro,PROD-011,2,4.46,0.00,EFECTIVO
VTA-003098,2026-06-08,15:56:38,CLI-058,Renzo Castro,PROD-004,5,3.46,0.00,EFECTIVO
VTA-003099,2026-06-08,09:30:21,CLI-010,Miguel Mendoza,PROD-006,5,1.98,0.00,PLIN
VTA-003099,2026-06-08,09:30:21,CLI-010,Miguel Mendoza,PROD-031,8,0.40,0.00,PLIN
VTA-003099,2026-06-08,09:30:21,CLI-010,Miguel Mendoza,PROD-002,6,4.75,0.00,PLIN
VTA-003099,2026-06-08,09:30:21,CLI-010,Miguel Mendoza,PROD-015,6,8.81,0.00,PLIN
VTA-003100,2026-06-08,19:12:37,CLI-010,Miguel Mendoza,PROD-003,5,10.79,0.00,EFECTIVO
VTA-003100,2026-06-08,19:12:37,CLI-010,Miguel Mendoza,PROD-001,3,5.15,1.74,EFECTIVO
VTA-003100,2026-06-08,19:12:37,CLI-010,Miguel Mendoza,PROD-028,3,1.98,0.00,EFECTIVO
VTA-003101,2026-06-08,09:10:23,CLI-068,Jorge Díaz,PROD-026,6,1.48,0.00,EFECTIVO
VTA-003102,2026-06-08,15:43:44,CLI-010,Miguel Mendoza,PROD-001,4,5.15,0.00,PLIN
VTA-003103,2026-06-08,11:29:04,CLI-066,Carlos Díaz,PROD-034,1,4.46,0.00,EFECTIVO
VTA-003103,2026-06-08,11:29:04,CLI-066,Carlos Díaz,PROD-003,5,10.79,0.00,EFECTIVO
VTA-003103,2026-06-08,11:29:04,CLI-066,Carlos Díaz,PROD-002,1,4.75,0.00,EFECTIVO
VTA-003104,2026-06-09,07:31:28,CLI-020,Marco Mendoza,PROD-007,2,3.46,0.52,EFECTIVO
VTA-003105,2026-06-09,15:47:11,CLI-006,Carlos Mendoza,PROD-019,2,8.81,0.00,EFECTIVO
VTA-003105,2026-06-09,15:47:11,CLI-006,Carlos Mendoza,PROD-031,16,0.40,0.00,EFECTIVO
VTA-003106,2026-06-09,16:45:41,CLI-010,Miguel Mendoza,PROD-002,6,4.75,3.09,PLIN
VTA-003106,2026-06-09,16:45:41,CLI-010,Miguel Mendoza,PROD-006,5,1.98,0.00,PLIN
VTA-003107,2026-06-09,16:27:19,CLI-055,Milagros Castro,PROD-007,1,3.46,0.00,YAPE
VTA-003107,2026-06-09,16:27:19,CLI-055,Milagros Castro,PROD-001,3,5.15,0.00,YAPE
VTA-003107,2026-06-09,16:27:19,CLI-055,Milagros Castro,PROD-006,6,1.98,0.00,YAPE
VTA-003108,2026-06-09,09:37:08,CLI-025,Carmen García,PROD-027,3,2.48,0.00,YAPE
VTA-003108,2026-06-09,09:37:08,CLI-025,Carmen García,PROD-004,4,3.46,0.00,YAPE
VTA-003109,2026-06-09,12:20:45,CLI-067,Ana Díaz,PROD-018,1,4.16,0.00,YAPE
VTA-003109,2026-06-09,12:20:45,CLI-067,Ana Díaz,PROD-007,4,3.46,0.00,YAPE
VTA-003110,2026-06-09,17:59:11,CLI-010,Miguel Mendoza,PROD-026,6,1.48,1.08,EFECTIVO
VTA-003111,2026-06-09,09:24:32,CLI-052,Pedro Castro,PROD-018,6,4.16,0.00,YAPE
VTA-003111,2026-06-09,09:24:32,CLI-052,Pedro Castro,PROD-019,5,8.81,6.04,YAPE
VTA-003111,2026-06-09,09:24:32,CLI-052,Pedro Castro,PROD-012,6,7.82,0.00,YAPE
VTA-003111,2026-06-09,09:24:32,CLI-052,Pedro Castro,PROD-031,7,0.40,0.00,YAPE
VTA-003112,2026-06-09,20:41:35,CLI-089,Lucía Rojas,PROD-001,5,5.15,0.00,YAPE
VTA-003113,2026-06-09,09:38:15,CLI-003,María Mendoza,PROD-011,3,4.46,1.28,EFECTIVO
VTA-003113,2026-06-09,09:38:15,CLI-003,María Mendoza,PROD-002,6,4.75,0.00,EFECTIVO
VTA-003113,2026-06-09,09:38:15,CLI-003,María Mendoza,PROD-034,4,4.46,0.00,EFECTIVO
VTA-003114,2026-06-09,18:21:31,CLI-035,Milagros García,PROD-013,3,2.18,0.00,EFECTIVO
VTA-003114,2026-06-09,18:21:31,CLI-035,Milagros García,PROD-015,5,8.81,1.77,EFECTIVO
VTA-003114,2026-06-09,18:21:31,CLI-035,Milagros García,PROD-032,6,6.43,0.00,EFECTIVO
VTA-003114,2026-06-09,18:21:31,CLI-035,Milagros García,PROD-003,6,10.79,0.00,EFECTIVO
VTA-003115,2026-06-09,20:22:40,CLI-012,Pedro Mendoza,PROD-001,1,5.15,0.00,YAPE
VTA-003115,2026-06-09,20:22:40,CLI-012,Pedro Mendoza,PROD-028,1,1.98,0.18,YAPE
VTA-003116,2026-06-09,18:24:56,CLI-010,Miguel Mendoza,PROD-006,6,1.98,0.00,TARJETA
VTA-003116,2026-06-09,18:24:56,CLI-010,Miguel Mendoza,PROD-027,6,2.48,0.00,TARJETA
VTA-003116,2026-06-09,18:24:56,CLI-010,Miguel Mendoza,PROD-031,5,0.40,0.00,TARJETA
VTA-003117,2026-06-09,21:48:34,CLI-035,Milagros García,PROD-016,6,11.38,0.00,YAPE
VTA-003117,2026-06-09,21:48:34,CLI-035,Milagros García,PROD-026,3,1.48,0.00,YAPE
VTA-003118,2026-06-09,10:45:13,CLI-029,Lucía García,PROD-011,5,4.46,0.00,YAPE
VTA-003118,2026-06-09,10:45:13,CLI-029,Lucía García,PROD-022,3,3.17,0.00,YAPE
VTA-003119,2026-06-09,11:36:15,CLI-006,Carlos Mendoza,PROD-004,1,3.46,0.00,EFECTIVO
VTA-003120,2026-06-10,09:45:20,CLI-002,José Mendoza,PROD-007,4,3.46,0.00,YAPE
VTA-003120,2026-06-10,09:45:20,CLI-002,José Mendoza,PROD-032,1,6.43,0.00,YAPE
VTA-003121,2026-06-10,19:45:24,CLI-076,Víctor Díaz,PROD-014,6,9.40,0.00,PLIN
VTA-003121,2026-06-10,19:45:24,CLI-076,Víctor Díaz,PROD-013,1,2.18,0.00,PLIN
VTA-003122,2026-06-10,09:30:19,CLI-010,Miguel Mendoza,PROD-034,6,4.46,0.00,YAPE
VTA-003122,2026-06-10,09:30:19,CLI-010,Miguel Mendoza,PROD-027,3,2.48,0.00,YAPE
VTA-003123,2026-06-10,11:01:30,CLI-100,Marco Rojas,PROD-001,1,5.15,0.00,YAPE
VTA-003123,2026-06-10,11:01:30,CLI-100,Marco Rojas,PROD-009,3,5.84,0.00,YAPE
VTA-003124,2026-06-10,17:13:52,CLI-013,Patricia Mendoza,PROD-032,6,6.43,2.60,EFECTIVO
VTA-003125,2026-06-10,21:26:53,CLI-038,Renzo García,PROD-003,2,10.79,0.00,EFECTIVO
VTA-003126,2026-06-10,21:17:55,CLI-012,Pedro Mendoza,PROD-026,5,1.48,0.00,EFECTIVO
VTA-003126,2026-06-10,21:17:55,CLI-012,Pedro Mendoza,PROD-033,1,9.80,0.00,EFECTIVO
VTA-003126,2026-06-10,21:17:55,CLI-012,Pedro Mendoza,PROD-031,12,0.40,0.00,EFECTIVO
VTA-003127,2026-06-10,17:36:08,CLI-068,Jorge Díaz,PROD-029,3,2.77,0.00,PLIN
VTA-003127,2026-06-10,17:36:08,CLI-068,Jorge Díaz,PROD-011,3,4.46,0.00,PLIN
VTA-003128,2026-06-10,18:37:55,CLI-033,Patricia García,PROD-031,5,0.40,0.00,TARJETA
VTA-003129,2026-06-10,14:50:12,CLI-013,Patricia Mendoza,PROD-009,2,5.84,0.00,PLIN
VTA-003129,2026-06-10,14:50:12,CLI-013,Patricia Mendoza,PROD-033,5,9.80,0.00,PLIN
VTA-003130,2026-06-10,19:33:41,CLI-001,Rosa Mendoza,PROD-011,3,4.46,0.00,EFECTIVO
VTA-003130,2026-06-10,19:33:41,CLI-001,Rosa Mendoza,PROD-031,2,0.40,0.00,EFECTIVO
VTA-003130,2026-06-10,19:33:41,CLI-001,Rosa Mendoza,PROD-034,5,4.46,0.00,EFECTIVO
VTA-003131,2026-06-10,09:43:37,CLI-044,Luis Castro,PROD-034,3,4.46,0.00,YAPE
VTA-003131,2026-06-10,09:43:37,CLI-044,Luis Castro,PROD-026,3,1.48,0.00,YAPE
VTA-003132,2026-06-10,20:24:08,CLI-064,Luis Díaz,PROD-001,6,5.15,0.00,TARJETA
VTA-003132,2026-06-10,20:24:08,CLI-064,Luis Díaz,PROD-003,4,10.79,0.00,TARJETA
VTA-003133,2026-06-10,16:16:39,CLI-020,Marco Mendoza,PROD-006,1,1.98,0.00,EFECTIVO
VTA-003133,2026-06-10,16:16:39,CLI-020,Marco Mendoza,PROD-031,11,0.40,0.00,EFECTIVO
VTA-003133,2026-06-10,16:16:39,CLI-020,Marco Mendoza,PROD-019,2,8.81,0.00,EFECTIVO
VTA-003133,2026-06-10,16:16:39,CLI-020,Marco Mendoza,PROD-001,3,5.15,0.00,EFECTIVO
VTA-003133,2026-06-10,16:16:39,CLI-020,Marco Mendoza,PROD-002,5,4.75,0.00,EFECTIVO
VTA-003134,2026-06-10,09:14:14,CLI-042,José Castro,PROD-011,3,4.46,0.00,YAPE
VTA-003134,2026-06-10,09:14:14,CLI-042,José Castro,PROD-006,4,1.98,0.00,YAPE
VTA-003135,2026-06-10,13:23:24,CLI-009,Lucía Mendoza,PROD-007,3,3.46,0.00,EFECTIVO
VTA-003135,2026-06-10,13:23:24,CLI-009,Lucía Mendoza,PROD-031,13,0.40,0.00,EFECTIVO
VTA-003135,2026-06-10,13:23:24,CLI-009,Lucía Mendoza,PROD-011,4,4.46,0.00,EFECTIVO
VTA-003136,2026-06-10,19:56:49,CLI-007,Ana Mendoza,PROD-010,5,3.96,0.00,YAPE
VTA-003137,2026-06-10,17:16:11,CLI-008,Jorge Mendoza,PROD-001,3,5.15,0.00,EFECTIVO
VTA-003137,2026-06-10,17:16:11,CLI-008,Jorge Mendoza,PROD-003,6,10.79,0.00,EFECTIVO
VTA-003137,2026-06-10,17:16:11,CLI-008,Jorge Mendoza,PROD-016,5,11.38,8.33,EFECTIVO
VTA-003138,2026-06-10,09:52:15,CLI-014,Juan Mendoza,PROD-011,5,4.46,0.00,YAPE
VTA-003138,2026-06-10,09:52:15,CLI-014,Juan Mendoza,PROD-012,2,7.82,0.00,YAPE
VTA-003138,2026-06-10,09:52:15,CLI-014,Juan Mendoza,PROD-031,15,0.40,0.00,YAPE
VTA-003138,2026-06-10,09:52:15,CLI-014,Juan Mendoza,PROD-008,1,3.17,0.00,YAPE
VTA-003139,2026-06-11,14:34:40,CLI-061,Rosa Díaz,PROD-006,5,1.98,0.00,PLIN
VTA-003140,2026-06-11,14:01:05,CLI-069,Lucía Díaz,PROD-026,4,1.48,0.00,YAPE
VTA-003140,2026-06-11,14:01:05,CLI-069,Lucía Díaz,PROD-011,6,4.46,0.00,YAPE
VTA-003141,2026-06-11,21:14:23,CLI-009,Lucía Mendoza,PROD-007,6,3.46,0.45,EFECTIVO
VTA-003141,2026-06-11,21:14:23,CLI-009,Lucía Mendoza,PROD-013,4,2.18,0.00,EFECTIVO
VTA-003141,2026-06-11,21:14:23,CLI-009,Lucía Mendoza,PROD-010,2,3.96,0.00,EFECTIVO
VTA-003142,2026-06-11,21:47:08,CLI-008,Jorge Mendoza,PROD-029,3,2.77,0.00,YAPE
VTA-003142,2026-06-11,21:47:08,CLI-008,Jorge Mendoza,PROD-006,4,1.98,0.00,YAPE
VTA-003142,2026-06-11,21:47:08,CLI-008,Jorge Mendoza,PROD-027,1,2.48,0.00,YAPE
VTA-003143,2026-06-11,13:42:50,CLI-042,José Castro,PROD-015,5,8.81,0.00,EFECTIVO
VTA-003143,2026-06-11,13:42:50,CLI-042,José Castro,PROD-034,2,4.46,0.00,EFECTIVO
VTA-003144,2026-06-11,14:11:57,CLI-004,Luis Mendoza,PROD-026,4,1.48,0.00,YAPE
VTA-003144,2026-06-11,14:11:57,CLI-004,Luis Mendoza,PROD-019,3,8.81,1.51,YAPE
VTA-003144,2026-06-11,14:11:57,CLI-004,Luis Mendoza,PROD-001,4,5.15,2.59,YAPE
VTA-003144,2026-06-11,14:11:57,CLI-004,Luis Mendoza,PROD-006,2,1.98,0.00,YAPE
VTA-003144,2026-06-11,14:11:57,CLI-004,Luis Mendoza,PROD-016,3,11.38,0.00,YAPE
VTA-003145,2026-06-11,13:25:35,CLI-039,Diana García,PROD-006,1,1.98,0.00,YAPE
VTA-003145,2026-06-11,13:25:35,CLI-039,Diana García,PROD-004,3,3.46,0.00,YAPE
VTA-003145,2026-06-11,13:25:35,CLI-039,Diana García,PROD-012,6,7.82,0.00,YAPE
VTA-003146,2026-06-11,17:50:05,CLI-047,Ana Castro,PROD-031,15,0.40,0.00,EFECTIVO
VTA-003146,2026-06-11,17:50:05,CLI-047,Ana Castro,PROD-029,5,2.77,0.00,EFECTIVO
VTA-003146,2026-06-11,17:50:05,CLI-047,Ana Castro,PROD-003,3,10.79,0.00,EFECTIVO
VTA-003146,2026-06-11,17:50:05,CLI-047,Ana Castro,PROD-015,1,8.81,0.00,EFECTIVO
VTA-003147,2026-06-11,15:04:03,CLI-001,Rosa Mendoza,PROD-029,6,2.77,0.00,PLIN
VTA-003147,2026-06-11,15:04:03,CLI-001,Rosa Mendoza,PROD-001,3,5.15,0.00,PLIN
VTA-003147,2026-06-11,15:04:03,CLI-001,Rosa Mendoza,PROD-019,1,8.81,0.00,PLIN
VTA-003147,2026-06-11,15:04:03,CLI-001,Rosa Mendoza,PROD-011,2,4.46,0.00,PLIN
VTA-003147,2026-06-11,15:04:03,CLI-001,Rosa Mendoza,PROD-004,5,3.46,0.00,PLIN
VTA-003148,2026-06-11,13:11:59,CLI-015,Milagros Mendoza,PROD-027,6,2.48,0.00,PLIN
VTA-003148,2026-06-11,13:11:59,CLI-015,Milagros Mendoza,PROD-013,4,2.18,0.00,PLIN
VTA-003148,2026-06-11,13:11:59,CLI-015,Milagros Mendoza,PROD-009,2,5.84,0.00,PLIN
VTA-003148,2026-06-11,13:11:59,CLI-015,Milagros Mendoza,PROD-031,16,0.40,0.00,PLIN
VTA-003149,2026-06-11,21:30:05,CLI-005,Carmen Mendoza,PROD-018,4,4.16,0.00,YAPE
VTA-003149,2026-06-11,21:30:05,CLI-005,Carmen Mendoza,PROD-001,4,5.15,0.00,YAPE
VTA-003149,2026-06-11,21:30:05,CLI-005,Carmen Mendoza,PROD-011,6,4.46,0.00,YAPE
VTA-003149,2026-06-11,21:30:05,CLI-005,Carmen Mendoza,PROD-003,4,10.79,0.00,YAPE
VTA-003149,2026-06-11,21:30:05,CLI-005,Carmen Mendoza,PROD-028,4,1.98,0.00,YAPE
VTA-003150,2026-06-11,16:15:38,CLI-051,Elena Castro,PROD-031,16,0.40,0.00,EFECTIVO
VTA-003150,2026-06-11,16:15:38,CLI-051,Elena Castro,PROD-007,2,3.46,0.00,EFECTIVO
VTA-003151,2026-06-11,18:44:16,CLI-061,Rosa Díaz,PROD-026,2,1.48,0.00,YAPE
VTA-003152,2026-06-11,17:28:18,CLI-066,Carlos Díaz,PROD-015,1,8.81,0.00,PLIN
VTA-003153,2026-06-11,07:18:43,CLI-049,Lucía Castro,PROD-031,5,0.40,0.00,YAPE
VTA-003154,2026-06-11,20:03:25,CLI-043,María Castro,PROD-008,1,3.17,0.00,PLIN
VTA-003155,2026-06-11,07:16:12,CLI-019,Diana Mendoza,PROD-007,2,3.46,0.00,EFECTIVO
VTA-003155,2026-06-11,07:16:12,CLI-019,Diana Mendoza,PROD-004,6,3.46,0.00,EFECTIVO
VTA-003155,2026-06-11,07:16:12,CLI-019,Diana Mendoza,PROD-028,6,1.98,0.00,EFECTIVO
VTA-003155,2026-06-11,07:16:12,CLI-019,Diana Mendoza,PROD-009,3,5.84,2.44,EFECTIVO
VTA-003155,2026-06-11,07:16:12,CLI-019,Diana Mendoza,PROD-012,6,7.82,0.00,EFECTIVO
VTA-003156,2026-06-12,07:44:39,CLI-045,Carmen Castro,PROD-005,5,6.83,3.78,YAPE
VTA-003156,2026-06-12,07:44:39,CLI-045,Carmen Castro,PROD-029,6,2.77,0.00,YAPE
VTA-003156,2026-06-12,07:44:39,CLI-045,Carmen Castro,PROD-004,3,3.46,0.00,YAPE
VTA-003157,2026-06-12,19:18:05,CLI-020,Marco Mendoza,PROD-031,14,0.40,0.00,PLIN
VTA-003158,2026-06-12,13:18:26,CLI-014,Juan Mendoza,PROD-010,3,3.96,0.00,PLIN
VTA-003158,2026-06-12,13:18:26,CLI-014,Juan Mendoza,PROD-004,4,3.46,0.00,PLIN
VTA-003158,2026-06-12,13:18:26,CLI-014,Juan Mendoza,PROD-027,2,2.48,0.00,PLIN
VTA-003158,2026-06-12,13:18:26,CLI-014,Juan Mendoza,PROD-023,5,7.42,0.00,PLIN
VTA-003158,2026-06-12,13:18:26,CLI-014,Juan Mendoza,PROD-001,6,5.15,0.00,PLIN
VTA-003159,2026-06-12,13:34:41,CLI-006,Carlos Mendoza,PROD-014,6,9.40,0.00,EFECTIVO
VTA-003159,2026-06-12,13:34:41,CLI-006,Carlos Mendoza,PROD-011,3,4.46,0.00,EFECTIVO
VTA-003159,2026-06-12,13:34:41,CLI-006,Carlos Mendoza,PROD-016,6,11.38,0.00,EFECTIVO
VTA-003160,2026-06-12,15:54:27,CLI-017,Claudia Mendoza,PROD-013,4,2.18,0.00,EFECTIVO
VTA-003160,2026-06-12,15:54:27,CLI-017,Claudia Mendoza,PROD-011,2,4.46,0.00,EFECTIVO
VTA-003160,2026-06-12,15:54:27,CLI-017,Claudia Mendoza,PROD-006,4,1.98,0.00,EFECTIVO
VTA-003161,2026-06-12,21:07:22,CLI-094,Juan Rojas,PROD-027,2,2.48,0.00,YAPE
VTA-003161,2026-06-12,21:07:22,CLI-094,Juan Rojas,PROD-004,5,3.46,0.00,YAPE
VTA-003162,2026-06-12,15:14:25,CLI-047,Ana Castro,PROD-008,4,3.17,0.00,EFECTIVO
VTA-003162,2026-06-12,15:14:25,CLI-047,Ana Castro,PROD-028,5,1.98,0.00,EFECTIVO
VTA-003162,2026-06-12,15:14:25,CLI-047,Ana Castro,PROD-001,5,5.15,0.00,EFECTIVO
VTA-003163,2026-06-12,20:27:37,CLI-028,Jorge García,PROD-008,2,3.17,0.00,EFECTIVO
VTA-003164,2026-06-12,11:55:38,CLI-035,Milagros García,PROD-007,1,3.46,0.00,YAPE
VTA-003165,2026-06-12,21:30:38,CLI-067,Ana Díaz,PROD-027,3,2.48,0.00,PLIN
VTA-003165,2026-06-12,21:30:38,CLI-067,Ana Díaz,PROD-026,3,1.48,0.00,PLIN
VTA-003166,2026-06-12,15:31:33,CLI-006,Carlos Mendoza,PROD-006,6,1.98,0.00,PLIN
VTA-003166,2026-06-12,15:31:33,CLI-006,Carlos Mendoza,PROD-002,6,4.75,0.00,PLIN
VTA-003166,2026-06-12,15:31:33,CLI-006,Carlos Mendoza,PROD-008,3,3.17,0.00,PLIN
VTA-003167,2026-06-12,18:31:16,CLI-004,Luis Mendoza,PROD-007,6,3.46,0.00,YAPE
VTA-003167,2026-06-12,18:31:16,CLI-004,Luis Mendoza,PROD-010,1,3.96,0.00,YAPE
VTA-003167,2026-06-12,18:31:16,CLI-004,Luis Mendoza,PROD-029,2,2.77,0.00,YAPE
VTA-003167,2026-06-12,18:31:16,CLI-004,Luis Mendoza,PROD-006,1,1.98,0.00,YAPE
VTA-003168,2026-06-12,12:03:51,CLI-024,Luis García,PROD-003,6,10.79,0.00,EFECTIVO
VTA-003168,2026-06-12,12:03:51,CLI-024,Luis García,PROD-011,1,4.46,0.63,EFECTIVO
VTA-003169,2026-06-12,19:49:15,CLI-008,Jorge Mendoza,PROD-009,6,5.84,0.00,YAPE
VTA-003169,2026-06-12,19:49:15,CLI-008,Jorge Mendoza,PROD-002,1,4.75,0.00,YAPE
VTA-003170,2026-06-12,08:34:06,CLI-016,Víctor Mendoza,PROD-009,1,5.84,0.81,EFECTIVO
VTA-003170,2026-06-12,08:34:06,CLI-016,Víctor Mendoza,PROD-029,3,2.77,0.00,EFECTIVO
VTA-003170,2026-06-12,08:34:06,CLI-016,Víctor Mendoza,PROD-031,4,0.40,0.00,EFECTIVO
VTA-003171,2026-06-12,13:56:56,CLI-004,Luis Mendoza,PROD-001,5,5.15,0.00,EFECTIVO
VTA-003171,2026-06-12,13:56:56,CLI-004,Luis Mendoza,PROD-005,3,6.83,0.00,EFECTIVO
VTA-003171,2026-06-12,13:56:56,CLI-004,Luis Mendoza,PROD-011,1,4.46,0.00,EFECTIVO
VTA-003172,2026-06-12,09:48:56,CLI-004,Luis Mendoza,PROD-031,10,0.40,0.00,YAPE
VTA-003173,2026-06-12,20:20:59,CLI-021,Rosa García,PROD-001,6,5.15,2.55,YAPE
VTA-003173,2026-06-12,20:20:59,CLI-021,Rosa García,PROD-013,3,2.18,0.73,YAPE
VTA-003173,2026-06-12,20:20:59,CLI-021,Rosa García,PROD-002,6,4.75,0.00,YAPE
VTA-003174,2026-06-12,07:33:56,CLI-002,José Mendoza,PROD-019,6,8.81,0.00,YAPE
VTA-003174,2026-06-12,07:33:56,CLI-002,José Mendoza,PROD-007,2,3.46,0.00,YAPE
VTA-003175,2026-06-12,19:59:05,CLI-039,Diana García,PROD-011,3,4.46,0.00,EFECTIVO
VTA-003175,2026-06-12,19:59:05,CLI-039,Diana García,PROD-034,3,4.46,0.00,EFECTIVO
VTA-003176,2026-06-12,12:57:24,CLI-014,Juan Mendoza,PROD-011,5,4.46,0.00,PLIN
VTA-003176,2026-06-12,12:57:24,CLI-014,Juan Mendoza,PROD-006,4,1.98,0.00,PLIN
VTA-003176,2026-06-12,12:57:24,CLI-014,Juan Mendoza,PROD-022,4,3.17,0.00,PLIN
VTA-003176,2026-06-12,12:57:24,CLI-014,Juan Mendoza,PROD-015,4,8.81,0.00,PLIN
VTA-003177,2026-06-12,18:38:38,CLI-048,Jorge Castro,PROD-013,3,2.18,0.00,EFECTIVO
VTA-003177,2026-06-12,18:38:38,CLI-048,Jorge Castro,PROD-003,4,10.79,0.00,EFECTIVO
VTA-003178,2026-06-12,15:35:19,CLI-017,Claudia Mendoza,PROD-029,5,2.77,0.00,YAPE
VTA-003178,2026-06-12,15:35:19,CLI-017,Claudia Mendoza,PROD-027,4,2.48,0.00,YAPE
VTA-003179,2026-06-12,20:01:47,CLI-060,Marco Castro,PROD-026,6,1.48,0.00,PLIN
VTA-003179,2026-06-12,20:01:47,CLI-060,Marco Castro,PROD-031,18,0.40,0.00,PLIN
VTA-003179,2026-06-12,20:01:47,CLI-060,Marco Castro,PROD-003,3,10.79,0.00,PLIN
VTA-003180,2026-06-12,17:32:25,CLI-045,Carmen Castro,PROD-026,5,1.48,0.86,EFECTIVO
VTA-003180,2026-06-12,17:32:25,CLI-045,Carmen Castro,PROD-019,1,8.81,0.00,EFECTIVO
VTA-003181,2026-06-12,07:37:55,CLI-009,Lucía Mendoza,PROD-027,3,2.48,0.00,PLIN
VTA-003182,2026-06-12,12:22:32,CLI-001,Rosa Mendoza,PROD-031,19,0.40,0.00,PLIN
VTA-003182,2026-06-12,12:22:32,CLI-001,Rosa Mendoza,PROD-028,5,1.98,0.00,PLIN
VTA-003182,2026-06-12,12:22:32,CLI-001,Rosa Mendoza,PROD-018,4,4.16,0.00,PLIN
VTA-003183,2026-06-12,10:08:55,CLI-066,Carlos Díaz,PROD-005,5,6.83,0.00,EFECTIVO
VTA-003184,2026-06-12,14:10:54,CLI-007,Ana Mendoza,PROD-022,5,3.17,0.00,EFECTIVO
VTA-003184,2026-06-12,14:10:54,CLI-007,Ana Mendoza,PROD-008,2,3.17,0.00,EFECTIVO
VTA-003185,2026-06-13,16:45:12,CLI-073,Patricia Díaz,PROD-031,20,0.40,0.69,EFECTIVO
VTA-003186,2026-06-13,16:16:31,CLI-042,José Castro,PROD-007,3,3.46,0.00,EFECTIVO
VTA-003187,2026-06-13,21:10:41,CLI-006,Carlos Mendoza,PROD-010,5,3.96,0.00,EFECTIVO
VTA-003188,2026-06-13,14:16:46,CLI-011,Elena Mendoza,PROD-006,3,1.98,0.00,PLIN
VTA-003189,2026-06-13,07:04:47,CLI-041,Rosa Castro,PROD-031,5,0.40,0.00,PLIN
VTA-003189,2026-06-13,07:04:47,CLI-041,Rosa Castro,PROD-017,4,8.41,0.00,PLIN
VTA-003190,2026-06-13,21:07:32,CLI-051,Elena Castro,PROD-008,4,3.17,0.00,EFECTIVO
VTA-003190,2026-06-13,21:07:32,CLI-051,Elena Castro,PROD-020,6,6.43,0.00,EFECTIVO
VTA-003191,2026-06-13,11:23:27,CLI-014,Juan Mendoza,PROD-005,4,6.83,0.00,EFECTIVO
VTA-003191,2026-06-13,11:23:27,CLI-014,Juan Mendoza,PROD-011,3,4.46,0.00,EFECTIVO
VTA-003192,2026-06-13,19:08:00,CLI-044,Luis Castro,PROD-012,6,7.82,0.00,EFECTIVO
VTA-003192,2026-06-13,19:08:00,CLI-044,Luis Castro,PROD-009,1,5.84,0.00,EFECTIVO
VTA-003192,2026-06-13,19:08:00,CLI-044,Luis Castro,PROD-020,6,6.43,0.00,EFECTIVO
VTA-003193,2026-06-13,13:03:05,CLI-028,Jorge García,PROD-012,1,7.82,0.00,PLIN
VTA-003193,2026-06-13,13:03:05,CLI-028,Jorge García,PROD-020,6,6.43,0.00,PLIN
VTA-003194,2026-06-13,10:59:03,CLI-012,Pedro Mendoza,PROD-031,18,0.40,0.00,YAPE
VTA-003194,2026-06-13,10:59:03,CLI-012,Pedro Mendoza,PROD-015,6,8.81,2.94,YAPE
VTA-003194,2026-06-13,10:59:03,CLI-012,Pedro Mendoza,PROD-007,6,3.46,0.00,YAPE
VTA-003195,2026-06-13,15:19:28,CLI-033,Patricia García,PROD-009,5,5.84,0.00,PLIN
VTA-003195,2026-06-13,15:19:28,CLI-033,Patricia García,PROD-032,3,6.43,0.00,PLIN
VTA-003196,2026-06-13,14:29:57,CLI-009,Lucía Mendoza,PROD-028,1,1.98,0.00,TARJETA
VTA-003196,2026-06-13,14:29:57,CLI-009,Lucía Mendoza,PROD-001,5,5.15,2.10,TARJETA
VTA-003197,2026-06-13,11:13:42,CLI-010,Miguel Mendoza,PROD-029,1,2.77,0.00,EFECTIVO
VTA-003197,2026-06-13,11:13:42,CLI-010,Miguel Mendoza,PROD-032,4,6.43,0.00,EFECTIVO
VTA-003197,2026-06-13,11:13:42,CLI-010,Miguel Mendoza,PROD-018,3,4.16,0.00,EFECTIVO
VTA-003197,2026-06-13,11:13:42,CLI-010,Miguel Mendoza,PROD-010,6,3.96,0.00,EFECTIVO
VTA-003197,2026-06-13,11:13:42,CLI-010,Miguel Mendoza,PROD-031,13,0.40,0.00,EFECTIVO
VTA-003198,2026-06-13,20:07:08,CLI-063,María Díaz,PROD-010,2,3.96,0.60,YAPE
VTA-003198,2026-06-13,20:07:08,CLI-063,María Díaz,PROD-004,2,3.46,0.00,YAPE
VTA-003199,2026-06-13,14:59:13,CLI-044,Luis Castro,PROD-003,4,10.79,0.00,YAPE
VTA-003199,2026-06-13,14:59:13,CLI-044,Luis Castro,PROD-010,6,3.96,0.00,YAPE
VTA-003200,2026-06-13,16:38:29,CLI-056,Víctor Castro,PROD-008,3,3.17,0.00,YAPE
VTA-003201,2026-06-13,09:08:23,CLI-007,Ana Mendoza,PROD-012,6,7.82,0.00,TARJETA
VTA-003202,2026-06-13,14:18:53,CLI-014,Juan Mendoza,PROD-033,5,9.80,1.25,PLIN
VTA-003202,2026-06-13,14:18:53,CLI-014,Juan Mendoza,PROD-009,1,5.84,0.00,PLIN
VTA-003203,2026-06-13,20:11:11,CLI-050,Miguel Castro,PROD-014,6,9.40,0.00,PLIN
VTA-003203,2026-06-13,20:11:11,CLI-050,Miguel Castro,PROD-011,1,4.46,0.00,PLIN
VTA-003203,2026-06-13,20:11:11,CLI-050,Miguel Castro,PROD-029,4,2.77,0.00,PLIN
VTA-003204,2026-06-13,14:34:19,CLI-009,Lucía Mendoza,PROD-010,2,3.96,0.00,EFECTIVO
VTA-003204,2026-06-13,14:34:19,CLI-009,Lucía Mendoza,PROD-005,4,6.83,0.00,EFECTIVO
VTA-003204,2026-06-13,14:34:19,CLI-009,Lucía Mendoza,PROD-019,1,8.81,0.00,EFECTIVO
VTA-003205,2026-06-13,14:40:44,CLI-041,Rosa Castro,PROD-008,6,3.17,0.56,PLIN
VTA-003206,2026-06-13,20:12:23,CLI-035,Milagros García,PROD-031,15,0.40,0.00,TARJETA
VTA-003206,2026-06-13,20:12:23,CLI-035,Milagros García,PROD-001,5,5.15,0.00,TARJETA
VTA-003206,2026-06-13,20:12:23,CLI-035,Milagros García,PROD-028,3,1.98,0.00,TARJETA
VTA-003206,2026-06-13,20:12:23,CLI-035,Milagros García,PROD-010,2,3.96,0.00,TARJETA
VTA-003206,2026-06-13,20:12:23,CLI-035,Milagros García,PROD-020,6,6.43,3.41,TARJETA
VTA-003207,2026-06-14,16:01:11,CLI-044,Luis Castro,PROD-033,2,9.80,0.00,TARJETA
VTA-003207,2026-06-14,16:01:11,CLI-044,Luis Castro,PROD-007,3,3.46,0.00,TARJETA
VTA-003207,2026-06-14,16:01:11,CLI-044,Luis Castro,PROD-031,2,0.40,0.00,TARJETA
VTA-003207,2026-06-14,16:01:11,CLI-044,Luis Castro,PROD-010,5,3.96,0.00,TARJETA
VTA-003207,2026-06-14,16:01:11,CLI-044,Luis Castro,PROD-011,1,4.46,0.00,TARJETA
VTA-003208,2026-06-14,19:28:50,CLI-021,Rosa García,PROD-008,1,3.17,0.47,PLIN
VTA-003209,2026-06-14,20:34:58,CLI-074,Juan Díaz,PROD-001,4,5.15,0.00,EFECTIVO
VTA-003210,2026-06-14,08:20:46,CLI-088,Jorge Rojas,PROD-011,2,4.46,0.00,YAPE
VTA-003211,2026-06-14,15:26:00,CLI-070,Miguel Díaz,PROD-004,2,3.46,0.00,EFECTIVO
VTA-003211,2026-06-14,15:26:00,CLI-070,Miguel Díaz,PROD-005,3,6.83,0.00,EFECTIVO
VTA-003211,2026-06-14,15:26:00,CLI-070,Miguel Díaz,PROD-032,2,6.43,0.72,EFECTIVO
VTA-003212,2026-06-14,20:06:04,CLI-038,Renzo García,PROD-003,6,10.79,0.00,YAPE
VTA-003213,2026-06-14,08:54:56,CLI-030,Miguel García,PROD-007,6,3.46,0.00,YAPE
VTA-003213,2026-06-14,08:54:56,CLI-030,Miguel García,PROD-019,6,8.81,0.00,YAPE
VTA-003214,2026-06-14,12:29:32,CLI-058,Renzo Castro,PROD-028,3,1.98,0.00,YAPE
VTA-003214,2026-06-14,12:29:32,CLI-058,Renzo Castro,PROD-032,2,6.43,0.00,YAPE
VTA-003214,2026-06-14,12:29:32,CLI-058,Renzo Castro,PROD-017,5,8.41,0.00,YAPE
VTA-003215,2026-06-14,12:55:07,CLI-029,Lucía García,PROD-026,3,1.48,0.00,TARJETA
VTA-003215,2026-06-14,12:55:07,CLI-029,Lucía García,PROD-029,2,2.77,0.00,TARJETA
VTA-003215,2026-06-14,12:55:07,CLI-029,Lucía García,PROD-028,6,1.98,0.00,TARJETA
VTA-003215,2026-06-14,12:55:07,CLI-029,Lucía García,PROD-007,2,3.46,0.00,TARJETA
VTA-003216,2026-06-14,13:00:04,CLI-054,Juan Castro,PROD-004,5,3.46,0.00,YAPE
VTA-003216,2026-06-14,13:00:04,CLI-054,Juan Castro,PROD-006,5,1.98,0.00,YAPE
VTA-003216,2026-06-14,13:00:04,CLI-054,Juan Castro,PROD-001,6,5.15,0.00,YAPE
VTA-003217,2026-06-14,09:35:19,CLI-029,Lucía García,PROD-019,5,8.81,0.00,PLIN
VTA-003217,2026-06-14,09:35:19,CLI-029,Lucía García,PROD-016,6,11.38,0.00,PLIN
VTA-003217,2026-06-14,09:35:19,CLI-029,Lucía García,PROD-014,6,9.40,0.00,PLIN
VTA-003217,2026-06-14,09:35:19,CLI-029,Lucía García,PROD-031,19,0.40,0.00,PLIN
VTA-003218,2026-06-14,08:23:48,CLI-007,Ana Mendoza,PROD-006,3,1.98,0.32,EFECTIVO
VTA-003219,2026-06-14,13:06:01,CLI-022,José García,PROD-009,5,5.84,0.00,EFECTIVO
VTA-003219,2026-06-14,13:06:01,CLI-022,José García,PROD-027,3,2.48,0.00,EFECTIVO
VTA-003219,2026-06-14,13:06:01,CLI-022,José García,PROD-003,2,10.79,0.00,EFECTIVO
VTA-003219,2026-06-14,13:06:01,CLI-022,José García,PROD-026,5,1.48,1.03,EFECTIVO
VTA-003219,2026-06-14,13:06:01,CLI-022,José García,PROD-031,5,0.40,0.00,EFECTIVO
VTA-003220,2026-06-14,19:25:40,CLI-029,Lucía García,PROD-010,2,3.96,0.00,YAPE
VTA-003220,2026-06-14,19:25:40,CLI-029,Lucía García,PROD-028,4,1.98,0.00,YAPE
VTA-003221,2026-06-14,13:20:34,CLI-039,Diana García,PROD-019,1,8.81,0.00,PLIN
VTA-003221,2026-06-14,13:20:34,CLI-039,Diana García,PROD-018,2,4.16,0.00,PLIN
VTA-003222,2026-06-14,11:43:26,CLI-042,José Castro,PROD-026,6,1.48,0.00,EFECTIVO
VTA-003222,2026-06-14,11:43:26,CLI-042,José Castro,PROD-013,3,2.18,0.00,EFECTIVO
VTA-003222,2026-06-14,11:43:26,CLI-042,José Castro,PROD-034,3,4.46,0.00,EFECTIVO
VTA-003223,2026-06-14,19:21:00,CLI-077,Claudia Díaz,PROD-001,5,5.15,0.00,YAPE
VTA-003224,2026-06-14,18:22:34,CLI-069,Lucía Díaz,PROD-019,1,8.81,0.00,EFECTIVO
VTA-003224,2026-06-14,18:22:34,CLI-069,Lucía Díaz,PROD-022,1,3.17,0.00,EFECTIVO
VTA-003224,2026-06-14,18:22:34,CLI-069,Lucía Díaz,PROD-028,6,1.98,0.00,EFECTIVO
VTA-003224,2026-06-14,18:22:34,CLI-069,Lucía Díaz,PROD-031,7,0.40,0.10,EFECTIVO
VTA-003225,2026-06-14,19:42:03,CLI-065,Carmen Díaz,PROD-011,6,4.46,0.00,YAPE
VTA-003226,2026-06-14,15:33:31,CLI-097,Claudia Rojas,PROD-004,1,3.46,0.00,YAPE
VTA-003226,2026-06-14,15:33:31,CLI-097,Claudia Rojas,PROD-006,6,1.98,0.00,YAPE
VTA-003227,2026-06-14,09:22:58,CLI-091,Elena Rojas,PROD-002,6,4.75,2.49,EFECTIVO
VTA-003228,2026-06-14,14:18:33,CLI-003,María Mendoza,PROD-007,1,3.46,0.00,YAPE
VTA-003228,2026-06-14,14:18:33,CLI-003,María Mendoza,PROD-005,3,6.83,0.00,YAPE
VTA-003229,2026-06-14,15:35:00,CLI-015,Milagros Mendoza,PROD-029,1,2.77,0.29,YAPE
VTA-003230,2026-06-14,13:14:27,CLI-006,Carlos Mendoza,PROD-001,3,5.15,0.00,EFECTIVO
VTA-003230,2026-06-14,13:14:27,CLI-006,Carlos Mendoza,PROD-013,5,2.18,0.00,EFECTIVO
VTA-003231,2026-06-14,18:33:51,CLI-046,Carlos Castro,PROD-003,6,10.79,2.35,PLIN
VTA-003232,2026-06-14,15:24:55,CLI-064,Luis Díaz,PROD-001,3,5.15,0.00,EFECTIVO
VTA-003233,2026-06-14,19:52:36,CLI-067,Ana Díaz,PROD-009,2,5.84,0.00,EFECTIVO
VTA-003234,2026-06-14,20:12:35,CLI-048,Jorge Castro,PROD-017,4,8.41,0.00,PLIN
VTA-003234,2026-06-14,20:12:35,CLI-048,Jorge Castro,PROD-026,4,1.48,0.00,PLIN
VTA-003235,2026-06-15,10:54:58,CLI-048,Jorge Castro,PROD-007,3,3.46,0.00,YAPE
VTA-003235,2026-06-15,10:54:58,CLI-048,Jorge Castro,PROD-014,5,9.40,0.00,YAPE
VTA-003235,2026-06-15,10:54:58,CLI-048,Jorge Castro,PROD-005,5,6.83,0.00,YAPE
VTA-003236,2026-06-15,16:29:33,CLI-002,José Mendoza,PROD-002,1,4.75,0.00,YAPE
VTA-003237,2026-06-15,14:00:13,CLI-018,Renzo Mendoza,PROD-026,4,1.48,0.00,EFECTIVO
VTA-003237,2026-06-15,14:00:13,CLI-018,Renzo Mendoza,PROD-033,6,9.80,0.00,EFECTIVO
VTA-003237,2026-06-15,14:00:13,CLI-018,Renzo Mendoza,PROD-005,3,6.83,0.00,EFECTIVO
VTA-003238,2026-06-15,17:52:03,CLI-020,Marco Mendoza,PROD-004,5,3.46,0.00,PLIN
VTA-003238,2026-06-15,17:52:03,CLI-020,Marco Mendoza,PROD-031,8,0.40,0.00,PLIN
VTA-003239,2026-06-15,09:53:44,CLI-035,Milagros García,PROD-003,6,10.79,0.00,EFECTIVO
VTA-003239,2026-06-15,09:53:44,CLI-035,Milagros García,PROD-006,6,1.98,0.00,EFECTIVO
VTA-003240,2026-06-15,09:58:25,CLI-011,Elena Mendoza,PROD-009,6,5.84,0.00,EFECTIVO
VTA-003241,2026-06-15,21:54:22,CLI-014,Juan Mendoza,PROD-027,3,2.48,0.00,YAPE
VTA-003241,2026-06-15,21:54:22,CLI-014,Juan Mendoza,PROD-007,4,3.46,0.00,YAPE
VTA-003242,2026-06-15,13:51:45,CLI-068,Jorge Díaz,PROD-002,5,4.75,0.00,YAPE
VTA-003242,2026-06-15,13:51:45,CLI-068,Jorge Díaz,PROD-006,4,1.98,0.55,YAPE
VTA-003243,2026-06-15,11:24:02,CLI-009,Lucía Mendoza,PROD-019,6,8.81,0.00,PLIN
VTA-003243,2026-06-15,11:24:02,CLI-009,Lucía Mendoza,PROD-006,5,1.98,0.00,PLIN
VTA-003243,2026-06-15,11:24:02,CLI-009,Lucía Mendoza,PROD-027,4,2.48,0.00,PLIN
VTA-003244,2026-06-15,09:05:42,CLI-021,Rosa García,PROD-009,3,5.84,0.00,EFECTIVO
VTA-003244,2026-06-15,09:05:42,CLI-021,Rosa García,PROD-018,4,4.16,0.00,EFECTIVO
VTA-003245,2026-06-15,07:37:30,CLI-004,Luis Mendoza,PROD-026,6,1.48,0.00,EFECTIVO
VTA-003245,2026-06-15,07:37:30,CLI-004,Luis Mendoza,PROD-006,2,1.98,0.00,EFECTIVO
VTA-003245,2026-06-15,07:37:30,CLI-004,Luis Mendoza,PROD-013,5,2.18,0.00,EFECTIVO
VTA-003245,2026-06-15,07:37:30,CLI-004,Luis Mendoza,PROD-031,10,0.40,0.00,EFECTIVO
VTA-003245,2026-06-15,07:37:30,CLI-004,Luis Mendoza,PROD-001,4,5.15,0.00,EFECTIVO
VTA-003246,2026-06-15,14:50:15,CLI-027,Ana García,PROD-006,6,1.98,0.35,YAPE
VTA-003246,2026-06-15,14:50:15,CLI-027,Ana García,PROD-016,2,11.38,1.62,YAPE
VTA-003246,2026-06-15,14:50:15,CLI-027,Ana García,PROD-003,2,10.79,0.00,YAPE
VTA-003247,2026-06-15,13:49:55,CLI-033,Patricia García,PROD-002,3,4.75,1.47,PLIN
VTA-003247,2026-06-15,13:49:55,CLI-033,Patricia García,PROD-028,5,1.98,0.00,PLIN
VTA-003248,2026-06-16,13:00:39,CLI-080,Marco Díaz,PROD-012,4,7.82,0.00,PLIN
VTA-003248,2026-06-16,13:00:39,CLI-080,Marco Díaz,PROD-015,3,8.81,0.00,PLIN
VTA-003248,2026-06-16,13:00:39,CLI-080,Marco Díaz,PROD-018,6,4.16,0.00,PLIN
VTA-003248,2026-06-16,13:00:39,CLI-080,Marco Díaz,PROD-026,1,1.48,0.00,PLIN
VTA-003249,2026-06-16,07:15:09,CLI-022,José García,PROD-006,5,1.98,0.00,EFECTIVO
VTA-003249,2026-06-16,07:15:09,CLI-022,José García,PROD-008,5,3.17,0.00,EFECTIVO
VTA-003249,2026-06-16,07:15:09,CLI-022,José García,PROD-009,1,5.84,0.00,EFECTIVO
VTA-003249,2026-06-16,07:15:09,CLI-022,José García,PROD-005,3,6.83,0.00,EFECTIVO
VTA-003249,2026-06-16,07:15:09,CLI-022,José García,PROD-015,6,8.81,0.00,EFECTIVO
VTA-003250,2026-06-16,08:54:24,CLI-009,Lucía Mendoza,PROD-008,3,3.17,0.00,YAPE
VTA-003250,2026-06-16,08:54:24,CLI-009,Lucía Mendoza,PROD-029,2,2.77,0.26,YAPE
VTA-003250,2026-06-16,08:54:24,CLI-009,Lucía Mendoza,PROD-028,2,1.98,0.00,YAPE
VTA-003251,2026-06-16,09:50:54,CLI-024,Luis García,PROD-012,1,7.82,0.00,YAPE
VTA-003252,2026-06-16,08:08:58,CLI-014,Juan Mendoza,PROD-012,5,7.82,0.00,EFECTIVO
VTA-003252,2026-06-16,08:08:58,CLI-014,Juan Mendoza,PROD-013,4,2.18,0.00,EFECTIVO
VTA-003252,2026-06-16,08:08:58,CLI-014,Juan Mendoza,PROD-020,1,6.43,0.00,EFECTIVO
VTA-003253,2026-06-16,17:47:08,CLI-061,Rosa Díaz,PROD-006,6,1.98,0.00,EFECTIVO
VTA-003254,2026-06-16,12:32:16,CLI-055,Milagros Castro,PROD-004,5,3.46,0.00,TARJETA
VTA-003254,2026-06-16,12:32:16,CLI-055,Milagros Castro,PROD-017,4,8.41,0.00,TARJETA
VTA-003255,2026-06-16,19:34:56,CLI-023,María García,PROD-011,6,4.46,0.00,EFECTIVO
VTA-003255,2026-06-16,19:34:56,CLI-023,María García,PROD-031,2,0.40,0.00,EFECTIVO
VTA-003255,2026-06-16,19:34:56,CLI-023,María García,PROD-001,4,5.15,2.20,EFECTIVO
VTA-003255,2026-06-16,19:34:56,CLI-023,María García,PROD-033,6,9.80,0.00,EFECTIVO
VTA-003256,2026-06-16,13:21:16,CLI-014,Juan Mendoza,PROD-004,1,3.46,0.00,PLIN
VTA-003257,2026-06-16,07:26:10,CLI-012,Pedro Mendoza,PROD-013,3,2.18,0.00,EFECTIVO
VTA-003258,2026-06-16,18:45:28,CLI-036,Víctor García,PROD-005,6,6.83,0.00,EFECTIVO
VTA-003258,2026-06-16,18:45:28,CLI-036,Víctor García,PROD-018,5,4.16,0.00,EFECTIVO
VTA-003258,2026-06-16,18:45:28,CLI-036,Víctor García,PROD-012,4,7.82,0.00,EFECTIVO
VTA-003259,2026-06-16,08:34:31,CLI-030,Miguel García,PROD-006,4,1.98,0.00,YAPE
VTA-003260,2026-06-16,18:05:59,CLI-009,Lucía Mendoza,PROD-008,2,3.17,0.00,YAPE
VTA-003260,2026-06-16,18:05:59,CLI-009,Lucía Mendoza,PROD-028,4,1.98,0.00,YAPE
VTA-003261,2026-06-16,12:21:00,CLI-024,Luis García,PROD-003,1,10.79,0.37,EFECTIVO
VTA-003261,2026-06-16,12:21:00,CLI-024,Luis García,PROD-031,5,0.40,0.00,EFECTIVO
VTA-003261,2026-06-16,12:21:00,CLI-024,Luis García,PROD-023,6,7.42,0.00,EFECTIVO
VTA-003262,2026-06-16,13:07:27,CLI-010,Miguel Mendoza,PROD-019,3,8.81,0.00,YAPE
VTA-003262,2026-06-16,13:07:27,CLI-010,Miguel Mendoza,PROD-031,3,0.40,0.00,YAPE
VTA-003262,2026-06-16,13:07:27,CLI-010,Miguel Mendoza,PROD-027,2,2.48,0.00,YAPE
VTA-003262,2026-06-16,13:07:27,CLI-010,Miguel Mendoza,PROD-022,2,3.17,0.00,YAPE
VTA-003263,2026-06-16,20:52:07,CLI-008,Jorge Mendoza,PROD-027,4,2.48,0.00,TARJETA
VTA-003264,2026-06-16,19:19:06,CLI-077,Claudia Díaz,PROD-031,10,0.40,0.00,YAPE
VTA-003264,2026-06-16,19:19:06,CLI-077,Claudia Díaz,PROD-026,4,1.48,0.00,YAPE
VTA-003265,2026-06-16,20:50:11,CLI-051,Elena Castro,PROD-010,3,3.96,0.00,TARJETA
VTA-003265,2026-06-16,20:50:11,CLI-051,Elena Castro,PROD-005,5,6.83,0.00,TARJETA
VTA-003265,2026-06-16,20:50:11,CLI-051,Elena Castro,PROD-019,6,8.81,0.00,TARJETA
VTA-003266,2026-06-16,09:40:12,CLI-075,Milagros Díaz,PROD-011,4,4.46,0.00,YAPE
VTA-003267,2026-06-16,08:37:55,CLI-012,Pedro Mendoza,PROD-027,6,2.48,0.00,YAPE
VTA-003268,2026-06-17,20:34:06,CLI-045,Carmen Castro,PROD-011,4,4.46,0.00,EFECTIVO
VTA-003268,2026-06-17,20:34:06,CLI-045,Carmen Castro,PROD-031,8,0.40,0.00,EFECTIVO
VTA-003269,2026-06-17,08:59:35,CLI-098,Renzo Rojas,PROD-032,6,6.43,0.00,YAPE
VTA-003269,2026-06-17,08:59:35,CLI-098,Renzo Rojas,PROD-029,5,2.77,0.00,YAPE
VTA-003269,2026-06-17,08:59:35,CLI-098,Renzo Rojas,PROD-026,3,1.48,0.00,YAPE
VTA-003270,2026-06-17,07:27:54,CLI-029,Lucía García,PROD-032,3,6.43,0.00,EFECTIVO
VTA-003271,2026-06-17,09:59:11,CLI-036,Víctor García,PROD-012,1,7.82,0.00,EFECTIVO
VTA-003271,2026-06-17,09:59:11,CLI-036,Víctor García,PROD-007,5,3.46,0.00,EFECTIVO
VTA-003272,2026-06-17,09:18:39,CLI-054,Juan Castro,PROD-027,5,2.48,0.00,PLIN
VTA-003272,2026-06-17,09:18:39,CLI-054,Juan Castro,PROD-003,2,10.79,0.00,PLIN
VTA-003273,2026-06-17,21:12:53,CLI-033,Patricia García,PROD-016,6,11.38,0.00,YAPE
VTA-003274,2026-06-17,07:57:31,CLI-073,Patricia Díaz,PROD-008,4,3.17,0.00,YAPE
VTA-003274,2026-06-17,07:57:31,CLI-073,Patricia Díaz,PROD-028,6,1.98,0.00,YAPE
VTA-003275,2026-06-17,18:17:56,CLI-099,Diana Rojas,PROD-007,3,3.46,0.00,EFECTIVO
VTA-003275,2026-06-17,18:17:56,CLI-099,Diana Rojas,PROD-031,3,0.40,0.00,EFECTIVO
VTA-003276,2026-06-17,10:15:59,CLI-031,Elena García,PROD-012,3,7.82,0.00,YAPE
VTA-003276,2026-06-17,10:15:59,CLI-031,Elena García,PROD-003,3,10.79,0.00,YAPE
VTA-003277,2026-06-17,07:05:57,CLI-058,Renzo Castro,PROD-015,2,8.81,0.00,YAPE
VTA-003277,2026-06-17,07:05:57,CLI-058,Renzo Castro,PROD-001,6,5.15,1.12,YAPE
VTA-003277,2026-06-17,07:05:57,CLI-058,Renzo Castro,PROD-026,4,1.48,0.00,YAPE
VTA-003278,2026-06-17,16:07:55,CLI-006,Carlos Mendoza,PROD-007,2,3.46,0.00,EFECTIVO
VTA-003278,2026-06-17,16:07:55,CLI-006,Carlos Mendoza,PROD-006,4,1.98,0.00,EFECTIVO
VTA-003279,2026-06-17,09:48:54,CLI-011,Elena Mendoza,PROD-004,2,3.46,0.24,PLIN
VTA-003279,2026-06-17,09:48:54,CLI-011,Elena Mendoza,PROD-028,1,1.98,0.00,PLIN
VTA-003280,2026-06-17,07:43:22,CLI-086,Carlos Rojas,PROD-013,3,2.18,0.00,EFECTIVO
VTA-003280,2026-06-17,07:43:22,CLI-086,Carlos Rojas,PROD-009,5,5.84,0.00,EFECTIVO
VTA-003281,2026-06-17,15:08:39,CLI-012,Pedro Mendoza,PROD-013,4,2.18,0.00,EFECTIVO
VTA-003281,2026-06-17,15:08:39,CLI-012,Pedro Mendoza,PROD-001,3,5.15,0.00,EFECTIVO
VTA-003281,2026-06-17,15:08:39,CLI-012,Pedro Mendoza,PROD-032,2,6.43,1.52,EFECTIVO
VTA-003281,2026-06-17,15:08:39,CLI-012,Pedro Mendoza,PROD-026,6,1.48,0.00,EFECTIVO
VTA-003282,2026-06-17,09:53:28,CLI-036,Víctor García,PROD-022,2,3.17,0.00,PLIN
VTA-003282,2026-06-17,09:53:28,CLI-036,Víctor García,PROD-028,3,1.98,0.00,PLIN
VTA-003283,2026-06-18,15:40:14,CLI-015,Milagros Mendoza,PROD-019,4,8.81,0.00,EFECTIVO
VTA-003283,2026-06-18,15:40:14,CLI-015,Milagros Mendoza,PROD-010,1,3.96,0.00,EFECTIVO
VTA-003284,2026-06-18,11:57:50,CLI-045,Carmen Castro,PROD-034,3,4.46,0.00,EFECTIVO
VTA-003284,2026-06-18,11:57:50,CLI-045,Carmen Castro,PROD-007,6,3.46,0.00,EFECTIVO
VTA-003285,2026-06-18,15:56:21,CLI-060,Marco Castro,PROD-012,4,7.82,0.00,EFECTIVO
VTA-003285,2026-06-18,15:56:21,CLI-060,Marco Castro,PROD-007,3,3.46,0.00,EFECTIVO
VTA-003286,2026-06-18,09:17:12,CLI-065,Carmen Díaz,PROD-007,2,3.46,0.00,PLIN
VTA-003286,2026-06-18,09:17:12,CLI-065,Carmen Díaz,PROD-031,16,0.40,0.00,PLIN
VTA-003287,2026-06-18,16:38:41,CLI-075,Milagros Díaz,PROD-028,5,1.98,0.00,YAPE
VTA-003287,2026-06-18,16:38:41,CLI-075,Milagros Díaz,PROD-012,4,7.82,0.00,YAPE
VTA-003288,2026-06-18,08:26:35,CLI-051,Elena Castro,PROD-004,2,3.46,0.00,PLIN
VTA-003288,2026-06-18,08:26:35,CLI-051,Elena Castro,PROD-003,4,10.79,0.00,PLIN
VTA-003288,2026-06-18,08:26:35,CLI-051,Elena Castro,PROD-034,5,4.46,0.00,PLIN
VTA-003289,2026-06-18,20:44:51,CLI-067,Ana Díaz,PROD-006,4,1.98,0.00,YAPE
VTA-003289,2026-06-18,20:44:51,CLI-067,Ana Díaz,PROD-018,1,4.16,0.00,YAPE
VTA-003290,2026-06-18,21:28:08,CLI-011,Elena Mendoza,PROD-009,1,5.84,0.00,EFECTIVO
VTA-003290,2026-06-18,21:28:08,CLI-011,Elena Mendoza,PROD-008,1,3.17,0.00,EFECTIVO
VTA-003291,2026-06-18,12:26:15,CLI-040,Marco García,PROD-027,6,2.48,1.08,YAPE
VTA-003291,2026-06-18,12:26:15,CLI-040,Marco García,PROD-011,2,4.46,0.00,YAPE
VTA-003292,2026-06-18,21:55:01,CLI-053,Patricia Castro,PROD-019,6,8.81,0.00,EFECTIVO
VTA-003292,2026-06-18,21:55:01,CLI-053,Patricia Castro,PROD-028,4,1.98,0.86,EFECTIVO
VTA-003292,2026-06-18,21:55:01,CLI-053,Patricia Castro,PROD-001,5,5.15,0.00,EFECTIVO
VTA-003292,2026-06-18,21:55:01,CLI-053,Patricia Castro,PROD-010,6,3.96,0.00,EFECTIVO
VTA-003292,2026-06-18,21:55:01,CLI-053,Patricia Castro,PROD-027,2,2.48,0.53,EFECTIVO
VTA-003293,2026-06-18,19:43:39,CLI-037,Claudia García,PROD-015,3,8.81,2.35,EFECTIVO
VTA-003294,2026-06-18,12:07:11,CLI-058,Renzo Castro,PROD-004,5,3.46,0.00,TARJETA
VTA-003294,2026-06-18,12:07:11,CLI-058,Renzo Castro,PROD-018,2,4.16,0.00,TARJETA
VTA-003295,2026-06-18,18:22:02,CLI-052,Pedro Castro,PROD-006,2,1.98,0.41,EFECTIVO
VTA-003296,2026-06-18,15:38:21,CLI-074,Juan Díaz,PROD-001,3,5.15,0.00,EFECTIVO
VTA-003296,2026-06-18,15:38:21,CLI-074,Juan Díaz,PROD-005,6,6.83,0.00,EFECTIVO
VTA-003296,2026-06-18,15:38:21,CLI-074,Juan Díaz,PROD-008,4,3.17,0.00,EFECTIVO
VTA-003297,2026-06-18,13:18:05,CLI-051,Elena Castro,PROD-023,2,7.42,0.00,YAPE
VTA-003298,2026-06-18,15:01:29,CLI-006,Carlos Mendoza,PROD-003,3,10.79,0.00,EFECTIVO
VTA-003298,2026-06-18,15:01:29,CLI-006,Carlos Mendoza,PROD-028,2,1.98,0.00,EFECTIVO
VTA-003298,2026-06-18,15:01:29,CLI-006,Carlos Mendoza,PROD-002,5,4.75,0.00,EFECTIVO
VTA-003299,2026-06-18,13:53:25,CLI-014,Juan Mendoza,PROD-012,3,7.82,0.00,EFECTIVO
VTA-003300,2026-06-18,08:36:47,CLI-035,Milagros García,PROD-018,6,4.16,0.00,YAPE
VTA-003301,2026-06-18,13:37:17,CLI-025,Carmen García,PROD-016,1,11.38,0.00,TARJETA
VTA-003301,2026-06-18,13:37:17,CLI-025,Carmen García,PROD-006,3,1.98,0.00,TARJETA
VTA-003301,2026-06-18,13:37:17,CLI-025,Carmen García,PROD-011,3,4.46,0.00,TARJETA
VTA-003301,2026-06-18,13:37:17,CLI-025,Carmen García,PROD-028,4,1.98,0.00,TARJETA
VTA-003302,2026-06-18,19:54:14,CLI-002,José Mendoza,PROD-008,6,3.17,0.00,EFECTIVO
VTA-003302,2026-06-18,19:54:14,CLI-002,José Mendoza,PROD-020,5,6.43,0.00,EFECTIVO
VTA-003302,2026-06-18,19:54:14,CLI-002,José Mendoza,PROD-028,3,1.98,0.00,EFECTIVO
VTA-003302,2026-06-18,19:54:14,CLI-002,José Mendoza,PROD-004,4,3.46,0.00,EFECTIVO
VTA-003303,2026-06-19,07:19:33,CLI-014,Juan Mendoza,PROD-029,1,2.77,0.00,PLIN
VTA-003304,2026-06-19,21:50:21,CLI-002,José Mendoza,PROD-006,2,1.98,0.00,PLIN
VTA-003304,2026-06-19,21:50:21,CLI-002,José Mendoza,PROD-026,4,1.48,0.00,PLIN
VTA-003304,2026-06-19,21:50:21,CLI-002,José Mendoza,PROD-007,4,3.46,0.00,PLIN
VTA-003304,2026-06-19,21:50:21,CLI-002,José Mendoza,PROD-029,4,2.77,0.00,PLIN
VTA-003305,2026-06-19,08:01:51,CLI-059,Diana Castro,PROD-031,5,0.40,0.28,EFECTIVO
VTA-003305,2026-06-19,08:01:51,CLI-059,Diana Castro,PROD-008,3,3.17,0.44,EFECTIVO
VTA-003305,2026-06-19,08:01:51,CLI-059,Diana Castro,PROD-023,2,7.42,0.00,EFECTIVO
VTA-003306,2026-06-19,18:52:16,CLI-015,Milagros Mendoza,PROD-031,6,0.40,0.00,EFECTIVO
VTA-003306,2026-06-19,18:52:16,CLI-015,Milagros Mendoza,PROD-027,3,2.48,0.00,EFECTIVO
VTA-003306,2026-06-19,18:52:16,CLI-015,Milagros Mendoza,PROD-018,6,4.16,0.00,EFECTIVO
VTA-003307,2026-06-19,17:24:53,CLI-089,Lucía Rojas,PROD-031,19,0.40,0.00,YAPE
VTA-003308,2026-06-19,16:37:48,CLI-024,Luis García,PROD-006,1,1.98,0.00,YAPE
VTA-003308,2026-06-19,16:37:48,CLI-024,Luis García,PROD-003,6,10.79,0.00,YAPE
VTA-003309,2026-06-19,19:22:55,CLI-010,Miguel Mendoza,PROD-022,2,3.17,0.00,YAPE
VTA-003309,2026-06-19,19:22:55,CLI-010,Miguel Mendoza,PROD-006,1,1.98,0.00,YAPE
VTA-003309,2026-06-19,19:22:55,CLI-010,Miguel Mendoza,PROD-007,5,3.46,0.00,YAPE
VTA-003309,2026-06-19,19:22:55,CLI-010,Miguel Mendoza,PROD-033,4,9.80,0.00,YAPE
VTA-003310,2026-06-19,09:59:33,CLI-042,José Castro,PROD-023,2,7.42,1.43,YAPE
VTA-003310,2026-06-19,09:59:33,CLI-042,José Castro,PROD-012,1,7.82,0.31,YAPE
VTA-003311,2026-06-19,13:35:03,CLI-019,Diana Mendoza,PROD-018,1,4.16,0.00,EFECTIVO
VTA-003311,2026-06-19,13:35:03,CLI-019,Diana Mendoza,PROD-020,5,6.43,0.00,EFECTIVO
VTA-003311,2026-06-19,13:35:03,CLI-019,Diana Mendoza,PROD-028,1,1.98,0.00,EFECTIVO
VTA-003312,2026-06-19,12:32:31,CLI-033,Patricia García,PROD-031,14,0.40,0.00,EFECTIVO
VTA-003312,2026-06-19,12:32:31,CLI-033,Patricia García,PROD-020,6,6.43,0.00,EFECTIVO
VTA-003313,2026-06-19,07:10:19,CLI-010,Miguel Mendoza,PROD-013,1,2.18,0.00,EFECTIVO
VTA-003314,2026-06-19,16:04:11,CLI-015,Milagros Mendoza,PROD-026,1,1.48,0.00,EFECTIVO
VTA-003314,2026-06-19,16:04:11,CLI-015,Milagros Mendoza,PROD-013,1,2.18,0.00,EFECTIVO
VTA-003315,2026-06-19,14:43:23,CLI-046,Carlos Castro,PROD-009,1,5.84,0.20,PLIN
VTA-003316,2026-06-19,17:48:56,CLI-002,José Mendoza,PROD-004,6,3.46,0.00,PLIN
VTA-003316,2026-06-19,17:48:56,CLI-002,José Mendoza,PROD-026,4,1.48,0.39,PLIN
VTA-003316,2026-06-19,17:48:56,CLI-002,José Mendoza,PROD-027,3,2.48,0.00,PLIN
VTA-003316,2026-06-19,17:48:56,CLI-002,José Mendoza,PROD-011,4,4.46,0.00,PLIN
VTA-003316,2026-06-19,17:48:56,CLI-002,José Mendoza,PROD-008,4,3.17,0.00,PLIN
VTA-003317,2026-06-19,19:15:08,CLI-059,Diana Castro,PROD-023,5,7.42,0.00,YAPE
VTA-003317,2026-06-19,19:15:08,CLI-059,Diana Castro,PROD-012,1,7.82,0.00,YAPE
VTA-003317,2026-06-19,19:15:08,CLI-059,Diana Castro,PROD-019,3,8.81,1.96,YAPE
VTA-003317,2026-06-19,19:15:08,CLI-059,Diana Castro,PROD-002,5,4.75,0.00,YAPE
VTA-003317,2026-06-19,19:15:08,CLI-059,Diana Castro,PROD-001,3,5.15,1.11,YAPE
VTA-003318,2026-06-19,19:50:31,CLI-023,María García,PROD-004,2,3.46,0.00,EFECTIVO
VTA-003319,2026-06-19,16:30:41,CLI-016,Víctor Mendoza,PROD-022,2,3.17,0.00,TARJETA
VTA-003320,2026-06-19,20:50:39,CLI-002,José Mendoza,PROD-011,6,4.46,0.00,TARJETA
VTA-003321,2026-06-19,21:25:43,CLI-017,Claudia Mendoza,PROD-009,6,5.84,0.00,YAPE
VTA-003321,2026-06-19,21:25:43,CLI-017,Claudia Mendoza,PROD-007,3,3.46,0.00,YAPE
VTA-003322,2026-06-19,11:28:48,CLI-029,Lucía García,PROD-010,3,3.96,0.79,PLIN
VTA-003322,2026-06-19,11:28:48,CLI-029,Lucía García,PROD-001,3,5.15,0.00,PLIN
VTA-003322,2026-06-19,11:28:48,CLI-029,Lucía García,PROD-003,3,10.79,0.00,PLIN
VTA-003323,2026-06-19,14:44:54,CLI-051,Elena Castro,PROD-008,4,3.17,0.00,YAPE
VTA-003324,2026-06-19,08:00:26,CLI-047,Ana Castro,PROD-009,1,5.84,0.00,PLIN
VTA-003324,2026-06-19,08:00:26,CLI-047,Ana Castro,PROD-016,2,11.38,0.00,PLIN
VTA-003324,2026-06-19,08:00:26,CLI-047,Ana Castro,PROD-027,6,2.48,0.00,PLIN
VTA-003325,2026-06-19,07:48:40,CLI-001,Rosa Mendoza,PROD-005,3,6.83,0.00,PLIN
VTA-003325,2026-06-19,07:48:40,CLI-001,Rosa Mendoza,PROD-004,3,3.46,0.00,PLIN
VTA-003326,2026-06-19,13:03:07,CLI-040,Marco García,PROD-029,3,2.77,0.65,EFECTIVO
VTA-003326,2026-06-19,13:03:07,CLI-040,Marco García,PROD-002,1,4.75,0.00,EFECTIVO
VTA-003327,2026-06-19,17:07:12,CLI-098,Renzo Rojas,PROD-003,6,10.79,0.00,TARJETA
VTA-003327,2026-06-19,17:07:12,CLI-098,Renzo Rojas,PROD-018,1,4.16,0.00,TARJETA
VTA-003328,2026-06-20,08:39:39,CLI-002,José Mendoza,PROD-029,5,2.77,0.00,EFECTIVO
VTA-003329,2026-06-20,20:23:47,CLI-007,Ana Mendoza,PROD-011,4,4.46,0.00,YAPE
VTA-003329,2026-06-20,20:23:47,CLI-007,Ana Mendoza,PROD-006,1,1.98,0.00,YAPE
VTA-003329,2026-06-20,20:23:47,CLI-007,Ana Mendoza,PROD-028,4,1.98,0.00,YAPE
VTA-003330,2026-06-20,17:00:35,CLI-007,Ana Mendoza,PROD-003,1,10.79,0.00,TARJETA
VTA-003330,2026-06-20,17:00:35,CLI-007,Ana Mendoza,PROD-010,4,3.96,0.83,TARJETA
VTA-003331,2026-06-20,09:44:54,CLI-051,Elena Castro,PROD-016,5,11.38,5.34,YAPE
VTA-003331,2026-06-20,09:44:54,CLI-051,Elena Castro,PROD-029,1,2.77,0.00,YAPE
VTA-003332,2026-06-20,13:48:00,CLI-057,Claudia Castro,PROD-031,12,0.40,0.00,YAPE
VTA-003332,2026-06-20,13:48:00,CLI-057,Claudia Castro,PROD-001,4,5.15,0.00,YAPE
VTA-003333,2026-06-20,07:36:14,CLI-067,Ana Díaz,PROD-003,3,10.79,0.00,EFECTIVO
VTA-003333,2026-06-20,07:36:14,CLI-067,Ana Díaz,PROD-004,3,3.46,0.00,EFECTIVO
VTA-003333,2026-06-20,07:36:14,CLI-067,Ana Díaz,PROD-029,2,2.77,0.18,EFECTIVO
VTA-003334,2026-06-20,15:47:13,CLI-039,Diana García,PROD-029,1,2.77,0.00,EFECTIVO
VTA-003335,2026-06-20,09:01:23,CLI-022,José García,PROD-028,6,1.98,0.00,TARJETA
VTA-003335,2026-06-20,09:01:23,CLI-022,José García,PROD-013,5,2.18,0.00,TARJETA
VTA-003335,2026-06-20,09:01:23,CLI-022,José García,PROD-031,4,0.40,0.00,TARJETA
VTA-003336,2026-06-20,08:22:58,CLI-057,Claudia Castro,PROD-008,3,3.17,0.00,YAPE
VTA-003336,2026-06-20,08:22:58,CLI-057,Claudia Castro,PROD-001,6,5.15,0.00,YAPE
VTA-003336,2026-06-20,08:22:58,CLI-057,Claudia Castro,PROD-013,3,2.18,0.00,YAPE
VTA-003336,2026-06-20,08:22:58,CLI-057,Claudia Castro,PROD-034,4,4.46,0.00,YAPE
VTA-003337,2026-06-20,09:54:32,CLI-013,Patricia Mendoza,PROD-010,3,3.96,0.68,PLIN
VTA-003337,2026-06-20,09:54:32,CLI-013,Patricia Mendoza,PROD-031,10,0.40,0.00,PLIN
VTA-003337,2026-06-20,09:54:32,CLI-013,Patricia Mendoza,PROD-026,5,1.48,0.00,PLIN
VTA-003338,2026-06-20,14:10:12,CLI-062,José Díaz,PROD-002,3,4.75,0.00,EFECTIVO
VTA-003338,2026-06-20,14:10:12,CLI-062,José Díaz,PROD-011,5,4.46,0.00,EFECTIVO
VTA-003339,2026-06-20,12:21:07,CLI-043,María Castro,PROD-012,4,7.82,0.00,EFECTIVO
VTA-003340,2026-06-20,10:07:34,CLI-041,Rosa Castro,PROD-011,2,4.46,0.00,YAPE
VTA-003340,2026-06-20,10:07:34,CLI-041,Rosa Castro,PROD-026,6,1.48,0.00,YAPE
VTA-003341,2026-06-20,16:29:20,CLI-056,Víctor Castro,PROD-026,1,1.48,0.00,PLIN
VTA-003342,2026-06-20,15:35:31,CLI-042,José Castro,PROD-009,3,5.84,0.00,PLIN
VTA-003342,2026-06-20,15:35:31,CLI-042,José Castro,PROD-002,5,4.75,0.00,PLIN
VTA-003342,2026-06-20,15:35:31,CLI-042,José Castro,PROD-019,6,8.81,0.00,PLIN
VTA-003342,2026-06-20,15:35:31,CLI-042,José Castro,PROD-006,1,1.98,0.00,PLIN
VTA-003343,2026-06-20,17:12:35,CLI-006,Carlos Mendoza,PROD-004,4,3.46,0.00,PLIN
VTA-003343,2026-06-20,17:12:35,CLI-006,Carlos Mendoza,PROD-005,6,6.83,0.00,PLIN
VTA-003344,2026-06-20,10:14:33,CLI-009,Lucía Mendoza,PROD-019,4,8.81,0.00,EFECTIVO
VTA-003345,2026-06-20,14:23:06,CLI-047,Ana Castro,PROD-034,4,4.46,0.00,EFECTIVO
VTA-003345,2026-06-20,14:23:06,CLI-047,Ana Castro,PROD-028,5,1.98,0.00,EFECTIVO
VTA-003345,2026-06-20,14:23:06,CLI-047,Ana Castro,PROD-004,2,3.46,0.88,EFECTIVO
VTA-003346,2026-06-20,07:39:19,CLI-048,Jorge Castro,PROD-031,2,0.40,0.00,YAPE
VTA-003346,2026-06-20,07:39:19,CLI-048,Jorge Castro,PROD-022,2,3.17,0.00,YAPE
VTA-003346,2026-06-20,07:39:19,CLI-048,Jorge Castro,PROD-009,4,5.84,0.00,YAPE
VTA-003346,2026-06-20,07:39:19,CLI-048,Jorge Castro,PROD-002,4,4.75,0.00,YAPE
VTA-003347,2026-06-20,17:19:29,CLI-068,Jorge Díaz,PROD-009,6,5.84,0.00,YAPE
VTA-003348,2026-06-20,21:30:56,CLI-012,Pedro Mendoza,PROD-027,6,2.48,0.00,EFECTIVO
VTA-003348,2026-06-20,21:30:56,CLI-012,Pedro Mendoza,PROD-006,4,1.98,0.00,EFECTIVO
VTA-003348,2026-06-20,21:30:56,CLI-012,Pedro Mendoza,PROD-015,5,8.81,0.00,EFECTIVO
VTA-003349,2026-06-20,09:10:20,CLI-066,Carlos Díaz,PROD-029,1,2.77,0.00,YAPE
VTA-003349,2026-06-20,09:10:20,CLI-066,Carlos Díaz,PROD-007,1,3.46,0.00,YAPE
VTA-003349,2026-06-20,09:10:20,CLI-066,Carlos Díaz,PROD-008,4,3.17,0.00,YAPE
VTA-003350,2026-06-20,15:12:26,CLI-055,Milagros Castro,PROD-031,16,0.40,0.00,EFECTIVO
VTA-003350,2026-06-20,15:12:26,CLI-055,Milagros Castro,PROD-006,1,1.98,0.00,EFECTIVO
VTA-003351,2026-06-20,16:00:57,CLI-071,Elena Díaz,PROD-032,6,6.43,0.00,PLIN
VTA-003351,2026-06-20,16:00:57,CLI-071,Elena Díaz,PROD-031,7,0.40,0.00,PLIN
VTA-003352,2026-06-20,18:41:01,CLI-058,Renzo Castro,PROD-002,6,4.75,0.00,YAPE
VTA-003352,2026-06-20,18:41:01,CLI-058,Renzo Castro,PROD-003,6,10.79,0.00,YAPE
VTA-003353,2026-06-20,19:06:18,CLI-033,Patricia García,PROD-031,14,0.40,0.00,TARJETA
VTA-003353,2026-06-20,19:06:18,CLI-033,Patricia García,PROD-018,2,4.16,0.00,TARJETA
VTA-003353,2026-06-20,19:06:18,CLI-033,Patricia García,PROD-003,6,10.79,0.00,TARJETA
VTA-003353,2026-06-20,19:06:18,CLI-033,Patricia García,PROD-016,4,11.38,0.00,TARJETA
VTA-003353,2026-06-20,19:06:18,CLI-033,Patricia García,PROD-033,1,9.80,0.00,TARJETA
VTA-003354,2026-06-20,07:48:43,CLI-030,Miguel García,PROD-011,1,4.46,0.00,EFECTIVO
VTA-003354,2026-06-20,07:48:43,CLI-030,Miguel García,PROD-007,2,3.46,0.00,EFECTIVO
VTA-003355,2026-06-20,09:06:22,CLI-097,Claudia Rojas,PROD-011,6,4.46,0.00,EFECTIVO
VTA-003356,2026-06-21,12:12:53,CLI-050,Miguel Castro,PROD-004,3,3.46,0.00,EFECTIVO
VTA-003356,2026-06-21,12:12:53,CLI-050,Miguel Castro,PROD-022,5,3.17,0.00,EFECTIVO
VTA-003357,2026-06-21,10:21:34,CLI-097,Claudia Rojas,PROD-006,3,1.98,0.00,PLIN
VTA-003357,2026-06-21,10:21:34,CLI-097,Claudia Rojas,PROD-011,3,4.46,0.00,PLIN
VTA-003357,2026-06-21,10:21:34,CLI-097,Claudia Rojas,PROD-026,1,1.48,0.00,PLIN
VTA-003358,2026-06-21,15:09:20,CLI-003,María Mendoza,PROD-008,1,3.17,0.00,EFECTIVO
VTA-003359,2026-06-21,18:28:37,CLI-021,Rosa García,PROD-016,5,11.38,0.00,YAPE
VTA-003359,2026-06-21,18:28:37,CLI-021,Rosa García,PROD-006,6,1.98,0.00,YAPE
VTA-003360,2026-06-21,20:16:38,CLI-021,Rosa García,PROD-001,5,5.15,0.00,YAPE
VTA-003360,2026-06-21,20:16:38,CLI-021,Rosa García,PROD-026,2,1.48,0.00,YAPE
VTA-003361,2026-06-21,09:41:23,CLI-075,Milagros Díaz,PROD-029,4,2.77,0.00,EFECTIVO
VTA-003362,2026-06-21,11:11:22,CLI-024,Luis García,PROD-028,1,1.98,0.00,YAPE
VTA-003363,2026-06-21,20:20:14,CLI-069,Lucía Díaz,PROD-006,6,1.98,0.00,PLIN
VTA-003363,2026-06-21,20:20:14,CLI-069,Lucía Díaz,PROD-020,3,6.43,0.00,PLIN
VTA-003363,2026-06-21,20:20:14,CLI-069,Lucía Díaz,PROD-013,5,2.18,0.00,PLIN
VTA-003364,2026-06-21,13:09:45,CLI-039,Diana García,PROD-007,6,3.46,0.00,YAPE
VTA-003364,2026-06-21,13:09:45,CLI-039,Diana García,PROD-026,4,1.48,0.00,YAPE
VTA-003364,2026-06-21,13:09:45,CLI-039,Diana García,PROD-003,4,10.79,0.00,YAPE
VTA-003365,2026-06-21,07:36:27,CLI-041,Rosa Castro,PROD-007,4,3.46,0.00,EFECTIVO
VTA-003365,2026-06-21,07:36:27,CLI-041,Rosa Castro,PROD-031,12,0.40,0.00,EFECTIVO
VTA-003366,2026-06-21,11:24:12,CLI-001,Rosa Mendoza,PROD-013,3,2.18,0.00,EFECTIVO
VTA-003366,2026-06-21,11:24:12,CLI-001,Rosa Mendoza,PROD-002,1,4.75,0.00,EFECTIVO
VTA-003367,2026-06-21,12:37:02,CLI-008,Jorge Mendoza,PROD-018,2,4.16,0.47,PLIN
VTA-003367,2026-06-21,12:37:02,CLI-008,Jorge Mendoza,PROD-034,5,4.46,0.00,PLIN
VTA-003368,2026-06-21,08:47:32,CLI-026,Carlos García,PROD-011,3,4.46,0.00,EFECTIVO
VTA-003368,2026-06-21,08:47:32,CLI-026,Carlos García,PROD-026,4,1.48,0.41,EFECTIVO
VTA-003368,2026-06-21,08:47:32,CLI-026,Carlos García,PROD-031,15,0.40,0.00,EFECTIVO
VTA-003368,2026-06-21,08:47:32,CLI-026,Carlos García,PROD-033,4,9.80,0.00,EFECTIVO
VTA-003368,2026-06-21,08:47:32,CLI-026,Carlos García,PROD-022,4,3.17,0.00,EFECTIVO
VTA-003369,2026-06-21,10:55:26,CLI-008,Jorge Mendoza,PROD-020,2,6.43,0.00,YAPE
VTA-003369,2026-06-21,10:55:26,CLI-008,Jorge Mendoza,PROD-033,3,9.80,0.00,YAPE
VTA-003369,2026-06-21,10:55:26,CLI-008,Jorge Mendoza,PROD-019,5,8.81,0.00,YAPE
VTA-003370,2026-06-21,12:56:34,CLI-007,Ana Mendoza,PROD-031,3,0.40,0.00,YAPE
VTA-003370,2026-06-21,12:56:34,CLI-007,Ana Mendoza,PROD-008,1,3.17,0.00,YAPE
VTA-003370,2026-06-21,12:56:34,CLI-007,Ana Mendoza,PROD-002,5,4.75,0.00,YAPE
VTA-003370,2026-06-21,12:56:34,CLI-007,Ana Mendoza,PROD-027,4,2.48,0.33,YAPE
VTA-003371,2026-06-21,08:31:05,CLI-013,Patricia Mendoza,PROD-029,3,2.77,0.00,TARJETA
VTA-003372,2026-06-21,08:31:46,CLI-001,Rosa Mendoza,PROD-026,6,1.48,0.00,EFECTIVO
VTA-003373,2026-06-21,10:47:43,CLI-013,Patricia Mendoza,PROD-027,1,2.48,0.00,EFECTIVO
VTA-003374,2026-06-21,11:43:37,CLI-070,Miguel Díaz,PROD-028,3,1.98,0.00,EFECTIVO
VTA-003374,2026-06-21,11:43:37,CLI-070,Miguel Díaz,PROD-001,4,5.15,0.00,EFECTIVO
VTA-003374,2026-06-21,11:43:37,CLI-070,Miguel Díaz,PROD-010,6,3.96,0.00,EFECTIVO
VTA-003375,2026-06-21,11:06:15,CLI-012,Pedro Mendoza,PROD-006,1,1.98,0.00,YAPE
VTA-003375,2026-06-21,11:06:15,CLI-012,Pedro Mendoza,PROD-010,2,3.96,0.00,YAPE
VTA-003375,2026-06-21,11:06:15,CLI-012,Pedro Mendoza,PROD-002,5,4.75,2.72,YAPE
VTA-003376,2026-06-21,11:04:19,CLI-017,Claudia Mendoza,PROD-027,6,2.48,0.00,TARJETA
VTA-003376,2026-06-21,11:04:19,CLI-017,Claudia Mendoza,PROD-012,6,7.82,0.00,TARJETA
VTA-003377,2026-06-21,10:06:17,CLI-022,José García,PROD-028,1,1.98,0.00,EFECTIVO
VTA-003377,2026-06-21,10:06:17,CLI-022,José García,PROD-031,3,0.40,0.00,EFECTIVO
VTA-003378,2026-06-21,14:15:47,CLI-045,Carmen Castro,PROD-010,5,3.96,0.00,EFECTIVO
VTA-003378,2026-06-21,14:15:47,CLI-045,Carmen Castro,PROD-031,9,0.40,0.00,EFECTIVO
VTA-003378,2026-06-21,14:15:47,CLI-045,Carmen Castro,PROD-001,2,5.15,0.00,EFECTIVO
VTA-003378,2026-06-21,14:15:47,CLI-045,Carmen Castro,PROD-004,5,3.46,0.00,EFECTIVO
VTA-003379,2026-06-21,14:53:07,CLI-002,José Mendoza,PROD-005,4,6.83,0.00,PLIN
VTA-003379,2026-06-21,14:53:07,CLI-002,José Mendoza,PROD-017,6,8.41,0.00,PLIN
VTA-003380,2026-06-21,08:37:35,CLI-039,Diana García,PROD-028,6,1.98,0.00,PLIN
VTA-003380,2026-06-21,08:37:35,CLI-039,Diana García,PROD-010,2,3.96,0.00,PLIN
VTA-003380,2026-06-21,08:37:35,CLI-039,Diana García,PROD-003,3,10.79,0.00,PLIN
VTA-003380,2026-06-21,08:37:35,CLI-039,Diana García,PROD-007,2,3.46,0.00,PLIN
VTA-003381,2026-06-21,14:30:08,CLI-002,José Mendoza,PROD-019,3,8.81,0.00,YAPE
VTA-003381,2026-06-21,14:30:08,CLI-002,José Mendoza,PROD-010,4,3.96,0.00,YAPE
VTA-003382,2026-06-21,18:51:37,CLI-021,Rosa García,PROD-010,2,3.96,0.00,TARJETA
VTA-003383,2026-06-21,14:46:04,CLI-049,Lucía Castro,PROD-002,2,4.75,0.00,YAPE
VTA-003383,2026-06-21,14:46:04,CLI-049,Lucía Castro,PROD-020,6,6.43,0.00,YAPE
VTA-003383,2026-06-21,14:46:04,CLI-049,Lucía Castro,PROD-003,2,10.79,0.00,YAPE
VTA-003384,2026-06-21,11:07:33,CLI-090,Miguel Rojas,PROD-010,6,3.96,0.00,EFECTIVO
VTA-003385,2026-06-22,07:18:06,CLI-012,Pedro Mendoza,PROD-009,5,5.84,1.13,YAPE
VTA-003386,2026-06-22,07:44:18,CLI-010,Miguel Mendoza,PROD-002,2,4.75,0.00,EFECTIVO
VTA-003386,2026-06-22,07:44:18,CLI-010,Miguel Mendoza,PROD-017,2,8.41,1.69,EFECTIVO
VTA-003387,2026-06-22,21:59:13,CLI-002,José Mendoza,PROD-022,4,3.17,0.00,YAPE
VTA-003388,2026-06-22,08:56:32,CLI-033,Patricia García,PROD-011,6,4.46,0.00,YAPE
VTA-003389,2026-06-22,11:00:21,CLI-010,Miguel Mendoza,PROD-016,3,11.38,0.00,PLIN
VTA-003389,2026-06-22,11:00:21,CLI-010,Miguel Mendoza,PROD-006,6,1.98,0.00,PLIN
VTA-003390,2026-06-22,11:08:56,CLI-069,Lucía Díaz,PROD-032,4,6.43,0.00,YAPE
VTA-003390,2026-06-22,11:08:56,CLI-069,Lucía Díaz,PROD-029,5,2.77,0.00,YAPE
VTA-003391,2026-06-22,11:05:43,CLI-004,Luis Mendoza,PROD-004,2,3.46,0.00,EFECTIVO
VTA-003392,2026-06-22,11:56:10,CLI-022,José García,PROD-026,1,1.48,0.00,EFECTIVO
VTA-003393,2026-06-22,11:16:34,CLI-014,Juan Mendoza,PROD-028,4,1.98,0.00,YAPE
VTA-003393,2026-06-22,11:16:34,CLI-014,Juan Mendoza,PROD-026,3,1.48,0.13,YAPE
VTA-003393,2026-06-22,11:16:34,CLI-014,Juan Mendoza,PROD-003,3,10.79,0.00,YAPE
VTA-003394,2026-06-22,10:59:23,CLI-020,Marco Mendoza,PROD-011,5,4.46,0.00,YAPE
VTA-003395,2026-06-22,14:26:29,CLI-016,Víctor Mendoza,PROD-026,1,1.48,0.14,YAPE
VTA-003395,2026-06-22,14:26:29,CLI-016,Víctor Mendoza,PROD-012,1,7.82,0.00,YAPE
VTA-003395,2026-06-22,14:26:29,CLI-016,Víctor Mendoza,PROD-008,1,3.17,0.00,YAPE
VTA-003395,2026-06-22,14:26:29,CLI-016,Víctor Mendoza,PROD-017,4,8.41,0.00,YAPE
VTA-003396,2026-06-22,12:50:01,CLI-051,Elena Castro,PROD-002,4,4.75,0.00,EFECTIVO
VTA-003396,2026-06-22,12:50:01,CLI-051,Elena Castro,PROD-003,6,10.79,4.04,EFECTIVO
VTA-003397,2026-06-22,21:16:38,CLI-061,Rosa Díaz,PROD-002,5,4.75,0.00,PLIN
VTA-003398,2026-06-22,08:55:45,CLI-021,Rosa García,PROD-002,3,4.75,0.00,PLIN
VTA-003398,2026-06-22,08:55:45,CLI-021,Rosa García,PROD-031,19,0.40,0.00,PLIN
VTA-003399,2026-06-22,07:31:31,CLI-001,Rosa Mendoza,PROD-027,4,2.48,0.00,YAPE
VTA-003400,2026-06-23,10:53:10,CLI-015,Milagros Mendoza,PROD-028,5,1.98,0.00,YAPE
VTA-003400,2026-06-23,10:53:10,CLI-015,Milagros Mendoza,PROD-026,2,1.48,0.00,YAPE
VTA-003400,2026-06-23,10:53:10,CLI-015,Milagros Mendoza,PROD-027,6,2.48,0.00,YAPE
VTA-003400,2026-06-23,10:53:10,CLI-015,Milagros Mendoza,PROD-031,3,0.40,0.03,YAPE
VTA-003400,2026-06-23,10:53:10,CLI-015,Milagros Mendoza,PROD-012,4,7.82,0.00,YAPE
VTA-003401,2026-06-23,07:49:34,CLI-011,Elena Mendoza,PROD-002,4,4.75,0.00,EFECTIVO
VTA-003401,2026-06-23,07:49:34,CLI-011,Elena Mendoza,PROD-009,4,5.84,0.00,EFECTIVO
VTA-003402,2026-06-23,15:10:08,CLI-001,Rosa Mendoza,PROD-031,14,0.40,0.00,PLIN
VTA-003402,2026-06-23,15:10:08,CLI-001,Rosa Mendoza,PROD-016,5,11.38,7.14,PLIN
VTA-003403,2026-06-23,21:22:23,CLI-070,Miguel Díaz,PROD-029,5,2.77,1.38,PLIN
VTA-003403,2026-06-23,21:22:23,CLI-070,Miguel Díaz,PROD-031,15,0.40,0.33,PLIN
VTA-003403,2026-06-23,21:22:23,CLI-070,Miguel Díaz,PROD-023,4,7.42,0.00,PLIN
VTA-003404,2026-06-23,16:16:57,CLI-014,Juan Mendoza,PROD-028,6,1.98,0.89,EFECTIVO
VTA-003404,2026-06-23,16:16:57,CLI-014,Juan Mendoza,PROD-008,6,3.17,0.00,EFECTIVO
VTA-003404,2026-06-23,16:16:57,CLI-014,Juan Mendoza,PROD-006,2,1.98,0.00,EFECTIVO
VTA-003405,2026-06-23,21:45:29,CLI-035,Milagros García,PROD-010,6,3.96,0.00,PLIN
VTA-003405,2026-06-23,21:45:29,CLI-035,Milagros García,PROD-031,3,0.40,0.00,PLIN
VTA-003406,2026-06-23,17:52:31,CLI-015,Milagros Mendoza,PROD-011,4,4.46,0.00,YAPE
VTA-003406,2026-06-23,17:52:31,CLI-015,Milagros Mendoza,PROD-006,1,1.98,0.00,YAPE
VTA-003406,2026-06-23,17:52:31,CLI-015,Milagros Mendoza,PROD-026,1,1.48,0.00,YAPE
VTA-003407,2026-06-23,10:38:23,CLI-048,Jorge Castro,PROD-004,4,3.46,0.00,TARJETA
VTA-003407,2026-06-23,10:38:23,CLI-048,Jorge Castro,PROD-008,3,3.17,0.00,TARJETA
VTA-003407,2026-06-23,10:38:23,CLI-048,Jorge Castro,PROD-012,4,7.82,4.36,TARJETA
VTA-003408,2026-06-23,15:52:37,CLI-024,Luis García,PROD-027,1,2.48,0.00,YAPE
VTA-003408,2026-06-23,15:52:37,CLI-024,Luis García,PROD-028,2,1.98,0.00,YAPE
VTA-003408,2026-06-23,15:52:37,CLI-024,Luis García,PROD-001,2,5.15,0.39,YAPE
VTA-003408,2026-06-23,15:52:37,CLI-024,Luis García,PROD-026,2,1.48,0.00,YAPE
VTA-003409,2026-06-23,18:57:07,CLI-007,Ana Mendoza,PROD-031,9,0.40,0.00,YAPE
VTA-003409,2026-06-23,18:57:07,CLI-007,Ana Mendoza,PROD-019,1,8.81,1.01,YAPE
VTA-003409,2026-06-23,18:57:07,CLI-007,Ana Mendoza,PROD-013,3,2.18,0.00,YAPE
VTA-003409,2026-06-23,18:57:07,CLI-007,Ana Mendoza,PROD-008,5,3.17,0.00,YAPE
VTA-003410,2026-06-23,11:10:36,CLI-060,Marco Castro,PROD-005,2,6.83,0.00,YAPE
VTA-003411,2026-06-23,15:52:17,CLI-008,Jorge Mendoza,PROD-009,2,5.84,0.00,PLIN
VTA-003411,2026-06-23,15:52:17,CLI-008,Jorge Mendoza,PROD-010,2,3.96,0.00,PLIN
VTA-003411,2026-06-23,15:52:17,CLI-008,Jorge Mendoza,PROD-011,4,4.46,0.00,PLIN
VTA-003411,2026-06-23,15:52:17,CLI-008,Jorge Mendoza,PROD-004,2,3.46,0.00,PLIN
VTA-003412,2026-06-23,09:36:19,CLI-021,Rosa García,PROD-012,3,7.82,0.00,PLIN
VTA-003412,2026-06-23,09:36:19,CLI-021,Rosa García,PROD-029,4,2.77,0.00,PLIN
VTA-003412,2026-06-23,09:36:19,CLI-021,Rosa García,PROD-004,1,3.46,0.00,PLIN
VTA-003412,2026-06-23,09:36:19,CLI-021,Rosa García,PROD-016,5,11.38,0.00,PLIN
VTA-003412,2026-06-23,09:36:19,CLI-021,Rosa García,PROD-006,2,1.98,0.00,PLIN
VTA-003413,2026-06-23,10:27:04,CLI-007,Ana Mendoza,PROD-006,4,1.98,0.00,YAPE
VTA-003414,2026-06-23,19:38:15,CLI-052,Pedro Castro,PROD-022,1,3.17,0.00,YAPE
VTA-003414,2026-06-23,19:38:15,CLI-052,Pedro Castro,PROD-026,4,1.48,0.00,YAPE
VTA-003414,2026-06-23,19:38:15,CLI-052,Pedro Castro,PROD-002,4,4.75,0.00,YAPE
VTA-003414,2026-06-23,19:38:15,CLI-052,Pedro Castro,PROD-017,4,8.41,0.00,YAPE
VTA-003415,2026-06-23,14:01:37,CLI-015,Milagros Mendoza,PROD-031,16,0.40,0.00,PLIN
VTA-003416,2026-06-24,16:36:15,CLI-061,Rosa Díaz,PROD-019,1,8.81,0.00,PLIN
VTA-003417,2026-06-24,14:35:05,CLI-018,Renzo Mendoza,PROD-010,1,3.96,0.00,YAPE
VTA-003418,2026-06-24,12:52:58,CLI-050,Miguel Castro,PROD-006,2,1.98,0.00,EFECTIVO
VTA-003418,2026-06-24,12:52:58,CLI-050,Miguel Castro,PROD-018,6,4.16,0.00,EFECTIVO
VTA-003419,2026-06-24,21:21:41,CLI-027,Ana García,PROD-026,5,1.48,1.00,PLIN
VTA-003419,2026-06-24,21:21:41,CLI-027,Ana García,PROD-017,4,8.41,2.10,PLIN
VTA-003419,2026-06-24,21:21:41,CLI-027,Ana García,PROD-002,4,4.75,0.00,PLIN
VTA-003420,2026-06-24,21:44:22,CLI-037,Claudia García,PROD-004,6,3.46,1.27,EFECTIVO
VTA-003420,2026-06-24,21:44:22,CLI-037,Claudia García,PROD-006,2,1.98,0.00,EFECTIVO
VTA-003420,2026-06-24,21:44:22,CLI-037,Claudia García,PROD-013,6,2.18,0.28,EFECTIVO
VTA-003421,2026-06-24,12:23:32,CLI-022,José García,PROD-015,3,8.81,0.00,YAPE
VTA-003421,2026-06-24,12:23:32,CLI-022,José García,PROD-027,3,2.48,0.69,YAPE
VTA-003422,2026-06-24,08:10:35,CLI-035,Milagros García,PROD-022,2,3.17,0.00,YAPE
VTA-003422,2026-06-24,08:10:35,CLI-035,Milagros García,PROD-027,4,2.48,0.00,YAPE
VTA-003423,2026-06-24,15:15:10,CLI-012,Pedro Mendoza,PROD-001,1,5.15,0.00,YAPE
VTA-003423,2026-06-24,15:15:10,CLI-012,Pedro Mendoza,PROD-026,2,1.48,0.00,YAPE
VTA-003423,2026-06-24,15:15:10,CLI-012,Pedro Mendoza,PROD-011,2,4.46,0.00,YAPE
VTA-003424,2026-06-24,13:40:47,CLI-061,Rosa Díaz,PROD-033,3,9.80,0.00,EFECTIVO
VTA-003425,2026-06-24,08:42:04,CLI-031,Elena García,PROD-031,19,0.40,0.00,YAPE
VTA-003425,2026-06-24,08:42:04,CLI-031,Elena García,PROD-026,3,1.48,0.00,YAPE
VTA-003426,2026-06-24,18:52:06,CLI-025,Carmen García,PROD-029,6,2.77,0.00,PLIN
VTA-003426,2026-06-24,18:52:06,CLI-025,Carmen García,PROD-027,2,2.48,0.00,PLIN
VTA-003427,2026-06-24,15:51:32,CLI-026,Carlos García,PROD-018,4,4.16,0.00,EFECTIVO
VTA-003428,2026-06-24,08:03:31,CLI-027,Ana García,PROD-007,2,3.46,0.00,EFECTIVO
VTA-003428,2026-06-24,08:03:31,CLI-027,Ana García,PROD-012,2,7.82,0.00,EFECTIVO
VTA-003429,2026-06-24,14:53:16,CLI-009,Lucía Mendoza,PROD-028,3,1.98,0.00,EFECTIVO
VTA-003430,2026-06-24,21:27:14,CLI-058,Renzo Castro,PROD-020,3,6.43,0.00,YAPE
VTA-003431,2026-06-25,17:51:36,CLI-032,Pedro García,PROD-028,5,1.98,0.00,YAPE
VTA-003431,2026-06-25,17:51:36,CLI-032,Pedro García,PROD-005,5,6.83,4.84,YAPE
VTA-003431,2026-06-25,17:51:36,CLI-032,Pedro García,PROD-026,2,1.48,0.00,YAPE
VTA-003431,2026-06-25,17:51:36,CLI-032,Pedro García,PROD-010,6,3.96,0.00,YAPE
VTA-003432,2026-06-25,08:07:34,CLI-043,María Castro,PROD-005,1,6.83,0.00,EFECTIVO
VTA-003432,2026-06-25,08:07:34,CLI-043,María Castro,PROD-008,5,3.17,0.00,EFECTIVO
VTA-003432,2026-06-25,08:07:34,CLI-043,María Castro,PROD-006,5,1.98,0.00,EFECTIVO
VTA-003433,2026-06-25,19:00:25,CLI-033,Patricia García,PROD-001,1,5.15,0.00,YAPE
VTA-003433,2026-06-25,19:00:25,CLI-033,Patricia García,PROD-008,4,3.17,0.00,YAPE
VTA-003434,2026-06-25,16:45:15,CLI-004,Luis Mendoza,PROD-034,5,4.46,0.00,TARJETA
VTA-003434,2026-06-25,16:45:15,CLI-004,Luis Mendoza,PROD-027,4,2.48,0.00,TARJETA
VTA-003435,2026-06-25,11:25:16,CLI-090,Miguel Rojas,PROD-029,1,2.77,0.07,YAPE
VTA-003435,2026-06-25,11:25:16,CLI-090,Miguel Rojas,PROD-026,5,1.48,0.00,YAPE
VTA-003435,2026-06-25,11:25:16,CLI-090,Miguel Rojas,PROD-003,2,10.79,0.00,YAPE
VTA-003436,2026-06-25,19:43:36,CLI-045,Carmen Castro,PROD-009,6,5.84,0.00,PLIN
VTA-003436,2026-06-25,19:43:36,CLI-045,Carmen Castro,PROD-031,10,0.40,0.16,PLIN
VTA-003436,2026-06-25,19:43:36,CLI-045,Carmen Castro,PROD-004,1,3.46,0.00,PLIN
VTA-003436,2026-06-25,19:43:36,CLI-045,Carmen Castro,PROD-001,1,5.15,0.00,PLIN
VTA-003437,2026-06-25,17:35:49,CLI-060,Marco Castro,PROD-020,4,6.43,0.00,EFECTIVO
VTA-003438,2026-06-25,10:52:31,CLI-055,Milagros Castro,PROD-034,3,4.46,0.64,EFECTIVO
VTA-003438,2026-06-25,10:52:31,CLI-055,Milagros Castro,PROD-012,3,7.82,0.00,EFECTIVO
VTA-003438,2026-06-25,10:52:31,CLI-055,Milagros Castro,PROD-018,1,4.16,0.38,EFECTIVO
VTA-003439,2026-06-25,14:10:17,CLI-033,Patricia García,PROD-006,1,1.98,0.00,TARJETA
VTA-003439,2026-06-25,14:10:17,CLI-033,Patricia García,PROD-022,4,3.17,0.00,TARJETA
VTA-003440,2026-06-25,13:13:50,CLI-064,Luis Díaz,PROD-012,6,7.82,0.00,EFECTIVO
VTA-003440,2026-06-25,13:13:50,CLI-064,Luis Díaz,PROD-004,3,3.46,0.00,EFECTIVO
VTA-003440,2026-06-25,13:13:50,CLI-064,Luis Díaz,PROD-010,4,3.96,0.00,EFECTIVO
VTA-003441,2026-06-25,09:00:22,CLI-040,Marco García,PROD-001,4,5.15,0.00,EFECTIVO
VTA-003442,2026-06-25,07:31:50,CLI-006,Carlos Mendoza,PROD-032,2,6.43,1.69,YAPE
VTA-003442,2026-06-25,07:31:50,CLI-006,Carlos Mendoza,PROD-003,3,10.79,2.20,YAPE
VTA-003443,2026-06-25,09:07:45,CLI-012,Pedro Mendoza,PROD-026,2,1.48,0.00,YAPE
VTA-003444,2026-06-25,15:27:09,CLI-061,Rosa Díaz,PROD-006,2,1.98,0.00,EFECTIVO
VTA-003444,2026-06-25,15:27:09,CLI-061,Rosa Díaz,PROD-007,2,3.46,0.00,EFECTIVO
VTA-003444,2026-06-25,15:27:09,CLI-061,Rosa Díaz,PROD-023,6,7.42,0.00,EFECTIVO
VTA-003444,2026-06-25,15:27:09,CLI-061,Rosa Díaz,PROD-031,4,0.40,0.00,EFECTIVO
VTA-003444,2026-06-25,15:27:09,CLI-061,Rosa Díaz,PROD-008,1,3.17,0.00,EFECTIVO
VTA-003445,2026-06-26,11:53:54,CLI-003,María Mendoza,PROD-015,2,8.81,0.00,PLIN
VTA-003446,2026-06-26,12:49:39,CLI-042,José Castro,PROD-001,5,5.15,0.00,EFECTIVO
VTA-003446,2026-06-26,12:49:39,CLI-042,José Castro,PROD-017,2,8.41,0.00,EFECTIVO
VTA-003446,2026-06-26,12:49:39,CLI-042,José Castro,PROD-013,3,2.18,0.00,EFECTIVO
VTA-003446,2026-06-26,12:49:39,CLI-042,José Castro,PROD-003,4,10.79,0.00,EFECTIVO
VTA-003447,2026-06-26,21:13:43,CLI-086,Carlos Rojas,PROD-008,3,3.17,0.00,YAPE
VTA-003447,2026-06-26,21:13:43,CLI-086,Carlos Rojas,PROD-013,1,2.18,0.00,YAPE
VTA-003448,2026-06-26,21:05:13,CLI-078,Renzo Díaz,PROD-005,1,6.83,0.00,EFECTIVO
VTA-003448,2026-06-26,21:05:13,CLI-078,Renzo Díaz,PROD-008,1,3.17,0.00,EFECTIVO
VTA-003449,2026-06-26,21:12:25,CLI-028,Jorge García,PROD-019,4,8.81,0.00,PLIN
VTA-003449,2026-06-26,21:12:25,CLI-028,Jorge García,PROD-002,5,4.75,0.00,PLIN
VTA-003450,2026-06-26,08:23:26,CLI-047,Ana Castro,PROD-006,6,1.98,0.00,PLIN
VTA-003450,2026-06-26,08:23:26,CLI-047,Ana Castro,PROD-003,2,10.79,0.00,PLIN
VTA-003450,2026-06-26,08:23:26,CLI-047,Ana Castro,PROD-031,7,0.40,0.00,PLIN
VTA-003451,2026-06-26,14:49:14,CLI-008,Jorge Mendoza,PROD-004,2,3.46,0.00,YAPE
VTA-003451,2026-06-26,14:49:14,CLI-008,Jorge Mendoza,PROD-007,4,3.46,0.00,YAPE
VTA-003452,2026-06-26,15:16:31,CLI-013,Patricia Mendoza,PROD-026,4,1.48,0.00,YAPE
VTA-003453,2026-06-26,07:30:49,CLI-010,Miguel Mendoza,PROD-031,17,0.40,0.00,PLIN
VTA-003454,2026-06-26,18:03:22,CLI-001,Rosa Mendoza,PROD-012,5,7.82,0.00,TARJETA
VTA-003454,2026-06-26,18:03:22,CLI-001,Rosa Mendoza,PROD-031,3,0.40,0.00,TARJETA
VTA-003454,2026-06-26,18:03:22,CLI-001,Rosa Mendoza,PROD-026,6,1.48,0.00,TARJETA
VTA-003454,2026-06-26,18:03:22,CLI-001,Rosa Mendoza,PROD-007,3,3.46,0.00,TARJETA
VTA-003455,2026-06-26,12:56:26,CLI-007,Ana Mendoza,PROD-031,13,0.40,0.00,EFECTIVO
VTA-003456,2026-06-26,15:31:25,CLI-013,Patricia Mendoza,PROD-019,6,8.81,0.00,YAPE
VTA-003456,2026-06-26,15:31:25,CLI-013,Patricia Mendoza,PROD-004,4,3.46,0.00,YAPE
VTA-003456,2026-06-26,15:31:25,CLI-013,Patricia Mendoza,PROD-007,5,3.46,0.00,YAPE
VTA-003456,2026-06-26,15:31:25,CLI-013,Patricia Mendoza,PROD-018,5,4.16,0.00,YAPE
VTA-003457,2026-06-26,16:40:20,CLI-029,Lucía García,PROD-027,3,2.48,0.00,PLIN
VTA-003457,2026-06-26,16:40:20,CLI-029,Lucía García,PROD-033,6,9.80,2.54,PLIN
VTA-003457,2026-06-26,16:40:20,CLI-029,Lucía García,PROD-026,4,1.48,0.00,PLIN
VTA-003457,2026-06-26,16:40:20,CLI-029,Lucía García,PROD-022,6,3.17,0.00,PLIN
VTA-003458,2026-06-26,11:51:05,CLI-039,Diana García,PROD-026,2,1.48,0.00,YAPE
VTA-003458,2026-06-26,11:51:05,CLI-039,Diana García,PROD-016,2,11.38,1.66,YAPE
VTA-003459,2026-06-26,09:08:42,CLI-049,Lucía Castro,PROD-013,5,2.18,0.00,PLIN
VTA-003460,2026-06-26,12:56:55,CLI-081,Rosa Rojas,PROD-011,2,4.46,0.00,TARJETA
VTA-003460,2026-06-26,12:56:55,CLI-081,Rosa Rojas,PROD-002,6,4.75,0.00,TARJETA
VTA-003460,2026-06-26,12:56:55,CLI-081,Rosa Rojas,PROD-028,2,1.98,0.00,TARJETA
VTA-003461,2026-06-26,09:20:28,CLI-054,Juan Castro,PROD-002,4,4.75,0.00,EFECTIVO
VTA-003461,2026-06-26,09:20:28,CLI-054,Juan Castro,PROD-026,5,1.48,0.00,EFECTIVO
VTA-003461,2026-06-26,09:20:28,CLI-054,Juan Castro,PROD-011,6,4.46,0.00,EFECTIVO
VTA-003461,2026-06-26,09:20:28,CLI-054,Juan Castro,PROD-031,16,0.40,0.00,EFECTIVO
VTA-003461,2026-06-26,09:20:28,CLI-054,Juan Castro,PROD-003,6,10.79,0.00,EFECTIVO
VTA-003462,2026-06-26,07:11:03,CLI-071,Elena Díaz,PROD-010,6,3.96,0.00,YAPE
VTA-003462,2026-06-26,07:11:03,CLI-071,Elena Díaz,PROD-022,4,3.17,0.00,YAPE
VTA-003462,2026-06-26,07:11:03,CLI-071,Elena Díaz,PROD-002,2,4.75,0.00,YAPE
VTA-003462,2026-06-26,07:11:03,CLI-071,Elena Díaz,PROD-014,4,9.40,0.00,YAPE
VTA-003463,2026-06-26,07:50:47,CLI-078,Renzo Díaz,PROD-010,1,3.96,0.00,EFECTIVO
VTA-003463,2026-06-26,07:50:47,CLI-078,Renzo Díaz,PROD-009,6,5.84,0.00,EFECTIVO
VTA-003464,2026-06-26,12:01:21,CLI-006,Carlos Mendoza,PROD-006,3,1.98,0.00,EFECTIVO
VTA-003464,2026-06-26,12:01:21,CLI-006,Carlos Mendoza,PROD-007,3,3.46,0.00,EFECTIVO
VTA-003464,2026-06-26,12:01:21,CLI-006,Carlos Mendoza,PROD-018,6,4.16,0.00,EFECTIVO
VTA-003465,2026-06-26,18:13:04,CLI-080,Marco Díaz,PROD-005,3,6.83,0.00,YAPE
VTA-003466,2026-06-26,07:54:10,CLI-003,María Mendoza,PROD-026,5,1.48,0.00,EFECTIVO
VTA-003467,2026-06-26,20:43:36,CLI-037,Claudia García,PROD-012,6,7.82,0.00,YAPE
VTA-003467,2026-06-26,20:43:36,CLI-037,Claudia García,PROD-019,5,8.81,0.00,YAPE
VTA-003467,2026-06-26,20:43:36,CLI-037,Claudia García,PROD-008,5,3.17,0.00,YAPE
VTA-003467,2026-06-26,20:43:36,CLI-037,Claudia García,PROD-017,1,8.41,0.00,YAPE
VTA-003468,2026-06-27,19:42:24,CLI-043,María Castro,PROD-033,4,9.80,0.00,TARJETA
VTA-003469,2026-06-27,13:06:17,CLI-081,Rosa Rojas,PROD-016,2,11.38,0.00,EFECTIVO
VTA-003469,2026-06-27,13:06:17,CLI-081,Rosa Rojas,PROD-001,4,5.15,0.00,EFECTIVO
VTA-003470,2026-06-27,12:42:45,CLI-036,Víctor García,PROD-007,4,3.46,0.00,TARJETA
VTA-003470,2026-06-27,12:42:45,CLI-036,Víctor García,PROD-002,2,4.75,0.00,TARJETA
VTA-003471,2026-06-27,19:40:15,CLI-068,Jorge Díaz,PROD-028,2,1.98,0.00,EFECTIVO
VTA-003471,2026-06-27,19:40:15,CLI-068,Jorge Díaz,PROD-007,2,3.46,0.00,EFECTIVO
VTA-003472,2026-06-27,17:05:43,CLI-058,Renzo Castro,PROD-022,2,3.17,0.00,EFECTIVO
VTA-003472,2026-06-27,17:05:43,CLI-058,Renzo Castro,PROD-020,4,6.43,0.00,EFECTIVO
VTA-003472,2026-06-27,17:05:43,CLI-058,Renzo Castro,PROD-033,4,9.80,0.00,EFECTIVO
VTA-003473,2026-06-27,14:57:11,CLI-034,Juan García,PROD-026,1,1.48,0.00,EFECTIVO
VTA-003473,2026-06-27,14:57:11,CLI-034,Juan García,PROD-006,6,1.98,0.00,EFECTIVO
VTA-003473,2026-06-27,14:57:11,CLI-034,Juan García,PROD-028,6,1.98,0.00,EFECTIVO
VTA-003474,2026-06-27,09:52:42,CLI-003,María Mendoza,PROD-022,3,3.17,0.00,EFECTIVO
VTA-003474,2026-06-27,09:52:42,CLI-003,María Mendoza,PROD-002,2,4.75,1.32,EFECTIVO
VTA-003474,2026-06-27,09:52:42,CLI-003,María Mendoza,PROD-026,1,1.48,0.00,EFECTIVO
VTA-003474,2026-06-27,09:52:42,CLI-003,María Mendoza,PROD-017,4,8.41,0.00,EFECTIVO
VTA-003474,2026-06-27,09:52:42,CLI-003,María Mendoza,PROD-027,6,2.48,0.00,EFECTIVO
VTA-003475,2026-06-27,08:29:46,CLI-068,Jorge Díaz,PROD-029,1,2.77,0.00,EFECTIVO
VTA-003475,2026-06-27,08:29:46,CLI-068,Jorge Díaz,PROD-007,3,3.46,0.00,EFECTIVO
VTA-003475,2026-06-27,08:29:46,CLI-068,Jorge Díaz,PROD-017,4,8.41,0.00,EFECTIVO
VTA-003476,2026-06-27,14:55:50,CLI-055,Milagros Castro,PROD-006,6,1.98,0.00,EFECTIVO
VTA-003477,2026-06-27,13:49:12,CLI-005,Carmen Mendoza,PROD-016,2,11.38,0.00,PLIN
VTA-003477,2026-06-27,13:49:12,CLI-005,Carmen Mendoza,PROD-003,1,10.79,0.00,PLIN
VTA-003477,2026-06-27,13:49:12,CLI-005,Carmen Mendoza,PROD-013,5,2.18,0.00,PLIN
VTA-003478,2026-06-27,09:51:36,CLI-038,Renzo García,PROD-010,5,3.96,0.00,TARJETA
VTA-003478,2026-06-27,09:51:36,CLI-038,Renzo García,PROD-013,3,2.18,0.00,TARJETA
VTA-003478,2026-06-27,09:51:36,CLI-038,Renzo García,PROD-028,2,1.98,0.00,TARJETA
VTA-003479,2026-06-27,14:11:56,CLI-015,Milagros Mendoza,PROD-019,4,8.81,0.00,EFECTIVO
VTA-003480,2026-06-27,17:29:10,CLI-005,Carmen Mendoza,PROD-033,1,9.80,0.00,YAPE
VTA-003481,2026-06-27,09:59:06,CLI-054,Juan Castro,PROD-001,1,5.15,0.00,PLIN
VTA-003482,2026-06-27,21:23:36,CLI-045,Carmen Castro,PROD-003,3,10.79,0.00,EFECTIVO
VTA-003482,2026-06-27,21:23:36,CLI-045,Carmen Castro,PROD-026,4,1.48,0.00,EFECTIVO
VTA-003483,2026-06-27,14:48:26,CLI-031,Elena García,PROD-031,13,0.40,0.00,EFECTIVO
VTA-003483,2026-06-27,14:48:26,CLI-031,Elena García,PROD-017,3,8.41,0.00,EFECTIVO
VTA-003483,2026-06-27,14:48:26,CLI-031,Elena García,PROD-013,6,2.18,0.00,EFECTIVO
VTA-003484,2026-06-27,11:11:23,CLI-021,Rosa García,PROD-019,2,8.81,0.00,EFECTIVO
VTA-003485,2026-06-27,20:14:41,CLI-016,Víctor Mendoza,PROD-008,5,3.17,0.00,EFECTIVO
VTA-003485,2026-06-27,20:14:41,CLI-016,Víctor Mendoza,PROD-010,3,3.96,0.00,EFECTIVO
VTA-003486,2026-06-27,17:02:18,CLI-070,Miguel Díaz,PROD-029,6,2.77,0.00,TARJETA
VTA-003487,2026-06-27,21:54:22,CLI-039,Diana García,PROD-026,3,1.48,0.00,YAPE
VTA-003487,2026-06-27,21:54:22,CLI-039,Diana García,PROD-008,3,3.17,0.00,YAPE
VTA-003487,2026-06-27,21:54:22,CLI-039,Diana García,PROD-031,5,0.40,0.00,YAPE
VTA-003487,2026-06-27,21:54:22,CLI-039,Diana García,PROD-015,1,8.81,0.00,YAPE
VTA-003488,2026-06-27,18:33:32,CLI-086,Carlos Rojas,PROD-027,5,2.48,0.00,EFECTIVO
VTA-003488,2026-06-27,18:33:32,CLI-086,Carlos Rojas,PROD-031,19,0.40,0.00,EFECTIVO
VTA-003488,2026-06-27,18:33:32,CLI-086,Carlos Rojas,PROD-008,1,3.17,0.00,EFECTIVO
VTA-003489,2026-06-27,19:16:26,CLI-003,María Mendoza,PROD-018,1,4.16,0.00,EFECTIVO
VTA-003490,2026-06-27,20:01:58,CLI-045,Carmen Castro,PROD-006,6,1.98,0.00,EFECTIVO
VTA-003490,2026-06-27,20:01:58,CLI-045,Carmen Castro,PROD-013,4,2.18,0.66,EFECTIVO
VTA-003490,2026-06-27,20:01:58,CLI-045,Carmen Castro,PROD-004,3,3.46,0.70,EFECTIVO
VTA-003491,2026-06-27,12:45:25,CLI-092,Pedro Rojas,PROD-006,1,1.98,0.00,EFECTIVO
VTA-003491,2026-06-27,12:45:25,CLI-092,Pedro Rojas,PROD-002,2,4.75,0.00,EFECTIVO
VTA-003492,2026-06-27,09:12:42,CLI-039,Diana García,PROD-008,1,3.17,0.00,YAPE
VTA-003492,2026-06-27,09:12:42,CLI-039,Diana García,PROD-014,2,9.40,0.00,YAPE
VTA-003492,2026-06-27,09:12:42,CLI-039,Diana García,PROD-029,2,2.77,0.00,YAPE
VTA-003493,2026-06-27,19:00:45,CLI-019,Diana Mendoza,PROD-016,3,11.38,0.00,TARJETA
VTA-003493,2026-06-27,19:00:45,CLI-019,Diana Mendoza,PROD-026,6,1.48,0.00,TARJETA
VTA-003494,2026-06-27,11:53:00,CLI-034,Juan García,PROD-031,7,0.40,0.00,EFECTIVO
VTA-003494,2026-06-27,11:53:00,CLI-034,Juan García,PROD-006,4,1.98,0.67,EFECTIVO
VTA-003495,2026-06-27,20:32:50,CLI-024,Luis García,PROD-007,1,3.46,0.00,EFECTIVO
VTA-003495,2026-06-27,20:32:50,CLI-024,Luis García,PROD-022,2,3.17,0.00,EFECTIVO
VTA-003495,2026-06-27,20:32:50,CLI-024,Luis García,PROD-002,2,4.75,0.00,EFECTIVO
VTA-003496,2026-06-27,08:07:19,CLI-059,Diana Castro,PROD-006,3,1.98,0.00,EFECTIVO
VTA-003497,2026-06-28,15:52:37,CLI-010,Miguel Mendoza,PROD-027,2,2.48,0.00,TARJETA
VTA-003497,2026-06-28,15:52:37,CLI-010,Miguel Mendoza,PROD-003,4,10.79,0.00,TARJETA
VTA-003498,2026-06-28,17:12:10,CLI-016,Víctor Mendoza,PROD-028,2,1.98,0.00,TARJETA
VTA-003498,2026-06-28,17:12:10,CLI-016,Víctor Mendoza,PROD-012,6,7.82,6.80,TARJETA
VTA-003498,2026-06-28,17:12:10,CLI-016,Víctor Mendoza,PROD-002,3,4.75,0.00,TARJETA
VTA-003499,2026-06-28,21:41:51,CLI-010,Miguel Mendoza,PROD-007,5,3.46,0.00,YAPE
VTA-003500,2026-06-28,10:01:35,CLI-027,Ana García,PROD-019,5,8.81,0.00,PLIN
VTA-003501,2026-06-28,12:46:08,CLI-012,Pedro Mendoza,PROD-020,4,6.43,0.00,EFECTIVO
VTA-003501,2026-06-28,12:46:08,CLI-012,Pedro Mendoza,PROD-004,2,3.46,0.00,EFECTIVO
VTA-003502,2026-06-28,13:25:00,CLI-036,Víctor García,PROD-013,3,2.18,0.00,TARJETA
VTA-003502,2026-06-28,13:25:00,CLI-036,Víctor García,PROD-011,5,4.46,0.00,TARJETA
VTA-003502,2026-06-28,13:25:00,CLI-036,Víctor García,PROD-003,1,10.79,0.00,TARJETA
VTA-003502,2026-06-28,13:25:00,CLI-036,Víctor García,PROD-027,3,2.48,0.00,TARJETA
VTA-003503,2026-06-28,08:10:41,CLI-010,Miguel Mendoza,PROD-016,3,11.38,0.00,EFECTIVO
VTA-003503,2026-06-28,08:10:41,CLI-010,Miguel Mendoza,PROD-022,5,3.17,0.00,EFECTIVO
VTA-003503,2026-06-28,08:10:41,CLI-010,Miguel Mendoza,PROD-017,6,8.41,0.00,EFECTIVO
VTA-003504,2026-06-28,19:17:48,CLI-002,José Mendoza,PROD-016,3,11.38,0.00,YAPE
VTA-003505,2026-06-28,21:03:14,CLI-046,Carlos Castro,PROD-031,12,0.40,0.10,TARJETA
VTA-003506,2026-06-28,18:48:55,CLI-031,Elena García,PROD-001,5,5.15,0.00,YAPE
VTA-003506,2026-06-28,18:48:55,CLI-031,Elena García,PROD-018,4,4.16,0.00,YAPE
VTA-003506,2026-06-28,18:48:55,CLI-031,Elena García,PROD-007,6,3.46,0.00,YAPE
VTA-003507,2026-06-28,08:18:57,CLI-049,Lucía Castro,PROD-001,2,5.15,0.00,YAPE
VTA-003507,2026-06-28,08:18:57,CLI-049,Lucía Castro,PROD-026,3,1.48,0.00,YAPE
VTA-003508,2026-06-28,08:21:15,CLI-015,Milagros Mendoza,PROD-031,16,0.40,0.51,YAPE
VTA-003509,2026-06-28,07:13:44,CLI-065,Carmen Díaz,PROD-008,4,3.17,1.14,EFECTIVO
VTA-003509,2026-06-28,07:13:44,CLI-065,Carmen Díaz,PROD-001,2,5.15,0.00,EFECTIVO
VTA-003509,2026-06-28,07:13:44,CLI-065,Carmen Díaz,PROD-013,5,2.18,0.00,EFECTIVO
VTA-003509,2026-06-28,07:13:44,CLI-065,Carmen Díaz,PROD-005,6,6.83,0.00,EFECTIVO
VTA-003510,2026-06-28,13:11:13,CLI-006,Carlos Mendoza,PROD-011,1,4.46,0.00,YAPE
VTA-003511,2026-06-28,16:47:33,CLI-048,Jorge Castro,PROD-018,6,4.16,0.00,EFECTIVO
VTA-003511,2026-06-28,16:47:33,CLI-048,Jorge Castro,PROD-028,3,1.98,0.00,EFECTIVO
VTA-003512,2026-06-28,11:51:34,CLI-010,Miguel Mendoza,PROD-027,4,2.48,0.00,YAPE
VTA-003512,2026-06-28,11:51:34,CLI-010,Miguel Mendoza,PROD-006,2,1.98,0.00,YAPE
VTA-003512,2026-06-28,11:51:34,CLI-010,Miguel Mendoza,PROD-012,1,7.82,0.00,YAPE
VTA-003512,2026-06-28,11:51:34,CLI-010,Miguel Mendoza,PROD-029,1,2.77,0.00,YAPE
VTA-003513,2026-06-28,18:28:44,CLI-003,María Mendoza,PROD-020,3,6.43,0.00,TARJETA
VTA-003514,2026-06-28,14:23:17,CLI-053,Patricia Castro,PROD-013,3,2.18,0.00,TARJETA
VTA-003514,2026-06-28,14:23:17,CLI-053,Patricia Castro,PROD-020,2,6.43,0.00,TARJETA
VTA-003515,2026-06-28,19:46:01,CLI-016,Víctor Mendoza,PROD-013,1,2.18,0.00,EFECTIVO
VTA-003515,2026-06-28,19:46:01,CLI-016,Víctor Mendoza,PROD-001,6,5.15,0.00,EFECTIVO
VTA-003516,2026-06-28,17:08:18,CLI-028,Jorge García,PROD-017,1,8.41,0.00,PLIN
VTA-003516,2026-06-28,17:08:18,CLI-028,Jorge García,PROD-013,1,2.18,0.00,PLIN
VTA-003516,2026-06-28,17:08:18,CLI-028,Jorge García,PROD-002,3,4.75,0.00,PLIN
VTA-003517,2026-06-28,20:48:13,CLI-018,Renzo Mendoza,PROD-033,6,9.80,0.00,EFECTIVO
VTA-003517,2026-06-28,20:48:13,CLI-018,Renzo Mendoza,PROD-028,5,1.98,0.00,EFECTIVO
VTA-003518,2026-06-28,16:19:06,CLI-003,María Mendoza,PROD-001,5,5.15,0.00,YAPE
VTA-003518,2026-06-28,16:19:06,CLI-003,María Mendoza,PROD-017,4,8.41,0.00,YAPE
VTA-003519,2026-06-28,07:39:42,CLI-062,José Díaz,PROD-013,3,2.18,0.00,PLIN
VTA-003519,2026-06-28,07:39:42,CLI-062,José Díaz,PROD-007,5,3.46,0.00,PLIN
VTA-003519,2026-06-28,07:39:42,CLI-062,José Díaz,PROD-011,5,4.46,0.00,PLIN
VTA-003520,2026-06-28,08:28:21,CLI-070,Miguel Díaz,PROD-012,4,7.82,0.00,YAPE
VTA-003521,2026-06-28,20:53:24,CLI-069,Lucía Díaz,PROD-004,1,3.46,0.41,PLIN
VTA-003521,2026-06-28,20:53:24,CLI-069,Lucía Díaz,PROD-026,2,1.48,0.00,PLIN
VTA-003521,2026-06-28,20:53:24,CLI-069,Lucía Díaz,PROD-019,1,8.81,0.00,PLIN
VTA-003522,2026-06-28,17:40:22,CLI-079,Diana Díaz,PROD-005,5,6.83,0.00,EFECTIVO
VTA-003523,2026-06-28,17:17:15,CLI-051,Elena Castro,PROD-019,4,8.81,0.00,EFECTIVO
VTA-003523,2026-06-28,17:17:15,CLI-051,Elena Castro,PROD-002,6,4.75,0.00,EFECTIVO
VTA-003523,2026-06-28,17:17:15,CLI-051,Elena Castro,PROD-006,2,1.98,0.00,EFECTIVO
VTA-003524,2026-06-28,17:41:47,CLI-007,Ana Mendoza,PROD-003,3,10.79,1.77,PLIN
VTA-003525,2026-06-28,14:24:56,CLI-029,Lucía García,PROD-008,6,3.17,0.00,EFECTIVO
VTA-003525,2026-06-28,14:24:56,CLI-029,Lucía García,PROD-029,6,2.77,2.35,EFECTIVO
VTA-003525,2026-06-28,14:24:56,CLI-029,Lucía García,PROD-016,4,11.38,0.00,EFECTIVO
VTA-003525,2026-06-28,14:24:56,CLI-029,Lucía García,PROD-013,4,2.18,0.00,EFECTIVO
VTA-003526,2026-06-29,17:17:01,CLI-071,Elena Díaz,PROD-003,5,10.79,0.00,YAPE
VTA-003526,2026-06-29,17:17:01,CLI-071,Elena Díaz,PROD-001,1,5.15,0.00,YAPE
VTA-003526,2026-06-29,17:17:01,CLI-071,Elena Díaz,PROD-011,6,4.46,0.00,YAPE
VTA-003526,2026-06-29,17:17:01,CLI-071,Elena Díaz,PROD-028,2,1.98,0.31,YAPE
VTA-003527,2026-06-29,21:04:36,CLI-034,Juan García,PROD-017,3,8.41,0.00,YAPE
VTA-003527,2026-06-29,21:04:36,CLI-034,Juan García,PROD-004,4,3.46,0.00,YAPE
VTA-003527,2026-06-29,21:04:36,CLI-034,Juan García,PROD-009,4,5.84,1.50,YAPE
VTA-003528,2026-06-29,18:51:38,CLI-090,Miguel Rojas,PROD-006,3,1.98,0.00,EFECTIVO
VTA-003528,2026-06-29,18:51:38,CLI-090,Miguel Rojas,PROD-027,5,2.48,1.19,EFECTIVO
VTA-003528,2026-06-29,18:51:38,CLI-090,Miguel Rojas,PROD-007,6,3.46,0.00,EFECTIVO
VTA-003528,2026-06-29,18:51:38,CLI-090,Miguel Rojas,PROD-013,2,2.18,0.00,EFECTIVO
VTA-003528,2026-06-29,18:51:38,CLI-090,Miguel Rojas,PROD-029,4,2.77,0.00,EFECTIVO
VTA-003529,2026-06-29,12:23:21,CLI-005,Carmen Mendoza,PROD-001,2,5.15,0.00,YAPE
VTA-003529,2026-06-29,12:23:21,CLI-005,Carmen Mendoza,PROD-018,6,4.16,1.48,YAPE
VTA-003530,2026-06-29,09:32:09,CLI-048,Jorge Castro,PROD-028,4,1.98,0.00,EFECTIVO
VTA-003531,2026-06-29,21:12:07,CLI-068,Jorge Díaz,PROD-001,3,5.15,0.00,EFECTIVO
VTA-003532,2026-06-29,08:38:06,CLI-006,Carlos Mendoza,PROD-027,2,2.48,0.00,YAPE
VTA-003532,2026-06-29,08:38:06,CLI-006,Carlos Mendoza,PROD-028,1,1.98,0.00,YAPE
VTA-003533,2026-06-29,15:01:14,CLI-002,José Mendoza,PROD-034,5,4.46,0.00,YAPE
VTA-003533,2026-06-29,15:01:14,CLI-002,José Mendoza,PROD-011,6,4.46,0.00,YAPE
VTA-003533,2026-06-29,15:01:14,CLI-002,José Mendoza,PROD-018,4,4.16,0.00,YAPE
VTA-003534,2026-06-29,17:42:05,CLI-037,Claudia García,PROD-004,6,3.46,0.00,EFECTIVO
VTA-003535,2026-06-29,14:02:02,CLI-013,Patricia Mendoza,PROD-007,3,3.46,0.00,EFECTIVO
VTA-003535,2026-06-29,14:02:02,CLI-013,Patricia Mendoza,PROD-002,6,4.75,0.00,EFECTIVO
VTA-003535,2026-06-29,14:02:02,CLI-013,Patricia Mendoza,PROD-012,6,7.82,0.00,EFECTIVO
VTA-003535,2026-06-29,14:02:02,CLI-013,Patricia Mendoza,PROD-008,4,3.17,0.00,EFECTIVO
VTA-003536,2026-06-29,13:36:54,CLI-054,Juan Castro,PROD-003,4,10.79,0.00,EFECTIVO
VTA-003537,2026-06-29,11:18:24,CLI-038,Renzo García,PROD-032,4,6.43,2.95,EFECTIVO
VTA-003537,2026-06-29,11:18:24,CLI-038,Renzo García,PROD-004,2,3.46,0.00,EFECTIVO
VTA-003537,2026-06-29,11:18:24,CLI-038,Renzo García,PROD-007,5,3.46,0.00,EFECTIVO
VTA-003537,2026-06-29,11:18:24,CLI-038,Renzo García,PROD-026,5,1.48,0.00,EFECTIVO
VTA-003538,2026-06-29,15:39:41,CLI-009,Lucía Mendoza,PROD-006,5,1.98,1.17,YAPE
VTA-003539,2026-06-29,09:14:59,CLI-055,Milagros Castro,PROD-026,5,1.48,0.00,EFECTIVO
VTA-003539,2026-06-29,09:14:59,CLI-055,Milagros Castro,PROD-028,1,1.98,0.00,EFECTIVO
VTA-003540,2026-06-29,13:57:49,CLI-067,Ana Díaz,PROD-026,1,1.48,0.00,PLIN
VTA-003540,2026-06-29,13:57:49,CLI-067,Ana Díaz,PROD-023,2,7.42,0.00,PLIN
VTA-003540,2026-06-29,13:57:49,CLI-067,Ana Díaz,PROD-002,3,4.75,0.00,PLIN
VTA-003540,2026-06-29,13:57:49,CLI-067,Ana Díaz,PROD-029,5,2.77,0.00,PLIN
VTA-003541,2026-06-29,13:02:52,CLI-045,Carmen Castro,PROD-019,5,8.81,0.00,EFECTIVO
VTA-003542,2026-06-29,20:31:20,CLI-089,Lucía Rojas,PROD-023,2,7.42,0.00,YAPE
VTA-003543,2026-06-29,14:30:51,CLI-070,Miguel Díaz,PROD-004,5,3.46,0.00,EFECTIVO
VTA-003543,2026-06-29,14:30:51,CLI-070,Miguel Díaz,PROD-009,4,5.84,0.00,EFECTIVO
VTA-003543,2026-06-29,14:30:51,CLI-070,Miguel Díaz,PROD-003,4,10.79,0.00,EFECTIVO
VTA-003543,2026-06-29,14:30:51,CLI-070,Miguel Díaz,PROD-028,1,1.98,0.00,EFECTIVO
VTA-003544,2026-06-29,21:42:22,CLI-029,Lucía García,PROD-003,5,10.79,0.00,YAPE
VTA-003545,2026-06-30,09:50:38,CLI-048,Jorge Castro,PROD-031,4,0.40,0.00,EFECTIVO
VTA-003545,2026-06-30,09:50:38,CLI-048,Jorge Castro,PROD-001,3,5.15,0.00,EFECTIVO
VTA-003545,2026-06-30,09:50:38,CLI-048,Jorge Castro,PROD-027,6,2.48,0.00,EFECTIVO
VTA-003546,2026-06-30,20:30:28,CLI-045,Carmen Castro,PROD-028,3,1.98,0.00,EFECTIVO
VTA-003546,2026-06-30,20:30:28,CLI-045,Carmen Castro,PROD-009,6,5.84,0.00,EFECTIVO
VTA-003546,2026-06-30,20:30:28,CLI-045,Carmen Castro,PROD-008,3,3.17,0.68,EFECTIVO
VTA-003547,2026-06-30,10:23:29,CLI-022,José García,PROD-031,3,0.40,0.00,EFECTIVO
VTA-003548,2026-06-30,11:58:50,CLI-071,Elena Díaz,PROD-003,4,10.79,0.00,EFECTIVO
VTA-003548,2026-06-30,11:58:50,CLI-071,Elena Díaz,PROD-026,3,1.48,0.00,EFECTIVO
VTA-003548,2026-06-30,11:58:50,CLI-071,Elena Díaz,PROD-010,4,3.96,1.15,EFECTIVO
VTA-003548,2026-06-30,11:58:50,CLI-071,Elena Díaz,PROD-001,5,5.15,0.00,EFECTIVO
VTA-003549,2026-06-30,15:00:14,CLI-064,Luis Díaz,PROD-031,8,0.40,0.00,EFECTIVO
VTA-003550,2026-06-30,15:26:44,CLI-026,Carlos García,PROD-007,6,3.46,0.00,EFECTIVO
VTA-003550,2026-06-30,15:26:44,CLI-026,Carlos García,PROD-034,4,4.46,0.00,EFECTIVO
VTA-003551,2026-06-30,09:46:35,CLI-015,Milagros Mendoza,PROD-027,6,2.48,0.00,PLIN
VTA-003551,2026-06-30,09:46:35,CLI-015,Milagros Mendoza,PROD-029,4,2.77,0.00,PLIN
VTA-003552,2026-06-30,13:19:40,CLI-024,Luis García,PROD-010,3,3.96,0.00,TARJETA
VTA-003552,2026-06-30,13:19:40,CLI-024,Luis García,PROD-002,5,4.75,0.00,TARJETA
VTA-003552,2026-06-30,13:19:40,CLI-024,Luis García,PROD-001,1,5.15,0.60,TARJETA
VTA-003553,2026-06-30,09:17:30,CLI-038,Renzo García,PROD-011,5,4.46,0.00,EFECTIVO
VTA-003554,2026-06-30,18:30:40,CLI-013,Patricia Mendoza,PROD-031,18,0.40,0.57,YAPE
VTA-003555,2026-06-30,11:03:49,CLI-014,Juan Mendoza,PROD-009,1,5.84,0.00,EFECTIVO
VTA-003556,2026-06-30,11:01:38,CLI-013,Patricia Mendoza,PROD-012,6,7.82,0.00,EFECTIVO
VTA-003556,2026-06-30,11:01:38,CLI-013,Patricia Mendoza,PROD-002,6,4.75,0.00,EFECTIVO
VTA-003556,2026-06-30,11:01:38,CLI-013,Patricia Mendoza,PROD-008,3,3.17,0.00,EFECTIVO
VTA-003556,2026-06-30,11:01:38,CLI-013,Patricia Mendoza,PROD-034,5,4.46,0.00,EFECTIVO
VTA-003556,2026-06-30,11:01:38,CLI-013,Patricia Mendoza,PROD-027,3,2.48,0.00,EFECTIVO
VTA-003557,2026-06-30,13:57:32,CLI-032,Pedro García,PROD-011,4,4.46,0.00,EFECTIVO
VTA-003557,2026-06-30,13:57:32,CLI-032,Pedro García,PROD-006,1,1.98,0.00,EFECTIVO
VTA-003558,2026-06-30,11:25:26,CLI-060,Marco Castro,PROD-009,4,5.84,0.00,EFECTIVO
VTA-003558,2026-06-30,11:25:26,CLI-060,Marco Castro,PROD-029,3,2.77,0.00,EFECTIVO
VTA-003559,2026-06-30,16:47:43,CLI-085,Carmen Rojas,PROD-002,6,4.75,0.00,YAPE
VTA-003559,2026-06-30,16:47:43,CLI-085,Carmen Rojas,PROD-016,2,11.38,0.00,YAPE
VTA-003559,2026-06-30,16:47:43,CLI-085,Carmen Rojas,PROD-034,4,4.46,0.00,YAPE
VTA-003560,2026-06-30,21:41:06,CLI-006,Carlos Mendoza,PROD-027,2,2.48,0.00,PLIN
VTA-003560,2026-06-30,21:41:06,CLI-006,Carlos Mendoza,PROD-034,1,4.46,0.00,PLIN
VTA-003560,2026-06-30,21:41:06,CLI-006,Carlos Mendoza,PROD-018,6,4.16,2.22,PLIN
VTA-003561,2026-06-30,19:39:16,CLI-043,María Castro,PROD-017,3,8.41,0.00,YAPE
VTA-003561,2026-06-30,19:39:16,CLI-043,María Castro,PROD-003,5,10.79,0.00,YAPE
VTA-003562,2026-07-01,19:30:30,CLI-003,María Mendoza,PROD-028,4,2.00,0.00,EFECTIVO
VTA-003562,2026-07-01,19:30:30,CLI-003,María Mendoza,PROD-031,16,0.40,0.00,EFECTIVO
VTA-003563,2026-07-01,17:16:02,CLI-064,Luis Díaz,PROD-006,4,2.00,0.00,EFECTIVO
VTA-003563,2026-07-01,17:16:02,CLI-064,Luis Díaz,PROD-032,5,6.50,0.00,EFECTIVO
VTA-003563,2026-07-01,17:16:02,CLI-064,Luis Díaz,PROD-028,4,2.00,0.00,EFECTIVO
VTA-003564,2026-07-01,08:09:47,CLI-075,Milagros Díaz,PROD-032,4,6.50,0.00,EFECTIVO
VTA-003564,2026-07-01,08:09:47,CLI-075,Milagros Díaz,PROD-017,1,8.50,0.00,EFECTIVO
VTA-003565,2026-07-01,17:04:51,CLI-050,Miguel Castro,PROD-026,6,1.50,0.00,EFECTIVO
VTA-003566,2026-07-01,07:07:09,CLI-019,Diana Mendoza,PROD-031,20,0.40,0.00,YAPE
VTA-003567,2026-07-01,17:29:10,CLI-006,Carlos Mendoza,PROD-003,6,10.90,0.00,YAPE
VTA-003568,2026-07-01,13:54:47,CLI-056,Víctor Castro,PROD-014,4,9.50,0.00,EFECTIVO
VTA-003569,2026-07-01,15:36:44,CLI-042,José Castro,PROD-034,3,4.50,0.00,EFECTIVO
VTA-003569,2026-07-01,15:36:44,CLI-042,José Castro,PROD-013,2,2.20,0.00,EFECTIVO
VTA-003570,2026-07-01,17:26:50,CLI-028,Jorge García,PROD-034,6,4.50,0.00,YAPE
VTA-003571,2026-07-01,13:47:18,CLI-091,Elena Rojas,PROD-001,3,5.20,0.00,EFECTIVO
VTA-003572,2026-07-01,19:21:51,CLI-004,Luis Mendoza,PROD-009,6,5.90,0.00,YAPE
VTA-003572,2026-07-01,19:21:51,CLI-004,Luis Mendoza,PROD-001,4,5.20,0.00,YAPE
VTA-003572,2026-07-01,19:21:51,CLI-004,Luis Mendoza,PROD-010,1,4.00,0.00,YAPE
VTA-003573,2026-07-01,21:35:16,CLI-016,Víctor Mendoza,PROD-016,4,11.50,0.00,YAPE
VTA-003573,2026-07-01,21:35:16,CLI-016,Víctor Mendoza,PROD-003,1,10.90,0.00,YAPE
VTA-003573,2026-07-01,21:35:16,CLI-016,Víctor Mendoza,PROD-034,6,4.50,0.00,YAPE
VTA-003573,2026-07-01,21:35:16,CLI-016,Víctor Mendoza,PROD-019,3,8.90,0.00,YAPE
VTA-003574,2026-07-01,07:28:29,CLI-081,Rosa Rojas,PROD-019,5,8.90,0.00,PLIN
VTA-003575,2026-07-01,18:05:53,CLI-055,Milagros Castro,PROD-001,2,5.20,0.00,YAPE
VTA-003575,2026-07-01,18:05:53,CLI-055,Milagros Castro,PROD-006,6,2.00,0.00,YAPE
VTA-003576,2026-07-01,20:38:11,CLI-041,Rosa Castro,PROD-018,1,4.20,0.00,PLIN
VTA-003577,2026-07-02,11:52:42,CLI-003,María Mendoza,PROD-006,4,2.00,1.04,EFECTIVO
VTA-003578,2026-07-02,07:51:51,CLI-011,Elena Mendoza,PROD-010,5,4.00,0.00,PLIN
VTA-003578,2026-07-02,07:51:51,CLI-011,Elena Mendoza,PROD-029,2,2.80,0.00,PLIN
VTA-003578,2026-07-02,07:51:51,CLI-011,Elena Mendoza,PROD-033,1,9.90,0.00,PLIN
VTA-003579,2026-07-02,08:57:04,CLI-024,Luis García,PROD-028,2,2.00,0.00,TARJETA
VTA-003579,2026-07-02,08:57:04,CLI-024,Luis García,PROD-011,1,4.50,0.00,TARJETA
VTA-003579,2026-07-02,08:57:04,CLI-024,Luis García,PROD-031,3,0.40,0.00,TARJETA
VTA-003580,2026-07-02,08:34:28,CLI-007,Ana Mendoza,PROD-007,3,3.50,0.00,EFECTIVO
VTA-003580,2026-07-02,08:34:28,CLI-007,Ana Mendoza,PROD-001,1,5.20,0.00,EFECTIVO
VTA-003580,2026-07-02,08:34:28,CLI-007,Ana Mendoza,PROD-014,5,9.50,0.00,EFECTIVO
VTA-003581,2026-07-02,08:08:54,CLI-015,Milagros Mendoza,PROD-012,4,7.90,0.00,TARJETA
VTA-003581,2026-07-02,08:08:54,CLI-015,Milagros Mendoza,PROD-015,5,8.90,0.00,TARJETA
VTA-003582,2026-07-02,13:51:39,CLI-021,Rosa García,PROD-004,4,3.50,0.00,EFECTIVO
VTA-003582,2026-07-02,13:51:39,CLI-021,Rosa García,PROD-016,6,11.50,0.00,EFECTIVO
VTA-003583,2026-07-02,18:26:57,CLI-004,Luis Mendoza,PROD-006,4,2.00,0.00,EFECTIVO
VTA-003583,2026-07-02,18:26:57,CLI-004,Luis Mendoza,PROD-007,1,3.50,0.00,EFECTIVO
VTA-003583,2026-07-02,18:26:57,CLI-004,Luis Mendoza,PROD-002,5,4.80,0.00,EFECTIVO
VTA-003584,2026-07-02,07:35:14,CLI-030,Miguel García,PROD-008,4,3.20,0.00,TARJETA
VTA-003585,2026-07-02,12:02:39,CLI-031,Elena García,PROD-026,1,1.50,0.00,EFECTIVO
VTA-003585,2026-07-02,12:02:39,CLI-031,Elena García,PROD-031,7,0.40,0.00,EFECTIVO
VTA-003586,2026-07-02,19:16:54,CLI-009,Lucía Mendoza,PROD-004,5,3.50,0.00,EFECTIVO
VTA-003587,2026-07-02,17:52:14,CLI-019,Diana Mendoza,PROD-003,3,10.90,0.00,EFECTIVO
VTA-003588,2026-07-02,07:38:21,CLI-033,Patricia García,PROD-004,5,3.50,0.00,YAPE
VTA-003588,2026-07-02,07:38:21,CLI-033,Patricia García,PROD-028,3,2.00,0.00,YAPE
VTA-003588,2026-07-02,07:38:21,CLI-033,Patricia García,PROD-020,1,6.50,0.00,YAPE
VTA-003588,2026-07-02,07:38:21,CLI-033,Patricia García,PROD-011,2,4.50,0.00,YAPE
VTA-003589,2026-07-02,13:10:38,CLI-066,Carlos Díaz,PROD-031,5,0.40,0.24,YAPE
VTA-003589,2026-07-02,13:10:38,CLI-066,Carlos Díaz,PROD-006,6,2.00,0.00,YAPE
VTA-003589,2026-07-02,13:10:38,CLI-066,Carlos Díaz,PROD-013,3,2.20,0.00,YAPE
VTA-003590,2026-07-02,20:44:19,CLI-017,Claudia Mendoza,PROD-026,3,1.50,0.00,EFECTIVO
VTA-003590,2026-07-02,20:44:19,CLI-017,Claudia Mendoza,PROD-031,9,0.40,0.00,EFECTIVO
VTA-003590,2026-07-02,20:44:19,CLI-017,Claudia Mendoza,PROD-005,3,6.90,0.00,EFECTIVO
VTA-003591,2026-07-02,16:41:34,CLI-060,Marco Castro,PROD-003,1,10.90,0.00,TARJETA
VTA-003591,2026-07-02,16:41:34,CLI-060,Marco Castro,PROD-008,4,3.20,0.00,TARJETA
VTA-003592,2026-07-02,15:42:34,CLI-057,Claudia Castro,PROD-022,5,3.20,1.11,YAPE
VTA-003592,2026-07-02,15:42:34,CLI-057,Claudia Castro,PROD-018,3,4.20,0.00,YAPE
VTA-003593,2026-07-02,18:02:00,CLI-006,Carlos Mendoza,PROD-004,1,3.50,0.00,EFECTIVO
VTA-003594,2026-07-02,11:21:58,CLI-005,Carmen Mendoza,PROD-016,5,11.50,0.00,PLIN
VTA-003594,2026-07-02,11:21:58,CLI-005,Carmen Mendoza,PROD-019,6,8.90,0.00,PLIN
VTA-003594,2026-07-02,11:21:58,CLI-005,Carmen Mendoza,PROD-013,3,2.20,0.00,PLIN
VTA-003595,2026-07-02,07:24:25,CLI-040,Marco García,PROD-029,4,2.80,0.00,YAPE
VTA-003596,2026-07-02,13:57:27,CLI-026,Carlos García,PROD-019,6,8.90,0.00,EFECTIVO
VTA-003597,2026-07-03,17:15:15,CLI-038,Renzo García,PROD-006,5,2.00,0.00,YAPE
VTA-003598,2026-07-03,15:56:35,CLI-038,Renzo García,PROD-026,4,1.50,0.00,PLIN
VTA-003598,2026-07-03,15:56:35,CLI-038,Renzo García,PROD-027,4,2.50,0.00,PLIN
VTA-003599,2026-07-03,08:43:21,CLI-056,Víctor Castro,PROD-002,5,4.80,0.00,TARJETA
VTA-003599,2026-07-03,08:43:21,CLI-056,Víctor Castro,PROD-027,1,2.50,0.00,TARJETA
VTA-003600,2026-07-03,07:07:25,CLI-048,Jorge Castro,PROD-010,4,4.00,0.00,YAPE
VTA-003600,2026-07-03,07:07:25,CLI-048,Jorge Castro,PROD-006,1,2.00,0.00,YAPE
VTA-003601,2026-07-03,12:36:18,CLI-053,Patricia Castro,PROD-001,2,5.20,0.00,YAPE
VTA-003601,2026-07-03,12:36:18,CLI-053,Patricia Castro,PROD-007,5,3.50,0.00,YAPE
VTA-003601,2026-07-03,12:36:18,CLI-053,Patricia Castro,PROD-002,4,4.80,0.00,YAPE
VTA-003601,2026-07-03,12:36:18,CLI-053,Patricia Castro,PROD-003,4,10.90,0.00,YAPE
VTA-003602,2026-07-03,10:41:40,CLI-005,Carmen Mendoza,PROD-013,2,2.20,0.00,YAPE
VTA-003602,2026-07-03,10:41:40,CLI-005,Carmen Mendoza,PROD-033,5,9.90,0.00,YAPE
VTA-003602,2026-07-03,10:41:40,CLI-005,Carmen Mendoza,PROD-028,2,2.00,0.00,YAPE
VTA-003603,2026-07-03,12:25:01,CLI-022,José García,PROD-029,4,2.80,0.00,EFECTIVO
VTA-003603,2026-07-03,12:25:01,CLI-022,José García,PROD-003,6,10.90,0.00,EFECTIVO
VTA-003604,2026-07-03,07:38:48,CLI-025,Carmen García,PROD-011,5,4.50,0.00,PLIN
VTA-003604,2026-07-03,07:38:48,CLI-025,Carmen García,PROD-006,5,2.00,0.00,PLIN
VTA-003605,2026-07-03,16:58:05,CLI-087,Ana Rojas,PROD-026,1,1.50,0.00,EFECTIVO
VTA-003605,2026-07-03,16:58:05,CLI-087,Ana Rojas,PROD-032,5,6.50,0.00,EFECTIVO
VTA-003605,2026-07-03,16:58:05,CLI-087,Ana Rojas,PROD-014,2,9.50,0.00,EFECTIVO
VTA-003605,2026-07-03,16:58:05,CLI-087,Ana Rojas,PROD-031,19,0.40,0.00,EFECTIVO
VTA-003605,2026-07-03,16:58:05,CLI-087,Ana Rojas,PROD-005,5,6.90,0.00,EFECTIVO
VTA-003606,2026-07-03,13:51:10,CLI-003,María Mendoza,PROD-011,1,4.50,0.66,PLIN
VTA-003606,2026-07-03,13:51:10,CLI-003,María Mendoza,PROD-016,4,11.50,0.00,PLIN
VTA-003607,2026-07-03,17:03:12,CLI-012,Pedro Mendoza,PROD-006,3,2.00,0.00,TARJETA
VTA-003607,2026-07-03,17:03:12,CLI-012,Pedro Mendoza,PROD-023,4,7.50,0.00,TARJETA
VTA-003608,2026-07-03,09:33:04,CLI-050,Miguel Castro,PROD-028,6,2.00,0.00,EFECTIVO
VTA-003608,2026-07-03,09:33:04,CLI-050,Miguel Castro,PROD-033,1,9.90,0.00,EFECTIVO
VTA-003609,2026-07-03,07:50:59,CLI-061,Rosa Díaz,PROD-028,6,2.00,0.00,EFECTIVO
VTA-003609,2026-07-03,07:50:59,CLI-061,Rosa Díaz,PROD-027,1,2.50,0.00,EFECTIVO
VTA-003609,2026-07-03,07:50:59,CLI-061,Rosa Díaz,PROD-015,4,8.90,0.00,EFECTIVO
VTA-003610,2026-07-03,16:56:20,CLI-011,Elena Mendoza,PROD-006,6,2.00,0.00,YAPE
VTA-003610,2026-07-03,16:56:20,CLI-011,Elena Mendoza,PROD-011,3,4.50,0.00,YAPE
VTA-003610,2026-07-03,16:56:20,CLI-011,Elena Mendoza,PROD-031,18,0.40,0.00,YAPE
VTA-003611,2026-07-03,18:13:19,CLI-007,Ana Mendoza,PROD-003,1,10.90,0.00,YAPE
VTA-003612,2026-07-03,08:16:29,CLI-052,Pedro Castro,PROD-034,3,4.50,0.00,EFECTIVO
VTA-003612,2026-07-03,08:16:29,CLI-052,Pedro Castro,PROD-023,4,7.50,1.68,EFECTIVO
VTA-003612,2026-07-03,08:16:29,CLI-052,Pedro Castro,PROD-006,6,2.00,0.00,EFECTIVO
VTA-003613,2026-07-03,09:55:11,CLI-018,Renzo Mendoza,PROD-028,6,2.00,0.00,EFECTIVO
VTA-003613,2026-07-03,09:55:11,CLI-018,Renzo Mendoza,PROD-001,2,5.20,0.00,EFECTIVO
VTA-003613,2026-07-03,09:55:11,CLI-018,Renzo Mendoza,PROD-011,6,4.50,0.00,EFECTIVO
VTA-003613,2026-07-03,09:55:11,CLI-018,Renzo Mendoza,PROD-002,2,4.80,0.00,EFECTIVO
VTA-003614,2026-07-03,10:46:46,CLI-009,Lucía Mendoza,PROD-023,2,7.50,0.00,YAPE
VTA-003614,2026-07-03,10:46:46,CLI-009,Lucía Mendoza,PROD-002,3,4.80,0.00,YAPE
VTA-003615,2026-07-03,13:22:12,CLI-085,Carmen Rojas,PROD-001,3,5.20,0.00,EFECTIVO
VTA-003615,2026-07-03,13:22:12,CLI-085,Carmen Rojas,PROD-029,1,2.80,0.29,EFECTIVO
VTA-003615,2026-07-03,13:22:12,CLI-085,Carmen Rojas,PROD-003,2,10.90,0.00,EFECTIVO
VTA-003615,2026-07-03,13:22:12,CLI-085,Carmen Rojas,PROD-007,6,3.50,0.00,EFECTIVO
VTA-003615,2026-07-03,13:22:12,CLI-085,Carmen Rojas,PROD-012,6,7.90,0.00,EFECTIVO
VTA-003616,2026-07-03,18:14:11,CLI-064,Luis Díaz,PROD-007,4,3.50,0.51,TARJETA
VTA-003616,2026-07-03,18:14:11,CLI-064,Luis Díaz,PROD-033,5,9.90,0.00,TARJETA
VTA-003616,2026-07-03,18:14:11,CLI-064,Luis Díaz,PROD-022,3,3.20,0.00,TARJETA
VTA-003616,2026-07-03,18:14:11,CLI-064,Luis Díaz,PROD-001,2,5.20,0.00,TARJETA
VTA-003617,2026-07-04,20:24:27,CLI-018,Renzo Mendoza,PROD-007,4,3.50,0.00,EFECTIVO
VTA-003617,2026-07-04,20:24:27,CLI-018,Renzo Mendoza,PROD-011,4,4.50,0.00,EFECTIVO
VTA-003618,2026-07-04,15:45:27,CLI-061,Rosa Díaz,PROD-019,5,8.90,0.00,YAPE
VTA-003619,2026-07-04,07:18:36,CLI-015,Milagros Mendoza,PROD-007,2,3.50,0.00,YAPE
VTA-003619,2026-07-04,07:18:36,CLI-015,Milagros Mendoza,PROD-008,4,3.20,0.00,YAPE
VTA-003619,2026-07-04,07:18:36,CLI-015,Milagros Mendoza,PROD-010,5,4.00,0.00,YAPE
VTA-003619,2026-07-04,07:18:36,CLI-015,Milagros Mendoza,PROD-032,6,6.50,1.90,YAPE
VTA-003620,2026-07-04,09:58:27,CLI-011,Elena Mendoza,PROD-028,6,2.00,0.00,YAPE
VTA-003620,2026-07-04,09:58:27,CLI-011,Elena Mendoza,PROD-032,4,6.50,0.00,YAPE
VTA-003621,2026-07-04,17:02:32,CLI-002,José Mendoza,PROD-029,2,2.80,0.00,YAPE
VTA-003622,2026-07-04,11:40:10,CLI-072,Pedro Díaz,PROD-007,1,3.50,0.00,YAPE
VTA-003622,2026-07-04,11:40:10,CLI-072,Pedro Díaz,PROD-008,3,3.20,0.00,YAPE
VTA-003623,2026-07-04,16:48:49,CLI-024,Luis García,PROD-019,2,8.90,0.00,EFECTIVO
VTA-003624,2026-07-04,16:16:20,CLI-004,Luis Mendoza,PROD-032,5,6.50,0.00,EFECTIVO
VTA-003624,2026-07-04,16:16:20,CLI-004,Luis Mendoza,PROD-031,16,0.40,0.00,EFECTIVO
VTA-003625,2026-07-04,10:24:26,CLI-040,Marco García,PROD-004,6,3.50,0.00,YAPE
VTA-003626,2026-07-04,07:16:53,CLI-050,Miguel Castro,PROD-001,5,5.20,0.00,YAPE
VTA-003626,2026-07-04,07:16:53,CLI-050,Miguel Castro,PROD-011,1,4.50,0.00,YAPE
VTA-003626,2026-07-04,07:16:53,CLI-050,Miguel Castro,PROD-026,4,1.50,0.00,YAPE
VTA-003626,2026-07-04,07:16:53,CLI-050,Miguel Castro,PROD-027,3,2.50,0.00,YAPE
VTA-003627,2026-07-04,19:36:41,CLI-020,Marco Mendoza,PROD-002,2,4.80,0.00,EFECTIVO
VTA-003627,2026-07-04,19:36:41,CLI-020,Marco Mendoza,PROD-031,17,0.40,0.00,EFECTIVO
VTA-003627,2026-07-04,19:36:41,CLI-020,Marco Mendoza,PROD-006,4,2.00,0.00,EFECTIVO
VTA-003628,2026-07-04,07:59:50,CLI-049,Lucía Castro,PROD-007,6,3.50,0.00,YAPE
VTA-003628,2026-07-04,07:59:50,CLI-049,Lucía Castro,PROD-031,7,0.40,0.00,YAPE
VTA-003629,2026-07-04,09:48:59,CLI-070,Miguel Díaz,PROD-031,14,0.40,0.00,EFECTIVO
VTA-003629,2026-07-04,09:48:59,CLI-070,Miguel Díaz,PROD-001,5,5.20,0.00,EFECTIVO
VTA-003629,2026-07-04,09:48:59,CLI-070,Miguel Díaz,PROD-006,5,2.00,0.00,EFECTIVO
VTA-003630,2026-07-04,07:12:32,CLI-053,Patricia Castro,PROD-006,4,2.00,0.00,EFECTIVO
VTA-003630,2026-07-04,07:12:32,CLI-053,Patricia Castro,PROD-005,5,6.90,0.00,EFECTIVO
VTA-003630,2026-07-04,07:12:32,CLI-053,Patricia Castro,PROD-033,1,9.90,0.00,EFECTIVO
VTA-003630,2026-07-04,07:12:32,CLI-053,Patricia Castro,PROD-012,4,7.90,0.00,EFECTIVO
VTA-003631,2026-07-04,18:32:01,CLI-011,Elena Mendoza,PROD-007,3,3.50,0.00,TARJETA
VTA-003631,2026-07-04,18:32:01,CLI-011,Elena Mendoza,PROD-019,1,8.90,0.00,TARJETA
VTA-003631,2026-07-04,18:32:01,CLI-011,Elena Mendoza,PROD-034,1,4.50,0.00,TARJETA
VTA-003632,2026-07-04,07:48:54,CLI-001,Rosa Mendoza,PROD-018,3,4.20,0.00,YAPE
VTA-003632,2026-07-04,07:48:54,CLI-001,Rosa Mendoza,PROD-013,6,2.20,0.00,YAPE
VTA-003632,2026-07-04,07:48:54,CLI-001,Rosa Mendoza,PROD-031,14,0.40,0.00,YAPE
VTA-003633,2026-07-04,20:28:27,CLI-006,Carlos Mendoza,PROD-023,6,7.50,0.00,TARJETA
VTA-003633,2026-07-04,20:28:27,CLI-006,Carlos Mendoza,PROD-006,6,2.00,0.00,TARJETA
VTA-003634,2026-07-04,09:17:02,CLI-044,Luis Castro,PROD-001,2,5.20,0.00,TARJETA
VTA-003635,2026-07-04,19:24:52,CLI-029,Lucía García,PROD-011,4,4.50,0.00,PLIN
VTA-003635,2026-07-04,19:24:52,CLI-029,Lucía García,PROD-006,6,2.00,0.00,PLIN
VTA-003636,2026-07-04,20:27:59,CLI-059,Diana Castro,PROD-004,5,3.50,0.00,EFECTIVO
VTA-003636,2026-07-04,20:27:59,CLI-059,Diana Castro,PROD-026,6,1.50,0.00,EFECTIVO
VTA-003636,2026-07-04,20:27:59,CLI-059,Diana Castro,PROD-001,3,5.20,0.00,EFECTIVO
VTA-003637,2026-07-04,07:40:32,CLI-045,Carmen Castro,PROD-005,2,6.90,0.00,EFECTIVO
VTA-003637,2026-07-04,07:40:32,CLI-045,Carmen Castro,PROD-029,2,2.80,0.00,EFECTIVO
VTA-003638,2026-07-04,09:09:21,CLI-087,Ana Rojas,PROD-016,2,11.50,0.00,YAPE
VTA-003638,2026-07-04,09:09:21,CLI-087,Ana Rojas,PROD-005,3,6.90,0.00,YAPE
VTA-003639,2026-07-05,13:52:33,CLI-026,Carlos García,PROD-008,5,3.20,0.00,PLIN
VTA-003640,2026-07-05,19:09:41,CLI-005,Carmen Mendoza,PROD-031,6,0.40,0.00,EFECTIVO
VTA-003641,2026-07-05,20:37:30,CLI-058,Renzo Castro,PROD-011,4,4.50,0.48,EFECTIVO
VTA-003642,2026-07-05,12:07:18,CLI-030,Miguel García,PROD-026,3,1.50,0.00,PLIN
VTA-003642,2026-07-05,12:07:18,CLI-030,Miguel García,PROD-031,11,0.40,0.00,PLIN
VTA-003643,2026-07-05,16:44:50,CLI-033,Patricia García,PROD-028,1,2.00,0.00,TARJETA
VTA-003644,2026-07-05,21:43:57,CLI-036,Víctor García,PROD-031,11,0.40,0.00,EFECTIVO
VTA-003644,2026-07-05,21:43:57,CLI-036,Víctor García,PROD-004,6,3.50,0.00,EFECTIVO
VTA-003644,2026-07-05,21:43:57,CLI-036,Víctor García,PROD-002,3,4.80,0.00,EFECTIVO
VTA-003645,2026-07-05,14:33:23,CLI-062,José Díaz,PROD-011,2,4.50,0.00,EFECTIVO
VTA-003645,2026-07-05,14:33:23,CLI-062,José Díaz,PROD-022,6,3.20,0.00,EFECTIVO
VTA-003646,2026-07-05,09:58:17,CLI-044,Luis Castro,PROD-015,4,8.90,0.00,EFECTIVO
VTA-003646,2026-07-05,09:58:17,CLI-044,Luis Castro,PROD-027,5,2.50,0.00,EFECTIVO
VTA-003647,2026-07-05,14:16:11,CLI-077,Claudia Díaz,PROD-008,6,3.20,0.00,YAPE
VTA-003648,2026-07-05,11:34:11,CLI-057,Claudia Castro,PROD-001,6,5.20,0.00,EFECTIVO
VTA-003648,2026-07-05,11:34:11,CLI-057,Claudia Castro,PROD-004,3,3.50,0.00,EFECTIVO
VTA-003649,2026-07-05,15:16:43,CLI-063,María Díaz,PROD-033,2,9.90,0.00,YAPE
VTA-003650,2026-07-05,20:27:04,CLI-096,Víctor Rojas,PROD-027,5,2.50,0.94,YAPE
VTA-003651,2026-07-05,19:26:05,CLI-083,María Rojas,PROD-022,2,3.20,0.00,TARJETA
VTA-003652,2026-07-05,19:04:15,CLI-091,Elena Rojas,PROD-007,4,3.50,0.00,EFECTIVO
VTA-003653,2026-07-05,21:03:21,CLI-023,María García,PROD-028,4,2.00,0.00,EFECTIVO
VTA-003653,2026-07-05,21:03:21,CLI-023,María García,PROD-034,3,4.50,0.00,EFECTIVO
VTA-003653,2026-07-05,21:03:21,CLI-023,María García,PROD-026,2,1.50,0.00,EFECTIVO
VTA-003654,2026-07-05,09:08:00,CLI-003,María Mendoza,PROD-026,2,1.50,0.00,EFECTIVO
VTA-003654,2026-07-05,09:08:00,CLI-003,María Mendoza,PROD-031,16,0.40,0.00,EFECTIVO
VTA-003655,2026-07-05,16:38:47,CLI-012,Pedro Mendoza,PROD-014,6,9.50,0.00,YAPE
VTA-003656,2026-07-05,09:06:24,CLI-021,Rosa García,PROD-010,2,4.00,0.00,EFECTIVO
VTA-003656,2026-07-05,09:06:24,CLI-021,Rosa García,PROD-001,1,5.20,0.00,EFECTIVO
VTA-003657,2026-07-05,09:02:29,CLI-006,Carlos Mendoza,PROD-007,1,3.50,0.00,YAPE
VTA-003657,2026-07-05,09:02:29,CLI-006,Carlos Mendoza,PROD-026,6,1.50,0.00,YAPE
VTA-003658,2026-07-05,08:45:05,CLI-012,Pedro Mendoza,PROD-005,6,6.90,0.00,PLIN
VTA-003659,2026-07-05,07:23:53,CLI-005,Carmen Mendoza,PROD-019,2,8.90,0.00,EFECTIVO
VTA-003659,2026-07-05,07:23:53,CLI-005,Carmen Mendoza,PROD-011,5,4.50,0.00,EFECTIVO
VTA-003659,2026-07-05,07:23:53,CLI-005,Carmen Mendoza,PROD-005,6,6.90,0.00,EFECTIVO
VTA-003660,2026-07-05,15:02:57,CLI-047,Ana Castro,PROD-003,2,10.90,0.00,EFECTIVO
VTA-003661,2026-07-05,08:59:30,CLI-054,Juan Castro,PROD-003,1,10.90,0.00,PLIN
VTA-003661,2026-07-05,08:59:30,CLI-054,Juan Castro,PROD-004,2,3.50,0.00,PLIN
VTA-003662,2026-07-05,08:56:43,CLI-048,Jorge Castro,PROD-007,6,3.50,0.00,EFECTIVO
VTA-003663,2026-07-05,20:00:08,CLI-047,Ana Castro,PROD-002,2,4.80,0.00,YAPE
VTA-003664,2026-07-05,09:19:37,CLI-005,Carmen Mendoza,PROD-026,2,1.50,0.00,TARJETA
VTA-003664,2026-07-05,09:19:37,CLI-005,Carmen Mendoza,PROD-032,2,6.50,0.00,TARJETA
VTA-003665,2026-07-06,21:45:52,CLI-053,Patricia Castro,PROD-006,6,2.00,0.00,PLIN
VTA-003665,2026-07-06,21:45:52,CLI-053,Patricia Castro,PROD-027,1,2.50,0.00,PLIN
VTA-003665,2026-07-06,21:45:52,CLI-053,Patricia Castro,PROD-009,4,5.90,0.00,PLIN
VTA-003666,2026-07-06,12:42:14,CLI-025,Carmen García,PROD-007,4,3.50,0.00,YAPE
VTA-003666,2026-07-06,12:42:14,CLI-025,Carmen García,PROD-006,6,2.00,0.00,YAPE
VTA-003666,2026-07-06,12:42:14,CLI-025,Carmen García,PROD-031,11,0.40,0.00,YAPE
VTA-003666,2026-07-06,12:42:14,CLI-025,Carmen García,PROD-018,4,4.20,0.00,YAPE
VTA-003667,2026-07-06,07:02:54,CLI-004,Luis Mendoza,PROD-033,1,9.90,0.00,YAPE
VTA-003667,2026-07-06,07:02:54,CLI-004,Luis Mendoza,PROD-019,5,8.90,0.00,YAPE
VTA-003667,2026-07-06,07:02:54,CLI-004,Luis Mendoza,PROD-006,3,2.00,0.00,YAPE
VTA-003668,2026-07-06,15:41:17,CLI-045,Carmen Castro,PROD-007,5,3.50,0.00,EFECTIVO
VTA-003668,2026-07-06,15:41:17,CLI-045,Carmen Castro,PROD-011,6,4.50,0.00,EFECTIVO
VTA-003668,2026-07-06,15:41:17,CLI-045,Carmen Castro,PROD-018,4,4.20,0.00,EFECTIVO
VTA-003669,2026-07-06,16:22:56,CLI-013,Patricia Mendoza,PROD-029,6,2.80,0.00,EFECTIVO
VTA-003670,2026-07-06,09:53:01,CLI-012,Pedro Mendoza,PROD-001,6,5.20,0.00,EFECTIVO
VTA-003671,2026-07-06,15:32:45,CLI-042,José Castro,PROD-006,1,2.00,0.00,PLIN
VTA-003671,2026-07-06,15:32:45,CLI-042,José Castro,PROD-029,6,2.80,0.00,PLIN
VTA-003671,2026-07-06,15:32:45,CLI-042,José Castro,PROD-008,1,3.20,0.00,PLIN
VTA-003671,2026-07-06,15:32:45,CLI-042,José Castro,PROD-011,1,4.50,0.00,PLIN
VTA-003672,2026-07-06,19:45:17,CLI-031,Elena García,PROD-027,3,2.50,0.00,EFECTIVO
VTA-003672,2026-07-06,19:45:17,CLI-031,Elena García,PROD-002,5,4.80,0.00,EFECTIVO
VTA-003673,2026-07-06,16:15:38,CLI-070,Miguel Díaz,PROD-031,11,0.40,0.56,YAPE
VTA-003673,2026-07-06,16:15:38,CLI-070,Miguel Díaz,PROD-020,3,6.50,0.00,YAPE
VTA-003674,2026-07-06,15:11:29,CLI-025,Carmen García,PROD-008,1,3.20,0.00,EFECTIVO
VTA-003674,2026-07-06,15:11:29,CLI-025,Carmen García,PROD-027,3,2.50,0.00,EFECTIVO
VTA-003675,2026-07-06,12:00:09,CLI-023,María García,PROD-011,6,4.50,0.00,YAPE
VTA-003675,2026-07-06,12:00:09,CLI-023,María García,PROD-028,2,2.00,0.00,YAPE
VTA-003676,2026-07-06,15:58:24,CLI-093,Patricia Rojas,PROD-018,3,4.20,0.00,PLIN
VTA-003676,2026-07-06,15:58:24,CLI-093,Patricia Rojas,PROD-011,4,4.50,0.00,PLIN
VTA-003676,2026-07-06,15:58:24,CLI-093,Patricia Rojas,PROD-002,1,4.80,0.00,PLIN
VTA-003676,2026-07-06,15:58:24,CLI-093,Patricia Rojas,PROD-013,4,2.20,0.00,PLIN
VTA-003677,2026-07-06,17:05:00,CLI-016,Víctor Mendoza,PROD-013,2,2.20,0.00,YAPE
VTA-003677,2026-07-06,17:05:00,CLI-016,Víctor Mendoza,PROD-031,14,0.40,0.78,YAPE
VTA-003678,2026-07-06,17:32:39,CLI-081,Rosa Rojas,PROD-004,6,3.50,2.24,EFECTIVO
VTA-003678,2026-07-06,17:32:39,CLI-081,Rosa Rojas,PROD-017,2,8.50,0.00,EFECTIVO
VTA-003679,2026-07-06,18:13:50,CLI-066,Carlos Díaz,PROD-010,2,4.00,0.71,YAPE
VTA-003679,2026-07-06,18:13:50,CLI-066,Carlos Díaz,PROD-013,4,2.20,0.00,YAPE
VTA-003680,2026-07-06,12:08:53,CLI-015,Milagros Mendoza,PROD-019,5,8.90,0.00,YAPE
VTA-003681,2026-07-07,17:11:26,CLI-015,Milagros Mendoza,PROD-004,6,3.50,0.00,TARJETA
VTA-003681,2026-07-07,17:11:26,CLI-015,Milagros Mendoza,PROD-001,6,5.20,0.00,TARJETA
VTA-003681,2026-07-07,17:11:26,CLI-015,Milagros Mendoza,PROD-007,1,3.50,0.00,TARJETA
VTA-003681,2026-07-07,17:11:26,CLI-015,Milagros Mendoza,PROD-011,1,4.50,0.00,TARJETA
VTA-003682,2026-07-07,17:09:48,CLI-026,Carlos García,PROD-031,12,0.40,0.00,TARJETA
VTA-003683,2026-07-07,15:32:36,CLI-019,Diana Mendoza,PROD-033,4,9.90,0.00,EFECTIVO
VTA-003684,2026-07-07,20:30:26,CLI-011,Elena Mendoza,PROD-031,16,0.40,0.00,EFECTIVO
VTA-003685,2026-07-07,12:20:10,CLI-010,Miguel Mendoza,PROD-027,5,2.50,0.64,TARJETA
VTA-003685,2026-07-07,12:20:10,CLI-010,Miguel Mendoza,PROD-014,2,9.50,0.00,TARJETA
VTA-003685,2026-07-07,12:20:10,CLI-010,Miguel Mendoza,PROD-031,2,0.40,0.00,TARJETA
VTA-003685,2026-07-07,12:20:10,CLI-010,Miguel Mendoza,PROD-006,3,2.00,0.62,TARJETA
VTA-003686,2026-07-07,19:29:04,CLI-022,José García,PROD-006,2,2.00,0.00,YAPE
VTA-003686,2026-07-07,19:29:04,CLI-022,José García,PROD-001,5,5.20,0.00,YAPE
VTA-003686,2026-07-07,19:29:04,CLI-022,José García,PROD-031,18,0.40,0.00,YAPE
VTA-003687,2026-07-07,17:52:19,CLI-004,Luis Mendoza,PROD-006,2,2.00,0.00,EFECTIVO
VTA-003687,2026-07-07,17:52:19,CLI-004,Luis Mendoza,PROD-033,6,9.90,0.00,EFECTIVO
VTA-003687,2026-07-07,17:52:19,CLI-004,Luis Mendoza,PROD-020,3,6.50,0.00,EFECTIVO
VTA-003687,2026-07-07,17:52:19,CLI-004,Luis Mendoza,PROD-002,5,4.80,0.00,EFECTIVO
VTA-003687,2026-07-07,17:52:19,CLI-004,Luis Mendoza,PROD-031,7,0.40,0.00,EFECTIVO
VTA-003688,2026-07-07,09:13:21,CLI-034,Juan García,PROD-029,2,2.80,0.00,YAPE
VTA-003688,2026-07-07,09:13:21,CLI-034,Juan García,PROD-011,2,4.50,0.00,YAPE
VTA-003688,2026-07-07,09:13:21,CLI-034,Juan García,PROD-023,5,7.50,0.00,YAPE
VTA-003689,2026-07-07,17:42:51,CLI-008,Jorge Mendoza,PROD-013,2,2.20,0.00,PLIN
VTA-003689,2026-07-07,17:42:51,CLI-008,Jorge Mendoza,PROD-008,3,3.20,0.00,PLIN
VTA-003690,2026-07-07,13:26:57,CLI-057,Claudia Castro,PROD-018,2,4.20,0.00,YAPE
VTA-003691,2026-07-07,16:28:49,CLI-074,Juan Díaz,PROD-006,3,2.00,0.00,PLIN
VTA-003691,2026-07-07,16:28:49,CLI-074,Juan Díaz,PROD-011,5,4.50,0.00,PLIN
VTA-003691,2026-07-07,16:28:49,CLI-074,Juan Díaz,PROD-031,3,0.40,0.00,PLIN
VTA-003691,2026-07-07,16:28:49,CLI-074,Juan Díaz,PROD-018,2,4.20,0.00,PLIN
VTA-003691,2026-07-07,16:28:49,CLI-074,Juan Díaz,PROD-022,6,3.20,0.00,PLIN
VTA-003692,2026-07-07,13:59:18,CLI-014,Juan Mendoza,PROD-034,3,4.50,0.00,EFECTIVO
VTA-003692,2026-07-07,13:59:18,CLI-014,Juan Mendoza,PROD-006,5,2.00,0.89,EFECTIVO
VTA-003692,2026-07-07,13:59:18,CLI-014,Juan Mendoza,PROD-002,6,4.80,0.00,EFECTIVO
VTA-003693,2026-07-07,12:10:16,CLI-048,Jorge Castro,PROD-028,6,2.00,0.00,EFECTIVO
VTA-003693,2026-07-07,12:10:16,CLI-048,Jorge Castro,PROD-011,6,4.50,2.56,EFECTIVO
VTA-003693,2026-07-07,12:10:16,CLI-048,Jorge Castro,PROD-029,6,2.80,0.00,EFECTIVO
VTA-003693,2026-07-07,12:10:16,CLI-048,Jorge Castro,PROD-012,4,7.90,0.00,EFECTIVO
VTA-003693,2026-07-07,12:10:16,CLI-048,Jorge Castro,PROD-031,11,0.40,0.00,EFECTIVO
VTA-003694,2026-07-07,11:37:48,CLI-057,Claudia Castro,PROD-017,6,8.50,0.00,PLIN
VTA-003694,2026-07-07,11:37:48,CLI-057,Claudia Castro,PROD-033,6,9.90,0.00,PLIN
VTA-003695,2026-07-07,13:13:14,CLI-045,Carmen Castro,PROD-006,1,2.00,0.00,YAPE
VTA-003695,2026-07-07,13:13:14,CLI-045,Carmen Castro,PROD-003,1,10.90,0.00,YAPE
VTA-003695,2026-07-07,13:13:14,CLI-045,Carmen Castro,PROD-002,1,4.80,0.68,YAPE
VTA-003696,2026-07-07,09:16:30,CLI-004,Luis Mendoza,PROD-002,3,4.80,0.00,EFECTIVO
VTA-003697,2026-07-08,12:57:54,CLI-028,Jorge García,PROD-031,9,0.40,0.00,PLIN
VTA-003697,2026-07-08,12:57:54,CLI-028,Jorge García,PROD-008,6,3.20,0.00,PLIN
VTA-003697,2026-07-08,12:57:54,CLI-028,Jorge García,PROD-026,6,1.50,0.00,PLIN
VTA-003697,2026-07-08,12:57:54,CLI-028,Jorge García,PROD-003,4,10.90,0.00,PLIN
VTA-003698,2026-07-08,18:02:10,CLI-055,Milagros Castro,PROD-015,2,8.90,0.00,EFECTIVO
VTA-003698,2026-07-08,18:02:10,CLI-055,Milagros Castro,PROD-026,2,1.50,0.00,EFECTIVO
VTA-003698,2026-07-08,18:02:10,CLI-055,Milagros Castro,PROD-016,6,11.50,0.00,EFECTIVO
VTA-003699,2026-07-08,09:15:07,CLI-014,Juan Mendoza,PROD-011,1,4.50,0.00,EFECTIVO
VTA-003699,2026-07-08,09:15:07,CLI-014,Juan Mendoza,PROD-031,3,0.40,0.00,EFECTIVO
VTA-003700,2026-07-08,12:27:46,CLI-066,Carlos Díaz,PROD-028,2,2.00,0.00,PLIN
VTA-003701,2026-07-08,10:00:04,CLI-039,Diana García,PROD-026,6,1.50,0.00,EFECTIVO
VTA-003701,2026-07-08,10:00:04,CLI-039,Diana García,PROD-005,6,6.90,0.00,EFECTIVO
VTA-003701,2026-07-08,10:00:04,CLI-039,Diana García,PROD-031,20,0.40,0.00,EFECTIVO
VTA-003702,2026-07-08,20:48:27,CLI-049,Lucía Castro,PROD-020,1,6.50,0.00,TARJETA
VTA-003702,2026-07-08,20:48:27,CLI-049,Lucía Castro,PROD-001,4,5.20,0.00,TARJETA
VTA-003702,2026-07-08,20:48:27,CLI-049,Lucía Castro,PROD-006,4,2.00,0.00,TARJETA
VTA-003702,2026-07-08,20:48:27,CLI-049,Lucía Castro,PROD-033,3,9.90,0.00,TARJETA
VTA-003702,2026-07-08,20:48:27,CLI-049,Lucía Castro,PROD-013,4,2.20,0.00,TARJETA
VTA-003703,2026-07-08,21:36:57,CLI-051,Elena Castro,PROD-007,6,3.50,0.00,YAPE
VTA-003703,2026-07-08,21:36:57,CLI-051,Elena Castro,PROD-031,13,0.40,0.00,YAPE
VTA-003703,2026-07-08,21:36:57,CLI-051,Elena Castro,PROD-017,3,8.50,0.00,YAPE
VTA-003704,2026-07-08,13:43:35,CLI-002,José Mendoza,PROD-013,6,2.20,0.00,EFECTIVO
VTA-003704,2026-07-08,13:43:35,CLI-002,José Mendoza,PROD-001,2,5.20,0.00,EFECTIVO
VTA-003704,2026-07-08,13:43:35,CLI-002,José Mendoza,PROD-007,6,3.50,0.00,EFECTIVO
VTA-003704,2026-07-08,13:43:35,CLI-002,José Mendoza,PROD-016,3,11.50,0.00,EFECTIVO
VTA-003705,2026-07-08,16:50:39,CLI-033,Patricia García,PROD-031,6,0.40,0.00,EFECTIVO
VTA-003705,2026-07-08,16:50:39,CLI-033,Patricia García,PROD-026,4,1.50,0.00,EFECTIVO
VTA-003705,2026-07-08,16:50:39,CLI-033,Patricia García,PROD-007,2,3.50,0.85,EFECTIVO
VTA-003706,2026-07-08,16:34:52,CLI-012,Pedro Mendoza,PROD-031,4,0.40,0.13,YAPE
VTA-003707,2026-07-08,09:23:22,CLI-011,Elena Mendoza,PROD-006,1,2.00,0.00,EFECTIVO
VTA-003708,2026-07-08,17:57:25,CLI-041,Rosa Castro,PROD-011,2,4.50,0.00,EFECTIVO
VTA-003708,2026-07-08,17:57:25,CLI-041,Rosa Castro,PROD-013,3,2.20,0.75,EFECTIVO
VTA-003709,2026-07-08,11:52:56,CLI-067,Ana Díaz,PROD-033,2,9.90,0.00,YAPE
VTA-003709,2026-07-08,11:52:56,CLI-067,Ana Díaz,PROD-031,10,0.40,0.00,YAPE
VTA-003710,2026-07-08,18:12:44,CLI-050,Miguel Castro,PROD-034,5,4.50,0.00,EFECTIVO
VTA-003710,2026-07-08,18:12:44,CLI-050,Miguel Castro,PROD-016,4,11.50,0.00,EFECTIVO
VTA-003710,2026-07-08,18:12:44,CLI-050,Miguel Castro,PROD-008,4,3.20,0.00,EFECTIVO
VTA-003711,2026-07-09,21:54:30,CLI-032,Pedro García,PROD-027,2,2.50,0.00,TARJETA
VTA-003711,2026-07-09,21:54:30,CLI-032,Pedro García,PROD-029,2,2.80,0.00,TARJETA
VTA-003711,2026-07-09,21:54:30,CLI-032,Pedro García,PROD-016,1,11.50,0.00,TARJETA
VTA-003711,2026-07-09,21:54:30,CLI-032,Pedro García,PROD-031,10,0.40,0.00,TARJETA
VTA-003711,2026-07-09,21:54:30,CLI-032,Pedro García,PROD-001,5,5.20,0.00,TARJETA
VTA-003712,2026-07-09,21:17:18,CLI-033,Patricia García,PROD-022,2,3.20,0.00,TARJETA
VTA-003712,2026-07-09,21:17:18,CLI-033,Patricia García,PROD-018,3,4.20,0.00,TARJETA
VTA-003712,2026-07-09,21:17:18,CLI-033,Patricia García,PROD-029,2,2.80,0.00,TARJETA
VTA-003713,2026-07-09,15:15:46,CLI-008,Jorge Mendoza,PROD-016,1,11.50,0.00,EFECTIVO
VTA-003713,2026-07-09,15:15:46,CLI-008,Jorge Mendoza,PROD-007,6,3.50,0.00,EFECTIVO
VTA-003713,2026-07-09,15:15:46,CLI-008,Jorge Mendoza,PROD-006,6,2.00,0.00,EFECTIVO
VTA-003713,2026-07-09,15:15:46,CLI-008,Jorge Mendoza,PROD-001,3,5.20,0.00,EFECTIVO
VTA-003713,2026-07-09,15:15:46,CLI-008,Jorge Mendoza,PROD-012,1,7.90,0.00,EFECTIVO
VTA-003714,2026-07-09,20:29:11,CLI-004,Luis Mendoza,PROD-013,2,2.20,0.00,PLIN
VTA-003714,2026-07-09,20:29:11,CLI-004,Luis Mendoza,PROD-029,3,2.80,0.00,PLIN
VTA-003714,2026-07-09,20:29:11,CLI-004,Luis Mendoza,PROD-007,3,3.50,0.00,PLIN
VTA-003714,2026-07-09,20:29:11,CLI-004,Luis Mendoza,PROD-020,6,6.50,0.00,PLIN
VTA-003715,2026-07-09,12:17:37,CLI-018,Renzo Mendoza,PROD-005,6,6.90,0.00,PLIN
VTA-003715,2026-07-09,12:17:37,CLI-018,Renzo Mendoza,PROD-022,5,3.20,0.00,PLIN
VTA-003715,2026-07-09,12:17:37,CLI-018,Renzo Mendoza,PROD-012,3,7.90,0.00,PLIN
VTA-003715,2026-07-09,12:17:37,CLI-018,Renzo Mendoza,PROD-027,4,2.50,0.00,PLIN
VTA-003716,2026-07-09,10:17:27,CLI-019,Diana Mendoza,PROD-029,6,2.80,0.00,YAPE
VTA-003717,2026-07-09,07:50:13,CLI-045,Carmen Castro,PROD-018,3,4.20,0.00,PLIN
VTA-003717,2026-07-09,07:50:13,CLI-045,Carmen Castro,PROD-007,2,3.50,0.00,PLIN
VTA-003718,2026-07-09,19:17:38,CLI-001,Rosa Mendoza,PROD-008,5,3.20,0.00,EFECTIVO
VTA-003718,2026-07-09,19:17:38,CLI-001,Rosa Mendoza,PROD-005,1,6.90,0.00,EFECTIVO
VTA-003718,2026-07-09,19:17:38,CLI-001,Rosa Mendoza,PROD-026,6,1.50,0.00,EFECTIVO
VTA-003718,2026-07-09,19:17:38,CLI-001,Rosa Mendoza,PROD-006,5,2.00,0.00,EFECTIVO
VTA-003719,2026-07-09,17:31:11,CLI-040,Marco García,PROD-012,5,7.90,0.00,YAPE
VTA-003719,2026-07-09,17:31:11,CLI-040,Marco García,PROD-026,3,1.50,0.00,YAPE
VTA-003720,2026-07-09,19:34:11,CLI-047,Ana Castro,PROD-018,1,4.20,0.00,EFECTIVO
VTA-003721,2026-07-09,07:33:15,CLI-030,Miguel García,PROD-028,1,2.00,0.00,TARJETA
VTA-003721,2026-07-09,07:33:15,CLI-030,Miguel García,PROD-003,3,10.90,0.00,TARJETA
VTA-003721,2026-07-09,07:33:15,CLI-030,Miguel García,PROD-004,1,3.50,0.00,TARJETA
VTA-003722,2026-07-09,07:42:19,CLI-051,Elena Castro,PROD-028,5,2.00,0.00,PLIN
VTA-003722,2026-07-09,07:42:19,CLI-051,Elena Castro,PROD-016,3,11.50,0.00,PLIN
VTA-003723,2026-07-09,18:29:51,CLI-005,Carmen Mendoza,PROD-028,2,2.00,0.00,EFECTIVO
VTA-003724,2026-07-09,15:40:39,CLI-069,Lucía Díaz,PROD-006,2,2.00,0.48,PLIN
VTA-003724,2026-07-09,15:40:39,CLI-069,Lucía Díaz,PROD-031,11,0.40,0.00,PLIN
VTA-003725,2026-07-09,17:45:38,CLI-015,Milagros Mendoza,PROD-020,3,6.50,0.00,PLIN
VTA-003725,2026-07-09,17:45:38,CLI-015,Milagros Mendoza,PROD-005,3,6.90,0.00,PLIN
VTA-003726,2026-07-09,16:38:12,CLI-061,Rosa Díaz,PROD-023,1,7.50,0.00,EFECTIVO
VTA-003726,2026-07-09,16:38:12,CLI-061,Rosa Díaz,PROD-001,1,5.20,0.23,EFECTIVO
VTA-003726,2026-07-09,16:38:12,CLI-061,Rosa Díaz,PROD-002,3,4.80,0.00,EFECTIVO
VTA-003726,2026-07-09,16:38:12,CLI-061,Rosa Díaz,PROD-017,4,8.50,2.20,EFECTIVO
VTA-003727,2026-07-10,15:05:22,CLI-077,Claudia Díaz,PROD-010,4,4.00,0.00,EFECTIVO
VTA-003727,2026-07-10,15:05:22,CLI-077,Claudia Díaz,PROD-006,6,2.00,0.00,EFECTIVO
VTA-003727,2026-07-10,15:05:22,CLI-077,Claudia Díaz,PROD-022,4,3.20,0.00,EFECTIVO
VTA-003728,2026-07-10,11:16:15,CLI-004,Luis Mendoza,PROD-004,6,3.50,0.00,EFECTIVO
VTA-003729,2026-07-10,16:33:51,CLI-069,Lucía Díaz,PROD-031,14,0.40,0.00,YAPE
VTA-003730,2026-07-10,15:39:43,CLI-008,Jorge Mendoza,PROD-015,5,8.90,0.00,PLIN
VTA-003730,2026-07-10,15:39:43,CLI-008,Jorge Mendoza,PROD-026,6,1.50,0.00,PLIN
VTA-003731,2026-07-10,20:00:20,CLI-034,Juan García,PROD-031,8,0.40,0.42,EFECTIVO
VTA-003732,2026-07-10,09:58:46,CLI-011,Elena Mendoza,PROD-020,4,6.50,0.00,PLIN
VTA-003732,2026-07-10,09:58:46,CLI-011,Elena Mendoza,PROD-026,5,1.50,0.74,PLIN
VTA-003732,2026-07-10,09:58:46,CLI-011,Elena Mendoza,PROD-001,1,5.20,0.00,PLIN
VTA-003733,2026-07-10,15:47:15,CLI-006,Carlos Mendoza,PROD-013,2,2.20,0.14,EFECTIVO
VTA-003734,2026-07-10,12:55:54,CLI-045,Carmen Castro,PROD-008,3,3.20,0.00,YAPE
VTA-003734,2026-07-10,12:55:54,CLI-045,Carmen Castro,PROD-016,4,11.50,0.00,YAPE
VTA-003734,2026-07-10,12:55:54,CLI-045,Carmen Castro,PROD-027,2,2.50,0.00,YAPE
VTA-003734,2026-07-10,12:55:54,CLI-045,Carmen Castro,PROD-013,6,2.20,0.00,YAPE
VTA-003735,2026-07-10,14:20:09,CLI-020,Marco Mendoza,PROD-031,4,0.40,0.00,PLIN
VTA-003736,2026-07-10,12:26:14,CLI-068,Jorge Díaz,PROD-023,1,7.50,0.00,EFECTIVO
VTA-003736,2026-07-10,12:26:14,CLI-068,Jorge Díaz,PROD-004,6,3.50,0.00,EFECTIVO
VTA-003737,2026-07-10,10:38:12,CLI-002,José Mendoza,PROD-029,4,2.80,0.00,YAPE
VTA-003737,2026-07-10,10:38:12,CLI-002,José Mendoza,PROD-016,3,11.50,0.00,YAPE
VTA-003738,2026-07-10,13:42:53,CLI-023,María García,PROD-016,4,11.50,0.00,EFECTIVO
VTA-003738,2026-07-10,13:42:53,CLI-023,María García,PROD-006,6,2.00,0.00,EFECTIVO
VTA-003738,2026-07-10,13:42:53,CLI-023,María García,PROD-022,1,3.20,0.00,EFECTIVO
VTA-003739,2026-07-10,09:49:05,CLI-094,Juan Rojas,PROD-029,3,2.80,0.00,EFECTIVO
VTA-003740,2026-07-10,10:17:36,CLI-029,Lucía García,PROD-004,4,3.50,0.00,TARJETA
VTA-003741,2026-07-10,13:33:37,CLI-004,Luis Mendoza,PROD-032,1,6.50,0.00,PLIN
VTA-003741,2026-07-10,13:33:37,CLI-004,Luis Mendoza,PROD-007,4,3.50,0.00,PLIN
VTA-003741,2026-07-10,13:33:37,CLI-004,Luis Mendoza,PROD-031,5,0.40,0.00,PLIN
VTA-003741,2026-07-10,13:33:37,CLI-004,Luis Mendoza,PROD-001,3,5.20,0.00,PLIN
VTA-003742,2026-07-10,13:10:21,CLI-013,Patricia Mendoza,PROD-031,7,0.40,0.00,YAPE
VTA-003742,2026-07-10,13:10:21,CLI-013,Patricia Mendoza,PROD-009,1,5.90,0.00,YAPE
VTA-003742,2026-07-10,13:10:21,CLI-013,Patricia Mendoza,PROD-027,3,2.50,0.00,YAPE
VTA-003743,2026-07-10,07:16:19,CLI-049,Lucía Castro,PROD-007,4,3.50,0.00,YAPE
VTA-003743,2026-07-10,07:16:19,CLI-049,Lucía Castro,PROD-013,3,2.20,0.00,YAPE
VTA-003743,2026-07-10,07:16:19,CLI-049,Lucía Castro,PROD-004,4,3.50,1.73,YAPE
VTA-003744,2026-07-10,17:16:47,CLI-035,Milagros García,PROD-026,1,1.50,0.00,TARJETA
VTA-003744,2026-07-10,17:16:47,CLI-035,Milagros García,PROD-012,2,7.90,0.00,TARJETA
VTA-003745,2026-07-10,20:32:34,CLI-005,Carmen Mendoza,PROD-009,2,5.90,0.00,PLIN
VTA-003745,2026-07-10,20:32:34,CLI-005,Carmen Mendoza,PROD-029,2,2.80,0.00,PLIN
VTA-003745,2026-07-10,20:32:34,CLI-005,Carmen Mendoza,PROD-023,6,7.50,4.72,PLIN
VTA-003746,2026-07-10,15:32:56,CLI-037,Claudia García,PROD-001,2,5.20,0.00,EFECTIVO
VTA-003746,2026-07-10,15:32:56,CLI-037,Claudia García,PROD-031,3,0.40,0.00,EFECTIVO
VTA-003746,2026-07-10,15:32:56,CLI-037,Claudia García,PROD-029,6,2.80,0.00,EFECTIVO
VTA-003747,2026-07-11,16:36:04,CLI-065,Carmen Díaz,PROD-006,2,2.00,0.00,YAPE
VTA-003748,2026-07-11,09:36:17,CLI-097,Claudia Rojas,PROD-026,6,1.50,0.00,EFECTIVO
VTA-003748,2026-07-11,09:36:17,CLI-097,Claudia Rojas,PROD-031,16,0.40,0.00,EFECTIVO
VTA-003748,2026-07-11,09:36:17,CLI-097,Claudia Rojas,PROD-010,5,4.00,2.52,EFECTIVO
VTA-003749,2026-07-11,20:04:52,CLI-022,José García,PROD-013,5,2.20,0.00,PLIN
VTA-003749,2026-07-11,20:04:52,CLI-022,José García,PROD-018,2,4.20,0.98,PLIN
VTA-003750,2026-07-11,20:08:48,CLI-095,Milagros Rojas,PROD-009,6,5.90,0.00,PLIN
VTA-003750,2026-07-11,20:08:48,CLI-095,Milagros Rojas,PROD-010,4,4.00,0.84,PLIN
VTA-003751,2026-07-11,12:59:20,CLI-050,Miguel Castro,PROD-007,6,3.50,0.00,PLIN
VTA-003751,2026-07-11,12:59:20,CLI-050,Miguel Castro,PROD-006,2,2.00,0.00,PLIN
VTA-003751,2026-07-11,12:59:20,CLI-050,Miguel Castro,PROD-002,3,4.80,0.00,PLIN
VTA-003751,2026-07-11,12:59:20,CLI-050,Miguel Castro,PROD-009,1,5.90,0.00,PLIN
VTA-003751,2026-07-11,12:59:20,CLI-050,Miguel Castro,PROD-034,1,4.50,0.00,PLIN
VTA-003752,2026-07-11,19:27:25,CLI-053,Patricia Castro,PROD-031,19,0.40,0.00,EFECTIVO
VTA-003752,2026-07-11,19:27:25,CLI-053,Patricia Castro,PROD-006,1,2.00,0.00,EFECTIVO
VTA-003752,2026-07-11,19:27:25,CLI-053,Patricia Castro,PROD-004,6,3.50,0.00,EFECTIVO
VTA-003753,2026-07-11,14:31:53,CLI-004,Luis Mendoza,PROD-007,3,3.50,0.00,EFECTIVO
VTA-003754,2026-07-11,17:12:00,CLI-003,María Mendoza,PROD-031,14,0.40,0.00,PLIN
VTA-003754,2026-07-11,17:12:00,CLI-003,María Mendoza,PROD-006,3,2.00,0.00,PLIN
VTA-003755,2026-07-11,08:16:47,CLI-043,María Castro,PROD-010,1,4.00,0.00,EFECTIVO
VTA-003756,2026-07-11,18:22:02,CLI-061,Rosa Díaz,PROD-027,4,2.50,0.00,EFECTIVO
VTA-003756,2026-07-11,18:22:02,CLI-061,Rosa Díaz,PROD-012,4,7.90,0.00,EFECTIVO
VTA-003757,2026-07-11,13:30:50,CLI-067,Ana Díaz,PROD-003,4,10.90,0.00,EFECTIVO
VTA-003758,2026-07-11,18:27:25,CLI-069,Lucía Díaz,PROD-017,5,8.50,0.00,EFECTIVO
VTA-003758,2026-07-11,18:27:25,CLI-069,Lucía Díaz,PROD-028,3,2.00,0.00,EFECTIVO
VTA-003759,2026-07-11,11:10:07,CLI-023,María García,PROD-006,2,2.00,0.00,YAPE
VTA-003760,2026-07-11,15:29:48,CLI-001,Rosa Mendoza,PROD-022,1,3.20,0.00,EFECTIVO
VTA-003761,2026-07-11,17:40:16,CLI-054,Juan Castro,PROD-009,1,5.90,0.67,PLIN
VTA-003762,2026-07-11,20:14:44,CLI-030,Miguel García,PROD-012,4,7.90,0.00,TARJETA
VTA-003762,2026-07-11,20:14:44,CLI-030,Miguel García,PROD-031,18,0.40,0.00,TARJETA
VTA-003762,2026-07-11,20:14:44,CLI-030,Miguel García,PROD-016,6,11.50,0.00,TARJETA
VTA-003762,2026-07-11,20:14:44,CLI-030,Miguel García,PROD-013,4,2.20,0.00,TARJETA
VTA-003763,2026-07-11,07:53:54,CLI-059,Diana Castro,PROD-031,11,0.40,0.00,EFECTIVO
VTA-003763,2026-07-11,07:53:54,CLI-059,Diana Castro,PROD-029,2,2.80,0.00,EFECTIVO
VTA-003764,2026-07-11,07:02:41,CLI-041,Rosa Castro,PROD-004,2,3.50,0.00,EFECTIVO
VTA-003764,2026-07-11,07:02:41,CLI-041,Rosa Castro,PROD-031,9,0.40,0.21,EFECTIVO
VTA-003765,2026-07-11,08:41:59,CLI-004,Luis Mendoza,PROD-001,2,5.20,0.00,YAPE
VTA-003766,2026-07-11,13:09:44,CLI-045,Carmen Castro,PROD-034,6,4.50,0.00,YAPE
VTA-003766,2026-07-11,13:09:44,CLI-045,Carmen Castro,PROD-031,15,0.40,0.00,YAPE
VTA-003767,2026-07-11,11:20:03,CLI-031,Elena García,PROD-026,5,1.50,0.00,EFECTIVO
VTA-003767,2026-07-11,11:20:03,CLI-031,Elena García,PROD-027,4,2.50,0.00,EFECTIVO
VTA-003767,2026-07-11,11:20:03,CLI-031,Elena García,PROD-034,2,4.50,0.00,EFECTIVO
VTA-003767,2026-07-11,11:20:03,CLI-031,Elena García,PROD-003,1,10.90,0.00,EFECTIVO
VTA-003767,2026-07-11,11:20:03,CLI-031,Elena García,PROD-013,1,2.20,0.00,EFECTIVO
VTA-003768,2026-07-11,16:26:48,CLI-039,Diana García,PROD-027,3,2.50,0.00,EFECTIVO
VTA-003768,2026-07-11,16:26:48,CLI-039,Diana García,PROD-016,4,11.50,0.00,EFECTIVO
VTA-003768,2026-07-11,16:26:48,CLI-039,Diana García,PROD-028,4,2.00,0.00,EFECTIVO
VTA-003769,2026-07-11,15:22:07,CLI-002,José Mendoza,PROD-006,2,2.00,0.00,EFECTIVO
VTA-003769,2026-07-11,15:22:07,CLI-002,José Mendoza,PROD-026,5,1.50,0.69,EFECTIVO
VTA-003770,2026-07-11,12:52:30,CLI-005,Carmen Mendoza,PROD-022,4,3.20,0.00,EFECTIVO
VTA-003771,2026-07-11,20:32:17,CLI-013,Patricia Mendoza,PROD-018,4,4.20,0.00,YAPE
VTA-003771,2026-07-11,20:32:17,CLI-013,Patricia Mendoza,PROD-019,1,8.90,0.00,YAPE
VTA-003771,2026-07-11,20:32:17,CLI-013,Patricia Mendoza,PROD-028,4,2.00,0.00,YAPE
VTA-003772,2026-07-11,10:54:16,CLI-002,José Mendoza,PROD-006,5,2.00,0.00,YAPE
VTA-003772,2026-07-11,10:54:16,CLI-002,José Mendoza,PROD-012,4,7.90,4.39,YAPE
VTA-003772,2026-07-11,10:54:16,CLI-002,José Mendoza,PROD-031,5,0.40,0.00,YAPE
VTA-003773,2026-07-11,19:28:54,CLI-047,Ana Castro,PROD-033,6,9.90,0.00,EFECTIVO
VTA-003773,2026-07-11,19:28:54,CLI-047,Ana Castro,PROD-013,4,2.20,0.00,EFECTIVO
VTA-003773,2026-07-11,19:28:54,CLI-047,Ana Castro,PROD-004,6,3.50,0.00,EFECTIVO
VTA-003774,2026-07-12,21:18:08,CLI-052,Pedro Castro,PROD-009,5,5.90,0.00,YAPE
VTA-003775,2026-07-12,13:10:26,CLI-007,Ana Mendoza,PROD-005,4,6.90,0.00,TARJETA
VTA-003775,2026-07-12,13:10:26,CLI-007,Ana Mendoza,PROD-009,5,5.90,0.00,TARJETA
VTA-003776,2026-07-12,08:04:13,CLI-009,Lucía Mendoza,PROD-031,13,0.40,0.00,EFECTIVO
VTA-003777,2026-07-12,14:31:51,CLI-020,Marco Mendoza,PROD-002,1,4.80,0.00,TARJETA
VTA-003778,2026-07-12,16:52:11,CLI-014,Juan Mendoza,PROD-021,2,14.90,0.00,EFECTIVO
VTA-003778,2026-07-12,16:52:11,CLI-014,Juan Mendoza,PROD-005,4,6.90,0.00,EFECTIVO
VTA-003778,2026-07-12,16:52:11,CLI-014,Juan Mendoza,PROD-002,4,4.80,0.00,EFECTIVO
VTA-003779,2026-07-12,13:50:03,CLI-058,Renzo Castro,PROD-006,4,2.00,0.00,YAPE
VTA-003779,2026-07-12,13:50:03,CLI-058,Renzo Castro,PROD-027,6,2.50,0.00,YAPE
VTA-003780,2026-07-12,11:52:33,CLI-026,Carlos García,PROD-031,13,0.40,0.00,EFECTIVO
VTA-003780,2026-07-12,11:52:33,CLI-026,Carlos García,PROD-006,6,2.00,0.00,EFECTIVO
VTA-003780,2026-07-12,11:52:33,CLI-026,Carlos García,PROD-002,5,4.80,0.00,EFECTIVO
VTA-003780,2026-07-12,11:52:33,CLI-026,Carlos García,PROD-016,3,11.50,0.00,EFECTIVO
VTA-003780,2026-07-12,11:52:33,CLI-026,Carlos García,PROD-032,5,6.50,0.00,EFECTIVO
VTA-003781,2026-07-12,08:42:47,CLI-094,Juan Rojas,PROD-008,1,3.20,0.00,EFECTIVO
VTA-003781,2026-07-12,08:42:47,CLI-094,Juan Rojas,PROD-006,1,2.00,0.00,EFECTIVO
VTA-003782,2026-07-12,21:23:14,CLI-069,Lucía Díaz,PROD-029,1,2.80,0.00,TARJETA
VTA-003783,2026-07-12,13:09:04,CLI-097,Claudia Rojas,PROD-002,3,4.80,0.00,YAPE
VTA-003783,2026-07-12,13:09:04,CLI-097,Claudia Rojas,PROD-006,1,2.00,0.00,YAPE
VTA-003783,2026-07-12,13:09:04,CLI-097,Claudia Rojas,PROD-023,5,7.50,3.70,YAPE
VTA-003783,2026-07-12,13:09:04,CLI-097,Claudia Rojas,PROD-026,6,1.50,0.00,YAPE
VTA-003783,2026-07-12,13:09:04,CLI-097,Claudia Rojas,PROD-022,6,3.20,0.00,YAPE
VTA-003784,2026-07-12,10:28:16,CLI-064,Luis Díaz,PROD-010,1,4.00,0.00,YAPE
VTA-003785,2026-07-12,13:20:40,CLI-079,Diana Díaz,PROD-031,14,0.40,0.00,PLIN
VTA-003785,2026-07-12,13:20:40,CLI-079,Diana Díaz,PROD-008,3,3.20,0.00,PLIN
VTA-003785,2026-07-12,13:20:40,CLI-079,Diana Díaz,PROD-029,1,2.80,0.14,PLIN
VTA-003786,2026-07-12,19:06:54,CLI-045,Carmen Castro,PROD-023,3,7.50,0.00,TARJETA
VTA-003786,2026-07-12,19:06:54,CLI-045,Carmen Castro,PROD-026,5,1.50,0.00,TARJETA
VTA-003787,2026-07-12,11:22:06,CLI-065,Carmen Díaz,PROD-001,4,5.20,0.00,PLIN
VTA-003788,2026-07-12,14:13:00,CLI-005,Carmen Mendoza,PROD-018,2,4.20,0.00,YAPE
VTA-003789,2026-07-12,17:21:59,CLI-082,José Rojas,PROD-020,1,6.50,0.00,TARJETA
VTA-003789,2026-07-12,17:21:59,CLI-082,José Rojas,PROD-026,4,1.50,0.00,TARJETA
VTA-003789,2026-07-12,17:21:59,CLI-082,José Rojas,PROD-010,1,4.00,0.00,TARJETA
VTA-003790,2026-07-12,15:09:51,CLI-081,Rosa Rojas,PROD-014,5,9.50,0.00,PLIN
VTA-003790,2026-07-12,15:09:51,CLI-081,Rosa Rojas,PROD-007,1,3.50,0.00,PLIN
VTA-003790,2026-07-12,15:09:51,CLI-081,Rosa Rojas,PROD-029,4,2.80,0.00,PLIN
VTA-003791,2026-07-12,18:18:19,CLI-012,Pedro Mendoza,PROD-029,5,2.80,0.00,EFECTIVO
VTA-003792,2026-07-12,20:23:24,CLI-029,Lucía García,PROD-007,3,3.50,0.00,TARJETA
VTA-003793,2026-07-12,08:43:59,CLI-009,Lucía Mendoza,PROD-008,1,3.20,0.00,EFECTIVO
VTA-003794,2026-07-12,14:24:01,CLI-040,Marco García,PROD-029,3,2.80,0.00,YAPE
VTA-003794,2026-07-12,14:24:01,CLI-040,Marco García,PROD-004,5,3.50,0.00,YAPE
VTA-003794,2026-07-12,14:24:01,CLI-040,Marco García,PROD-002,4,4.80,0.00,YAPE
VTA-003794,2026-07-12,14:24:01,CLI-040,Marco García,PROD-033,2,9.90,0.00,YAPE
VTA-003794,2026-07-12,14:24:01,CLI-040,Marco García,PROD-014,1,9.50,0.00,YAPE
VTA-003795,2026-07-12,08:26:53,CLI-008,Jorge Mendoza,PROD-022,4,3.20,0.00,YAPE
VTA-003795,2026-07-12,08:26:53,CLI-008,Jorge Mendoza,PROD-003,3,10.90,0.00,YAPE
VTA-003795,2026-07-12,08:26:53,CLI-008,Jorge Mendoza,PROD-032,4,6.50,3.27,YAPE
VTA-003795,2026-07-12,08:26:53,CLI-008,Jorge Mendoza,PROD-028,5,2.00,0.00,YAPE
VTA-003795,2026-07-12,08:26:53,CLI-008,Jorge Mendoza,PROD-008,4,3.20,0.00,YAPE
VTA-003796,2026-07-12,09:20:21,CLI-024,Luis García,PROD-006,3,2.00,0.00,PLIN
VTA-003796,2026-07-12,09:20:21,CLI-024,Luis García,PROD-002,4,4.80,0.00,PLIN
VTA-003796,2026-07-12,09:20:21,CLI-024,Luis García,PROD-029,6,2.80,0.38,PLIN
VTA-003796,2026-07-12,09:20:21,CLI-024,Luis García,PROD-011,5,4.50,0.00,PLIN
VTA-003797,2026-07-13,16:23:21,CLI-066,Carlos Díaz,PROD-006,5,2.00,0.00,EFECTIVO
VTA-003798,2026-07-13,09:11:51,CLI-099,Diana Rojas,PROD-002,1,4.80,0.00,YAPE
VTA-003799,2026-07-13,20:03:48,CLI-038,Renzo García,PROD-003,2,10.90,0.00,EFECTIVO
VTA-003799,2026-07-13,20:03:48,CLI-038,Renzo García,PROD-028,6,2.00,0.00,EFECTIVO
VTA-003800,2026-07-13,08:31:10,CLI-061,Rosa Díaz,PROD-033,4,9.90,0.00,EFECTIVO
VTA-003800,2026-07-13,08:31:10,CLI-061,Rosa Díaz,PROD-019,2,8.90,0.00,EFECTIVO
VTA-003800,2026-07-13,08:31:10,CLI-061,Rosa Díaz,PROD-016,2,11.50,0.00,EFECTIVO
VTA-003800,2026-07-13,08:31:10,CLI-061,Rosa Díaz,PROD-009,6,5.90,0.00,EFECTIVO
VTA-003801,2026-07-13,21:13:00,CLI-051,Elena Castro,PROD-023,4,7.50,0.00,YAPE
VTA-003801,2026-07-13,21:13:00,CLI-051,Elena Castro,PROD-015,1,8.90,0.84,YAPE
VTA-003801,2026-07-13,21:13:00,CLI-051,Elena Castro,PROD-003,3,10.90,1.93,YAPE
VTA-003802,2026-07-13,11:29:39,CLI-003,María Mendoza,PROD-032,3,6.50,0.00,YAPE
VTA-003802,2026-07-13,11:29:39,CLI-003,María Mendoza,PROD-026,6,1.50,0.00,YAPE
VTA-003803,2026-07-13,21:38:36,CLI-051,Elena Castro,PROD-019,3,8.90,0.00,EFECTIVO
VTA-003803,2026-07-13,21:38:36,CLI-051,Elena Castro,PROD-034,6,4.50,0.00,EFECTIVO
VTA-003803,2026-07-13,21:38:36,CLI-051,Elena Castro,PROD-012,5,7.90,0.00,EFECTIVO
VTA-003804,2026-07-13,21:11:48,CLI-038,Renzo García,PROD-013,3,2.20,0.00,PLIN
VTA-003804,2026-07-13,21:11:48,CLI-038,Renzo García,PROD-028,2,2.00,0.00,PLIN
VTA-003804,2026-07-13,21:11:48,CLI-038,Renzo García,PROD-005,3,6.90,0.00,PLIN
VTA-003805,2026-07-13,09:08:02,CLI-063,María Díaz,PROD-023,4,7.50,0.00,EFECTIVO
VTA-003805,2026-07-13,09:08:02,CLI-063,María Díaz,PROD-028,1,2.00,0.00,EFECTIVO
VTA-003806,2026-07-13,13:19:00,CLI-036,Víctor García,PROD-033,1,9.90,0.00,EFECTIVO
VTA-003806,2026-07-13,13:19:00,CLI-036,Víctor García,PROD-003,6,10.90,0.00,EFECTIVO
VTA-003807,2026-07-13,16:29:20,CLI-079,Diana Díaz,PROD-020,5,6.50,0.00,PLIN
VTA-003807,2026-07-13,16:29:20,CLI-079,Diana Díaz,PROD-012,2,7.90,0.00,PLIN
VTA-003807,2026-07-13,16:29:20,CLI-079,Diana Díaz,PROD-027,1,2.50,0.00,PLIN
VTA-003808,2026-07-13,12:56:16,CLI-006,Carlos Mendoza,PROD-026,1,1.50,0.00,YAPE
VTA-003808,2026-07-13,12:56:16,CLI-006,Carlos Mendoza,PROD-032,5,6.50,0.00,YAPE
VTA-003809,2026-07-13,11:39:35,CLI-014,Juan Mendoza,PROD-007,1,3.50,0.00,YAPE
VTA-003809,2026-07-13,11:39:35,CLI-014,Juan Mendoza,PROD-011,6,4.50,0.00,YAPE
VTA-003809,2026-07-13,11:39:35,CLI-014,Juan Mendoza,PROD-004,6,3.50,0.00,YAPE
VTA-003809,2026-07-13,11:39:35,CLI-014,Juan Mendoza,PROD-022,4,3.20,0.00,YAPE
VTA-003810,2026-07-13,19:32:47,CLI-027,Ana García,PROD-008,5,3.20,0.00,EFECTIVO
VTA-003810,2026-07-13,19:32:47,CLI-027,Ana García,PROD-005,6,6.90,0.00,EFECTIVO
VTA-003810,2026-07-13,19:32:47,CLI-027,Ana García,PROD-011,2,4.50,0.00,EFECTIVO
VTA-003811,2026-07-14,20:41:45,CLI-041,Rosa Castro,PROD-010,3,4.00,0.00,TARJETA
VTA-003811,2026-07-14,20:41:45,CLI-041,Rosa Castro,PROD-031,3,0.40,0.00,TARJETA
VTA-003812,2026-07-14,14:30:00,CLI-010,Miguel Mendoza,PROD-028,5,2.00,0.00,PLIN
VTA-003812,2026-07-14,14:30:00,CLI-010,Miguel Mendoza,PROD-013,6,2.20,0.00,PLIN
VTA-003813,2026-07-14,10:29:07,CLI-003,María Mendoza,PROD-001,3,5.20,1.37,YAPE
VTA-003813,2026-07-14,10:29:07,CLI-003,María Mendoza,PROD-007,1,3.50,0.00,YAPE
VTA-003814,2026-07-14,20:21:39,CLI-058,Renzo Castro,PROD-011,3,4.50,0.00,TARJETA
VTA-003815,2026-07-14,10:03:59,CLI-008,Jorge Mendoza,PROD-019,2,8.90,0.00,YAPE
VTA-003815,2026-07-14,10:03:59,CLI-008,Jorge Mendoza,PROD-006,1,2.00,0.10,YAPE
VTA-003816,2026-07-14,20:23:07,CLI-078,Renzo Díaz,PROD-010,2,4.00,0.00,EFECTIVO
VTA-003816,2026-07-14,20:23:07,CLI-078,Renzo Díaz,PROD-022,1,3.20,0.00,EFECTIVO
VTA-003816,2026-07-14,20:23:07,CLI-078,Renzo Díaz,PROD-033,1,9.90,0.00,EFECTIVO
VTA-003816,2026-07-14,20:23:07,CLI-078,Renzo Díaz,PROD-026,5,1.50,0.00,EFECTIVO
VTA-003817,2026-07-14,08:56:07,CLI-001,Rosa Mendoza,PROD-002,3,4.80,1.59,YAPE
VTA-003817,2026-07-14,08:56:07,CLI-001,Rosa Mendoza,PROD-005,5,6.90,0.00,YAPE
VTA-003818,2026-07-14,18:10:43,CLI-005,Carmen Mendoza,PROD-028,4,2.00,0.00,EFECTIVO
VTA-003818,2026-07-14,18:10:43,CLI-005,Carmen Mendoza,PROD-002,5,4.80,0.00,EFECTIVO
VTA-003818,2026-07-14,18:10:43,CLI-005,Carmen Mendoza,PROD-034,1,4.50,0.00,EFECTIVO
VTA-003818,2026-07-14,18:10:43,CLI-005,Carmen Mendoza,PROD-007,1,3.50,0.00,EFECTIVO
VTA-003819,2026-07-14,18:10:33,CLI-001,Rosa Mendoza,PROD-001,6,5.20,0.00,TARJETA
VTA-003819,2026-07-14,18:10:33,CLI-001,Rosa Mendoza,PROD-020,4,6.50,0.00,TARJETA
VTA-003820,2026-07-14,15:15:13,CLI-002,José Mendoza,PROD-016,1,11.50,0.00,EFECTIVO
VTA-003821,2026-07-14,21:07:21,CLI-014,Juan Mendoza,PROD-031,6,0.40,0.00,YAPE
VTA-003821,2026-07-14,21:07:21,CLI-014,Juan Mendoza,PROD-022,4,3.20,0.00,YAPE
VTA-003821,2026-07-14,21:07:21,CLI-014,Juan Mendoza,PROD-010,4,4.00,0.00,YAPE
VTA-003821,2026-07-14,21:07:21,CLI-014,Juan Mendoza,PROD-004,1,3.50,0.00,YAPE
VTA-003822,2026-07-14,13:01:04,CLI-087,Ana Rojas,PROD-010,1,4.00,0.00,TARJETA
VTA-003822,2026-07-14,13:01:04,CLI-087,Ana Rojas,PROD-011,4,4.50,0.00,TARJETA
VTA-003823,2026-07-14,16:17:18,CLI-061,Rosa Díaz,PROD-006,5,2.00,0.00,TARJETA
VTA-003824,2026-07-14,09:36:37,CLI-031,Elena García,PROD-008,3,3.20,0.00,EFECTIVO
VTA-003824,2026-07-14,09:36:37,CLI-031,Elena García,PROD-001,2,5.20,0.00,EFECTIVO
VTA-003825,2026-07-14,14:17:54,CLI-009,Lucía Mendoza,PROD-031,14,0.40,0.00,YAPE
VTA-003825,2026-07-14,14:17:54,CLI-009,Lucía Mendoza,PROD-017,3,8.50,0.00,YAPE
VTA-003825,2026-07-14,14:17:54,CLI-009,Lucía Mendoza,PROD-011,2,4.50,0.00,YAPE
VTA-003826,2026-07-14,16:33:09,CLI-029,Lucía García,PROD-027,6,2.50,0.00,EFECTIVO
VTA-003826,2026-07-14,16:33:09,CLI-029,Lucía García,PROD-017,4,8.50,0.00,EFECTIVO
VTA-003826,2026-07-14,16:33:09,CLI-029,Lucía García,PROD-013,5,2.20,0.00,EFECTIVO
VTA-003827,2026-07-14,18:16:38,CLI-035,Milagros García,PROD-003,4,10.90,0.00,EFECTIVO
VTA-003827,2026-07-14,18:16:38,CLI-035,Milagros García,PROD-018,2,4.20,0.00,EFECTIVO
VTA-003828,2026-07-14,09:55:45,CLI-019,Diana Mendoza,PROD-015,2,8.90,2.61,YAPE
VTA-003828,2026-07-14,09:55:45,CLI-019,Diana Mendoza,PROD-012,1,7.90,0.31,YAPE
VTA-003828,2026-07-14,09:55:45,CLI-019,Diana Mendoza,PROD-005,2,6.90,0.00,YAPE
VTA-003828,2026-07-14,09:55:45,CLI-019,Diana Mendoza,PROD-004,3,3.50,0.00,YAPE
VTA-003829,2026-07-14,10:57:59,CLI-021,Rosa García,PROD-027,2,2.50,0.43,EFECTIVO
VTA-003829,2026-07-14,10:57:59,CLI-021,Rosa García,PROD-002,2,4.80,0.00,EFECTIVO
VTA-003829,2026-07-14,10:57:59,CLI-021,Rosa García,PROD-026,6,1.50,0.00,EFECTIVO
VTA-003829,2026-07-14,10:57:59,CLI-021,Rosa García,PROD-007,2,3.50,0.92,EFECTIVO
VTA-003830,2026-07-14,15:30:35,CLI-052,Pedro Castro,PROD-028,5,2.00,0.00,EFECTIVO
VTA-003830,2026-07-14,15:30:35,CLI-052,Pedro Castro,PROD-009,3,5.90,0.00,EFECTIVO
VTA-003831,2026-07-15,11:55:38,CLI-089,Lucía Rojas,PROD-026,1,1.50,0.00,YAPE
VTA-003831,2026-07-15,11:55:38,CLI-089,Lucía Rojas,PROD-002,6,4.80,0.00,YAPE
VTA-003832,2026-07-15,16:27:02,CLI-065,Carmen Díaz,PROD-013,6,2.20,0.00,PLIN
VTA-003832,2026-07-15,16:27:02,CLI-065,Carmen Díaz,PROD-027,5,2.50,0.00,PLIN
VTA-003833,2026-07-15,20:20:19,CLI-045,Carmen Castro,PROD-026,3,1.50,0.00,YAPE
VTA-003834,2026-07-15,10:54:10,CLI-005,Carmen Mendoza,PROD-003,3,10.90,0.00,EFECTIVO
VTA-003834,2026-07-15,10:54:10,CLI-005,Carmen Mendoza,PROD-031,17,0.40,0.00,EFECTIVO
VTA-003834,2026-07-15,10:54:10,CLI-005,Carmen Mendoza,PROD-032,5,6.50,0.00,EFECTIVO
VTA-003835,2026-07-15,07:09:24,CLI-011,Elena Mendoza,PROD-031,16,0.40,0.00,EFECTIVO
VTA-003836,2026-07-15,19:44:06,CLI-004,Luis Mendoza,PROD-027,6,2.50,0.00,EFECTIVO
VTA-003836,2026-07-15,19:44:06,CLI-004,Luis Mendoza,PROD-004,3,3.50,0.00,EFECTIVO
VTA-003836,2026-07-15,19:44:06,CLI-004,Luis Mendoza,PROD-012,5,7.90,0.00,EFECTIVO
VTA-003837,2026-07-15,14:06:13,CLI-092,Pedro Rojas,PROD-007,2,3.50,0.00,EFECTIVO
VTA-003837,2026-07-15,14:06:13,CLI-092,Pedro Rojas,PROD-033,5,9.90,3.03,EFECTIVO
VTA-003838,2026-07-15,15:03:05,CLI-050,Miguel Castro,PROD-031,3,0.40,0.00,YAPE
VTA-003839,2026-07-15,17:58:56,CLI-057,Claudia Castro,PROD-019,6,8.90,3.99,TARJETA
VTA-003839,2026-07-15,17:58:56,CLI-057,Claudia Castro,PROD-007,3,3.50,1.55,TARJETA
VTA-003839,2026-07-15,17:58:56,CLI-057,Claudia Castro,PROD-031,4,0.40,0.11,TARJETA
VTA-003839,2026-07-15,17:58:56,CLI-057,Claudia Castro,PROD-001,3,5.20,0.00,TARJETA
VTA-003840,2026-07-15,12:19:31,CLI-042,José Castro,PROD-011,5,4.50,0.00,EFECTIVO
VTA-003841,2026-07-15,16:11:28,CLI-063,María Díaz,PROD-003,3,10.90,0.00,EFECTIVO
VTA-003841,2026-07-15,16:11:28,CLI-063,María Díaz,PROD-032,2,6.50,0.00,EFECTIVO
VTA-003841,2026-07-15,16:11:28,CLI-063,María Díaz,PROD-012,4,7.90,0.00,EFECTIVO
VTA-003842,2026-07-15,08:18:48,CLI-011,Elena Mendoza,PROD-031,10,0.40,0.00,EFECTIVO
VTA-003842,2026-07-15,08:18:48,CLI-011,Elena Mendoza,PROD-006,5,2.00,0.00,EFECTIVO
VTA-003843,2026-07-15,15:59:58,CLI-018,Renzo Mendoza,PROD-032,4,6.50,0.00,EFECTIVO
VTA-003843,2026-07-15,15:59:58,CLI-018,Renzo Mendoza,PROD-028,4,2.00,0.00,EFECTIVO
VTA-003843,2026-07-15,15:59:58,CLI-018,Renzo Mendoza,PROD-017,5,8.50,0.00,EFECTIVO
VTA-003844,2026-07-15,21:45:17,CLI-061,Rosa Díaz,PROD-001,3,5.20,1.32,EFECTIVO
VTA-003844,2026-07-15,21:45:17,CLI-061,Rosa Díaz,PROD-011,1,4.50,0.00,EFECTIVO
VTA-003845,2026-07-15,21:49:02,CLI-058,Renzo Castro,PROD-003,3,10.90,0.00,YAPE
VTA-003846,2026-07-15,21:32:37,CLI-001,Rosa Mendoza,PROD-001,4,5.20,0.00,YAPE
VTA-003846,2026-07-15,21:32:37,CLI-001,Rosa Mendoza,PROD-032,1,6.50,0.00,YAPE
VTA-003846,2026-07-15,21:32:37,CLI-001,Rosa Mendoza,PROD-020,1,6.50,0.00,YAPE
VTA-003847,2026-07-15,12:48:28,CLI-003,María Mendoza,PROD-031,10,0.40,0.00,EFECTIVO
VTA-003848,2026-07-15,07:03:57,CLI-054,Juan Castro,PROD-022,5,3.20,1.12,YAPE
VTA-003848,2026-07-15,07:03:57,CLI-054,Juan Castro,PROD-003,1,10.90,0.00,YAPE
VTA-003849,2026-07-15,07:41:09,CLI-007,Ana Mendoza,PROD-001,4,5.20,0.00,YAPE
VTA-003849,2026-07-15,07:41:09,CLI-007,Ana Mendoza,PROD-013,4,2.20,0.40,YAPE
VTA-003849,2026-07-15,07:41:09,CLI-007,Ana Mendoza,PROD-010,4,4.00,0.00,YAPE
VTA-003850,2026-07-16,20:46:49,CLI-054,Juan Castro,PROD-026,2,1.50,0.00,PLIN
VTA-003850,2026-07-16,20:46:49,CLI-054,Juan Castro,PROD-029,6,2.80,0.00,PLIN
VTA-003850,2026-07-16,20:46:49,CLI-054,Juan Castro,PROD-033,4,9.90,0.00,PLIN
VTA-003851,2026-07-16,10:29:07,CLI-001,Rosa Mendoza,PROD-008,3,3.20,0.00,EFECTIVO
VTA-003852,2026-07-16,09:50:48,CLI-049,Lucía Castro,PROD-001,2,5.20,0.00,PLIN
VTA-003852,2026-07-16,09:50:48,CLI-049,Lucía Castro,PROD-031,9,0.40,0.00,PLIN
VTA-003853,2026-07-16,12:23:14,CLI-008,Jorge Mendoza,PROD-031,4,0.40,0.00,EFECTIVO
VTA-003853,2026-07-16,12:23:14,CLI-008,Jorge Mendoza,PROD-033,4,9.90,0.00,EFECTIVO
VTA-003854,2026-07-16,08:15:01,CLI-005,Carmen Mendoza,PROD-024,5,12.90,0.00,EFECTIVO
VTA-003855,2026-07-16,08:02:55,CLI-100,Marco Rojas,PROD-022,6,3.20,0.00,EFECTIVO
VTA-003855,2026-07-16,08:02:55,CLI-100,Marco Rojas,PROD-026,6,1.50,0.00,EFECTIVO
VTA-003855,2026-07-16,08:02:55,CLI-100,Marco Rojas,PROD-001,6,5.20,0.00,EFECTIVO
VTA-003856,2026-07-16,21:34:37,CLI-005,Carmen Mendoza,PROD-012,4,7.90,0.00,EFECTIVO
VTA-003856,2026-07-16,21:34:37,CLI-005,Carmen Mendoza,PROD-006,3,2.00,0.00,EFECTIVO
VTA-003856,2026-07-16,21:34:37,CLI-005,Carmen Mendoza,PROD-001,6,5.20,3.98,EFECTIVO
VTA-003856,2026-07-16,21:34:37,CLI-005,Carmen Mendoza,PROD-027,6,2.50,0.00,EFECTIVO
VTA-003856,2026-07-16,21:34:37,CLI-005,Carmen Mendoza,PROD-003,2,10.90,0.00,EFECTIVO
VTA-003857,2026-07-16,14:40:43,CLI-080,Marco Díaz,PROD-028,3,2.00,0.00,TARJETA
VTA-003858,2026-07-16,11:58:49,CLI-005,Carmen Mendoza,PROD-031,11,0.40,0.00,YAPE
VTA-003858,2026-07-16,11:58:49,CLI-005,Carmen Mendoza,PROD-032,6,6.50,0.00,YAPE
VTA-003858,2026-07-16,11:58:49,CLI-005,Carmen Mendoza,PROD-001,5,5.20,0.00,YAPE
VTA-003859,2026-07-16,19:33:12,CLI-062,José Díaz,PROD-005,3,6.90,0.00,PLIN
VTA-003859,2026-07-16,19:33:12,CLI-062,José Díaz,PROD-004,3,3.50,0.00,PLIN
VTA-003859,2026-07-16,19:33:12,CLI-062,José Díaz,PROD-020,6,6.50,0.00,PLIN
VTA-003860,2026-07-16,07:53:39,CLI-016,Víctor Mendoza,PROD-012,5,7.90,1.57,YAPE
VTA-003861,2026-07-16,21:12:38,CLI-026,Carlos García,PROD-015,3,8.90,0.00,EFECTIVO
VTA-003861,2026-07-16,21:12:38,CLI-026,Carlos García,PROD-026,2,1.50,0.39,EFECTIVO
VTA-003861,2026-07-16,21:12:38,CLI-026,Carlos García,PROD-009,1,5.90,0.00,EFECTIVO
VTA-003862,2026-07-16,20:12:11,CLI-014,Juan Mendoza,PROD-019,2,8.90,0.00,YAPE
VTA-003862,2026-07-16,20:12:11,CLI-014,Juan Mendoza,PROD-031,9,0.40,0.00,YAPE
VTA-003863,2026-07-16,07:15:31,CLI-007,Ana Mendoza,PROD-013,1,2.20,0.00,EFECTIVO
VTA-003863,2026-07-16,07:15:31,CLI-007,Ana Mendoza,PROD-008,5,3.20,0.00,EFECTIVO
VTA-003864,2026-07-16,20:46:22,CLI-002,José Mendoza,PROD-034,1,4.50,0.00,EFECTIVO
VTA-003864,2026-07-16,20:46:22,CLI-002,José Mendoza,PROD-010,4,4.00,0.00,EFECTIVO
VTA-003864,2026-07-16,20:46:22,CLI-002,José Mendoza,PROD-031,11,0.40,0.00,EFECTIVO
VTA-003865,2026-07-16,14:48:21,CLI-052,Pedro Castro,PROD-034,2,4.50,0.00,EFECTIVO
VTA-003866,2026-07-17,20:27:04,CLI-038,Renzo García,PROD-033,6,9.90,0.00,EFECTIVO
VTA-003866,2026-07-17,20:27:04,CLI-038,Renzo García,PROD-007,1,3.50,0.00,EFECTIVO
VTA-003866,2026-07-17,20:27:04,CLI-038,Renzo García,PROD-026,4,1.50,0.00,EFECTIVO
VTA-003867,2026-07-17,21:19:20,CLI-007,Ana Mendoza,PROD-013,3,2.20,0.00,EFECTIVO
VTA-003867,2026-07-17,21:19:20,CLI-007,Ana Mendoza,PROD-001,1,5.20,0.00,EFECTIVO
VTA-003867,2026-07-17,21:19:20,CLI-007,Ana Mendoza,PROD-010,6,4.00,0.00,EFECTIVO
VTA-003868,2026-07-17,11:56:15,CLI-054,Juan Castro,PROD-006,3,2.00,0.00,YAPE
VTA-003868,2026-07-17,11:56:15,CLI-054,Juan Castro,PROD-026,3,1.50,0.00,YAPE
VTA-003868,2026-07-17,11:56:15,CLI-054,Juan Castro,PROD-011,3,4.50,0.00,YAPE
VTA-003868,2026-07-17,11:56:15,CLI-054,Juan Castro,PROD-020,6,6.50,0.00,YAPE
VTA-003868,2026-07-17,11:56:15,CLI-054,Juan Castro,PROD-028,4,2.00,0.00,YAPE
VTA-003869,2026-07-17,21:55:36,CLI-014,Juan Mendoza,PROD-007,6,3.50,0.00,EFECTIVO
VTA-003869,2026-07-17,21:55:36,CLI-014,Juan Mendoza,PROD-019,4,8.90,0.00,EFECTIVO
VTA-003869,2026-07-17,21:55:36,CLI-014,Juan Mendoza,PROD-001,3,5.20,1.94,EFECTIVO
VTA-003869,2026-07-17,21:55:36,CLI-014,Juan Mendoza,PROD-012,5,7.90,0.00,EFECTIVO
VTA-003870,2026-07-17,08:51:51,CLI-053,Patricia Castro,PROD-011,2,4.50,0.00,YAPE
VTA-003871,2026-07-17,19:17:34,CLI-059,Diana Castro,PROD-006,5,2.00,0.00,EFECTIVO
VTA-003871,2026-07-17,19:17:34,CLI-059,Diana Castro,PROD-026,1,1.50,0.00,EFECTIVO
VTA-003872,2026-07-17,14:00:41,CLI-023,María García,PROD-011,1,4.50,0.00,YAPE
VTA-003872,2026-07-17,14:00:41,CLI-023,María García,PROD-013,6,2.20,0.00,YAPE
VTA-003873,2026-07-17,21:46:43,CLI-013,Patricia Mendoza,PROD-019,1,8.90,0.00,YAPE
VTA-003873,2026-07-17,21:46:43,CLI-013,Patricia Mendoza,PROD-001,3,5.20,0.85,YAPE
VTA-003873,2026-07-17,21:46:43,CLI-013,Patricia Mendoza,PROD-011,4,4.50,0.00,YAPE
VTA-003874,2026-07-17,19:26:56,CLI-032,Pedro García,PROD-003,3,10.90,0.00,YAPE
VTA-003874,2026-07-17,19:26:56,CLI-032,Pedro García,PROD-028,3,2.00,0.00,YAPE
VTA-003874,2026-07-17,19:26:56,CLI-032,Pedro García,PROD-019,2,8.90,0.00,YAPE
VTA-003874,2026-07-17,19:26:56,CLI-032,Pedro García,PROD-011,3,4.50,0.00,YAPE
VTA-003875,2026-07-17,15:33:11,CLI-003,María Mendoza,PROD-007,3,3.50,0.00,YAPE
VTA-003876,2026-07-17,20:32:14,CLI-083,María Rojas,PROD-011,6,4.50,0.00,EFECTIVO
VTA-003876,2026-07-17,20:32:14,CLI-083,María Rojas,PROD-031,2,0.40,0.00,EFECTIVO
VTA-003876,2026-07-17,20:32:14,CLI-083,María Rojas,PROD-017,4,8.50,0.00,EFECTIVO
VTA-003877,2026-07-17,11:48:30,CLI-069,Lucía Díaz,PROD-004,5,3.50,0.00,YAPE
VTA-003877,2026-07-17,11:48:30,CLI-069,Lucía Díaz,PROD-019,6,8.90,0.00,YAPE
VTA-003878,2026-07-17,17:08:59,CLI-016,Víctor Mendoza,PROD-014,6,9.50,0.00,PLIN
VTA-003878,2026-07-17,17:08:59,CLI-016,Víctor Mendoza,PROD-013,5,2.20,0.00,PLIN
VTA-003879,2026-07-17,12:12:00,CLI-065,Carmen Díaz,PROD-029,5,2.80,0.00,YAPE
VTA-003879,2026-07-17,12:12:00,CLI-065,Carmen Díaz,PROD-002,1,4.80,0.00,YAPE
VTA-003879,2026-07-17,12:12:00,CLI-065,Carmen Díaz,PROD-006,3,2.00,0.00,YAPE
VTA-003879,2026-07-17,12:12:00,CLI-065,Carmen Díaz,PROD-031,18,0.40,0.00,YAPE
VTA-003879,2026-07-17,12:12:00,CLI-065,Carmen Díaz,PROD-019,1,8.90,0.00,YAPE
VTA-003880,2026-07-17,10:27:03,CLI-061,Rosa Díaz,PROD-034,1,4.50,0.56,EFECTIVO
VTA-003880,2026-07-17,10:27:03,CLI-061,Rosa Díaz,PROD-003,5,10.90,0.00,EFECTIVO
VTA-003881,2026-07-17,07:01:47,CLI-020,Marco Mendoza,PROD-011,6,4.50,2.70,EFECTIVO
VTA-003882,2026-07-17,18:31:43,CLI-003,María Mendoza,PROD-007,6,3.50,0.00,EFECTIVO
VTA-003882,2026-07-17,18:31:43,CLI-003,María Mendoza,PROD-020,5,6.50,0.00,EFECTIVO
VTA-003882,2026-07-17,18:31:43,CLI-003,María Mendoza,PROD-006,5,2.00,0.00,EFECTIVO
VTA-003882,2026-07-17,18:31:43,CLI-003,María Mendoza,PROD-013,3,2.20,0.00,EFECTIVO
VTA-003883,2026-07-17,09:51:12,CLI-016,Víctor Mendoza,PROD-007,4,3.50,0.00,EFECTIVO
VTA-003883,2026-07-17,09:51:12,CLI-016,Víctor Mendoza,PROD-017,1,8.50,0.37,EFECTIVO
VTA-003883,2026-07-17,09:51:12,CLI-016,Víctor Mendoza,PROD-006,1,2.00,0.00,EFECTIVO
VTA-003884,2026-07-17,13:39:48,CLI-056,Víctor Castro,PROD-031,9,0.40,0.00,YAPE
VTA-003884,2026-07-17,13:39:48,CLI-056,Víctor Castro,PROD-027,2,2.50,0.00,YAPE
VTA-003885,2026-07-17,11:24:25,CLI-012,Pedro Mendoza,PROD-007,5,3.50,0.00,PLIN
VTA-003885,2026-07-17,11:24:25,CLI-012,Pedro Mendoza,PROD-019,3,8.90,0.00,PLIN
VTA-003885,2026-07-17,11:24:25,CLI-012,Pedro Mendoza,PROD-006,3,2.00,0.00,PLIN
VTA-003886,2026-07-17,20:05:49,CLI-086,Carlos Rojas,PROD-007,6,3.50,0.00,YAPE
VTA-003886,2026-07-17,20:05:49,CLI-086,Carlos Rojas,PROD-033,1,9.90,0.00,YAPE
VTA-003886,2026-07-17,20:05:49,CLI-086,Carlos Rojas,PROD-029,4,2.80,0.00,YAPE
VTA-003886,2026-07-17,20:05:49,CLI-086,Carlos Rojas,PROD-026,5,1.50,0.00,YAPE
VTA-003887,2026-07-17,15:18:47,CLI-011,Elena Mendoza,PROD-028,5,2.00,0.00,YAPE
VTA-003887,2026-07-17,15:18:47,CLI-011,Elena Mendoza,PROD-033,3,9.90,0.00,YAPE
VTA-003888,2026-07-17,16:25:24,CLI-016,Víctor Mendoza,PROD-011,3,4.50,1.14,YAPE
VTA-003889,2026-07-17,09:55:36,CLI-034,Juan García,PROD-013,4,2.20,0.00,TARJETA
VTA-003890,2026-07-17,18:43:10,CLI-047,Ana Castro,PROD-027,4,2.50,0.00,TARJETA
VTA-003890,2026-07-17,18:43:10,CLI-047,Ana Castro,PROD-006,2,2.00,0.00,TARJETA
VTA-003891,2026-07-17,19:32:08,CLI-002,José Mendoza,PROD-006,3,2.00,0.00,EFECTIVO
VTA-003891,2026-07-17,19:32:08,CLI-002,José Mendoza,PROD-003,1,10.90,0.00,EFECTIVO
VTA-003891,2026-07-17,19:32:08,CLI-002,José Mendoza,PROD-019,3,8.90,0.00,EFECTIVO
VTA-003892,2026-07-17,18:33:28,CLI-088,Jorge Rojas,PROD-018,6,4.20,0.00,TARJETA
VTA-003892,2026-07-17,18:33:28,CLI-088,Jorge Rojas,PROD-028,2,2.00,0.00,TARJETA
VTA-003893,2026-07-17,15:47:18,CLI-072,Pedro Díaz,PROD-028,4,2.00,0.00,YAPE
VTA-003893,2026-07-17,15:47:18,CLI-072,Pedro Díaz,PROD-029,1,2.80,0.00,YAPE
VTA-003893,2026-07-17,15:47:18,CLI-072,Pedro Díaz,PROD-010,5,4.00,0.00,YAPE
VTA-003894,2026-07-17,15:12:45,CLI-077,Claudia Díaz,PROD-010,2,4.00,0.19,EFECTIVO
VTA-003894,2026-07-17,15:12:45,CLI-077,Claudia Díaz,PROD-004,3,3.50,0.00,EFECTIVO
VTA-003894,2026-07-17,15:12:45,CLI-077,Claudia Díaz,PROD-011,1,4.50,0.00,EFECTIVO
VTA-003894,2026-07-17,15:12:45,CLI-077,Claudia Díaz,PROD-022,1,3.20,0.00,EFECTIVO
VTA-003895,2026-07-17,17:15:35,CLI-062,José Díaz,PROD-012,1,7.90,0.00,EFECTIVO
VTA-003895,2026-07-17,17:15:35,CLI-062,José Díaz,PROD-028,4,2.00,0.00,EFECTIVO
VTA-003895,2026-07-17,17:15:35,CLI-062,José Díaz,PROD-005,5,6.90,3.51,EFECTIVO
VTA-003896,2026-07-18,11:22:05,CLI-009,Lucía Mendoza,PROD-026,1,1.50,0.00,EFECTIVO
VTA-003896,2026-07-18,11:22:05,CLI-009,Lucía Mendoza,PROD-011,6,4.50,0.00,EFECTIVO
VTA-003896,2026-07-18,11:22:05,CLI-009,Lucía Mendoza,PROD-027,1,2.50,0.00,EFECTIVO
VTA-003896,2026-07-18,11:22:05,CLI-009,Lucía Mendoza,PROD-006,4,2.00,0.00,EFECTIVO
VTA-003897,2026-07-18,20:25:12,CLI-001,Rosa Mendoza,PROD-004,5,3.50,0.00,YAPE
VTA-003897,2026-07-18,20:25:12,CLI-001,Rosa Mendoza,PROD-010,5,4.00,0.00,YAPE
VTA-003897,2026-07-18,20:25:12,CLI-001,Rosa Mendoza,PROD-001,2,5.20,0.00,YAPE
VTA-003897,2026-07-18,20:25:12,CLI-001,Rosa Mendoza,PROD-029,4,2.80,0.00,YAPE
VTA-003898,2026-07-18,09:57:27,CLI-023,María García,PROD-026,3,1.50,0.00,PLIN
VTA-003898,2026-07-18,09:57:27,CLI-023,María García,PROD-001,4,5.20,0.00,PLIN
VTA-003899,2026-07-18,19:57:31,CLI-065,Carmen Díaz,PROD-007,3,3.50,0.00,PLIN
VTA-003899,2026-07-18,19:57:31,CLI-065,Carmen Díaz,PROD-009,1,5.90,0.84,PLIN
VTA-003900,2026-07-18,14:05:26,CLI-069,Lucía Díaz,PROD-003,1,10.90,0.91,EFECTIVO
VTA-003901,2026-07-18,10:18:44,CLI-100,Marco Rojas,PROD-005,4,6.90,0.00,YAPE
VTA-003902,2026-07-18,11:28:21,CLI-050,Miguel Castro,PROD-013,4,2.20,0.00,PLIN
VTA-003902,2026-07-18,11:28:21,CLI-050,Miguel Castro,PROD-031,6,0.40,0.00,PLIN
VTA-003903,2026-07-18,20:23:48,CLI-007,Ana Mendoza,PROD-006,1,2.00,0.00,YAPE
VTA-003903,2026-07-18,20:23:48,CLI-007,Ana Mendoza,PROD-029,6,2.80,0.00,YAPE
VTA-003904,2026-07-18,16:21:43,CLI-007,Ana Mendoza,PROD-009,5,5.90,0.00,EFECTIVO
VTA-003904,2026-07-18,16:21:43,CLI-007,Ana Mendoza,PROD-001,5,5.20,0.00,EFECTIVO
VTA-003905,2026-07-18,21:25:29,CLI-074,Juan Díaz,PROD-026,1,1.50,0.00,YAPE
VTA-003905,2026-07-18,21:25:29,CLI-074,Juan Díaz,PROD-003,2,10.90,0.00,YAPE
VTA-003905,2026-07-18,21:25:29,CLI-074,Juan Díaz,PROD-029,6,2.80,0.00,YAPE
VTA-003905,2026-07-18,21:25:29,CLI-074,Juan Díaz,PROD-002,6,4.80,3.03,YAPE
VTA-003905,2026-07-18,21:25:29,CLI-074,Juan Díaz,PROD-015,4,8.90,0.00,YAPE
VTA-003906,2026-07-18,12:47:38,CLI-084,Luis Rojas,PROD-001,6,5.20,0.00,EFECTIVO
VTA-003907,2026-07-18,10:20:56,CLI-066,Carlos Díaz,PROD-034,6,4.50,0.00,EFECTIVO
VTA-003907,2026-07-18,10:20:56,CLI-066,Carlos Díaz,PROD-022,2,3.20,0.22,EFECTIVO
VTA-003907,2026-07-18,10:20:56,CLI-066,Carlos Díaz,PROD-010,5,4.00,0.00,EFECTIVO
VTA-003908,2026-07-18,11:45:22,CLI-024,Luis García,PROD-013,3,2.20,0.00,TARJETA
VTA-003908,2026-07-18,11:45:22,CLI-024,Luis García,PROD-003,5,10.90,0.00,TARJETA
VTA-003909,2026-07-18,17:38:56,CLI-023,María García,PROD-008,5,3.20,0.00,EFECTIVO
VTA-003910,2026-07-18,18:51:55,CLI-007,Ana Mendoza,PROD-006,4,2.00,0.42,YAPE
VTA-003910,2026-07-18,18:51:55,CLI-007,Ana Mendoza,PROD-031,5,0.40,0.00,YAPE
VTA-003910,2026-07-18,18:51:55,CLI-007,Ana Mendoza,PROD-026,3,1.50,0.00,YAPE
VTA-003910,2026-07-18,18:51:55,CLI-007,Ana Mendoza,PROD-012,5,7.90,0.00,YAPE
VTA-003911,2026-07-18,11:39:52,CLI-006,Carlos Mendoza,PROD-029,1,2.80,0.25,YAPE
VTA-003911,2026-07-18,11:39:52,CLI-006,Carlos Mendoza,PROD-034,2,4.50,0.00,YAPE
VTA-003912,2026-07-18,12:20:02,CLI-059,Diana Castro,PROD-006,5,2.00,0.00,YAPE
VTA-003912,2026-07-18,12:20:02,CLI-059,Diana Castro,PROD-007,2,3.50,0.00,YAPE
VTA-003913,2026-07-18,09:06:12,CLI-004,Luis Mendoza,PROD-008,3,3.20,0.00,EFECTIVO
VTA-003913,2026-07-18,09:06:12,CLI-004,Luis Mendoza,PROD-031,11,0.40,0.42,EFECTIVO
VTA-003914,2026-07-19,19:25:20,CLI-066,Carlos Díaz,PROD-003,6,10.90,0.00,EFECTIVO
VTA-003914,2026-07-19,19:25:20,CLI-066,Carlos Díaz,PROD-022,5,3.20,0.00,EFECTIVO
VTA-003915,2026-07-19,16:34:58,CLI-012,Pedro Mendoza,PROD-011,3,4.50,0.00,EFECTIVO
VTA-003916,2026-07-19,10:53:18,CLI-026,Carlos García,PROD-010,5,4.00,0.00,EFECTIVO
VTA-003916,2026-07-19,10:53:18,CLI-026,Carlos García,PROD-003,3,10.90,0.00,EFECTIVO
VTA-003917,2026-07-19,14:42:42,CLI-069,Lucía Díaz,PROD-012,4,7.90,0.00,YAPE
VTA-003917,2026-07-19,14:42:42,CLI-069,Lucía Díaz,PROD-027,5,2.50,0.76,YAPE
VTA-003917,2026-07-19,14:42:42,CLI-069,Lucía Díaz,PROD-018,3,4.20,0.00,YAPE
VTA-003918,2026-07-19,12:55:31,CLI-045,Carmen Castro,PROD-003,4,10.90,0.00,EFECTIVO
VTA-003918,2026-07-19,12:55:31,CLI-045,Carmen Castro,PROD-009,1,5.90,0.00,EFECTIVO
VTA-003918,2026-07-19,12:55:31,CLI-045,Carmen Castro,PROD-031,15,0.40,0.00,EFECTIVO
VTA-003918,2026-07-19,12:55:31,CLI-045,Carmen Castro,PROD-027,6,2.50,0.00,EFECTIVO
VTA-003919,2026-07-19,09:35:20,CLI-010,Miguel Mendoza,PROD-007,5,3.50,0.00,YAPE
VTA-003920,2026-07-19,15:43:03,CLI-016,Víctor Mendoza,PROD-011,5,4.50,0.00,YAPE
VTA-003921,2026-07-19,10:41:30,CLI-021,Rosa García,PROD-007,6,3.50,0.00,EFECTIVO
VTA-003921,2026-07-19,10:41:30,CLI-021,Rosa García,PROD-008,4,3.20,0.00,EFECTIVO
VTA-003921,2026-07-19,10:41:30,CLI-021,Rosa García,PROD-004,2,3.50,0.00,EFECTIVO
VTA-003921,2026-07-19,10:41:30,CLI-021,Rosa García,PROD-016,2,11.50,0.00,EFECTIVO
VTA-003922,2026-07-19,13:36:26,CLI-037,Claudia García,PROD-029,5,2.80,0.00,PLIN
VTA-003922,2026-07-19,13:36:26,CLI-037,Claudia García,PROD-026,5,1.50,0.00,PLIN
VTA-003923,2026-07-19,07:34:41,CLI-007,Ana Mendoza,PROD-011,6,4.50,0.00,EFECTIVO
VTA-003923,2026-07-19,07:34:41,CLI-007,Ana Mendoza,PROD-004,1,3.50,0.00,EFECTIVO
VTA-003923,2026-07-19,07:34:41,CLI-007,Ana Mendoza,PROD-027,1,2.50,0.00,EFECTIVO
VTA-003924,2026-07-19,10:58:04,CLI-082,José Rojas,PROD-010,4,4.00,0.00,TARJETA
VTA-003924,2026-07-19,10:58:04,CLI-082,José Rojas,PROD-009,6,5.90,0.00,TARJETA
VTA-003924,2026-07-19,10:58:04,CLI-082,José Rojas,PROD-011,3,4.50,0.00,TARJETA
VTA-003925,2026-07-19,12:13:59,CLI-046,Carlos Castro,PROD-027,5,2.50,0.00,EFECTIVO
VTA-003926,2026-07-19,14:47:39,CLI-016,Víctor Mendoza,PROD-026,4,1.50,0.00,YAPE
VTA-003926,2026-07-19,14:47:39,CLI-016,Víctor Mendoza,PROD-006,4,2.00,0.00,YAPE
VTA-003927,2026-07-19,14:40:10,CLI-035,Milagros García,PROD-005,5,6.90,0.00,PLIN
VTA-003927,2026-07-19,14:40:10,CLI-035,Milagros García,PROD-011,5,4.50,0.00,PLIN
VTA-003927,2026-07-19,14:40:10,CLI-035,Milagros García,PROD-010,3,4.00,0.00,PLIN
VTA-003927,2026-07-19,14:40:10,CLI-035,Milagros García,PROD-008,6,3.20,0.00,PLIN
VTA-003927,2026-07-19,14:40:10,CLI-035,Milagros García,PROD-034,5,4.50,0.00,PLIN
VTA-003928,2026-07-19,09:18:26,CLI-062,José Díaz,PROD-012,5,7.90,4.06,EFECTIVO
VTA-003929,2026-07-19,14:12:43,CLI-052,Pedro Castro,PROD-007,3,3.50,1.09,EFECTIVO
VTA-003929,2026-07-19,14:12:43,CLI-052,Pedro Castro,PROD-031,4,0.40,0.00,EFECTIVO
VTA-003930,2026-07-19,19:12:22,CLI-007,Ana Mendoza,PROD-001,6,5.20,0.00,EFECTIVO
VTA-003931,2026-07-19,09:35:02,CLI-008,Jorge Mendoza,PROD-001,1,5.20,0.00,EFECTIVO
VTA-003931,2026-07-19,09:35:02,CLI-008,Jorge Mendoza,PROD-002,2,4.80,0.00,EFECTIVO
VTA-003932,2026-07-19,07:50:21,CLI-070,Miguel Díaz,PROD-027,6,2.50,0.00,EFECTIVO
VTA-003933,2026-07-19,08:02:57,CLI-023,María García,PROD-011,5,4.50,0.00,TARJETA
VTA-003933,2026-07-19,08:02:57,CLI-023,María García,PROD-002,4,4.80,0.00,TARJETA
VTA-003934,2026-07-19,14:57:48,CLI-060,Marco Castro,PROD-031,5,0.40,0.00,TARJETA
VTA-003934,2026-07-19,14:57:48,CLI-060,Marco Castro,PROD-001,4,5.20,0.00,TARJETA
VTA-003934,2026-07-19,14:57:48,CLI-060,Marco Castro,PROD-033,2,9.90,0.00,TARJETA
VTA-003935,2026-07-19,11:43:37,CLI-021,Rosa García,PROD-007,3,3.50,0.59,EFECTIVO
VTA-003935,2026-07-19,11:43:37,CLI-021,Rosa García,PROD-011,6,4.50,0.00,EFECTIVO
VTA-003936,2026-07-19,11:10:53,CLI-081,Rosa Rojas,PROD-009,6,5.90,0.00,EFECTIVO
VTA-003936,2026-07-19,11:10:53,CLI-081,Rosa Rojas,PROD-001,3,5.20,0.00,EFECTIVO
VTA-003937,2026-07-19,21:36:47,CLI-092,Pedro Rojas,PROD-007,3,3.50,0.00,PLIN
VTA-003937,2026-07-19,21:36:47,CLI-092,Pedro Rojas,PROD-026,6,1.50,0.00,PLIN
VTA-003938,2026-07-19,19:54:12,CLI-079,Diana Díaz,PROD-026,1,1.50,0.00,EFECTIVO
VTA-003938,2026-07-19,19:54:12,CLI-079,Diana Díaz,PROD-031,19,0.40,0.00,EFECTIVO
VTA-003939,2026-07-19,09:09:26,CLI-043,María Castro,PROD-034,4,4.50,0.00,YAPE
VTA-003939,2026-07-19,09:09:26,CLI-043,María Castro,PROD-031,16,0.40,0.00,YAPE
VTA-003940,2026-07-20,14:30:09,CLI-014,Juan Mendoza,PROD-004,4,3.50,1.18,EFECTIVO
VTA-003940,2026-07-20,14:30:09,CLI-014,Juan Mendoza,PROD-010,2,4.00,0.00,EFECTIVO
VTA-003940,2026-07-20,14:30:09,CLI-014,Juan Mendoza,PROD-028,1,2.00,0.00,EFECTIVO
VTA-003940,2026-07-20,14:30:09,CLI-014,Juan Mendoza,PROD-007,3,3.50,0.00,EFECTIVO
VTA-003941,2026-07-20,14:17:27,CLI-028,Jorge García,PROD-028,1,2.00,0.00,EFECTIVO
VTA-003941,2026-07-20,14:17:27,CLI-028,Jorge García,PROD-005,6,6.90,0.00,EFECTIVO
VTA-003941,2026-07-20,14:17:27,CLI-028,Jorge García,PROD-013,2,2.20,0.00,EFECTIVO
VTA-003942,2026-07-20,19:46:12,CLI-020,Marco Mendoza,PROD-019,2,8.90,0.00,YAPE
VTA-003942,2026-07-20,19:46:12,CLI-020,Marco Mendoza,PROD-003,2,10.90,0.00,YAPE
VTA-003943,2026-07-20,19:37:34,CLI-020,Marco Mendoza,PROD-002,5,4.80,0.00,EFECTIVO
VTA-003944,2026-07-20,07:58:53,CLI-074,Juan Díaz,PROD-007,1,3.50,0.00,EFECTIVO
VTA-003944,2026-07-20,07:58:53,CLI-074,Juan Díaz,PROD-011,6,4.50,0.00,EFECTIVO
VTA-003945,2026-07-20,14:49:35,CLI-015,Milagros Mendoza,PROD-013,3,2.20,0.18,YAPE
VTA-003946,2026-07-20,13:22:08,CLI-066,Carlos Díaz,PROD-031,9,0.40,0.00,YAPE
VTA-003946,2026-07-20,13:22:08,CLI-066,Carlos Díaz,PROD-017,5,8.50,0.00,YAPE
VTA-003946,2026-07-20,13:22:08,CLI-066,Carlos Díaz,PROD-010,4,4.00,0.00,YAPE
VTA-003947,2026-07-20,10:57:56,CLI-016,Víctor Mendoza,PROD-001,4,5.20,0.00,PLIN
VTA-003947,2026-07-20,10:57:56,CLI-016,Víctor Mendoza,PROD-031,13,0.40,0.38,PLIN
VTA-003947,2026-07-20,10:57:56,CLI-016,Víctor Mendoza,PROD-009,3,5.90,0.00,PLIN
VTA-003948,2026-07-20,08:16:29,CLI-044,Luis Castro,PROD-018,2,4.20,0.00,EFECTIVO
VTA-003948,2026-07-20,08:16:29,CLI-044,Luis Castro,PROD-006,2,2.00,0.00,EFECTIVO
VTA-003949,2026-07-20,08:47:17,CLI-067,Ana Díaz,PROD-026,6,1.50,0.00,YAPE
VTA-003949,2026-07-20,08:47:17,CLI-067,Ana Díaz,PROD-002,6,4.80,0.00,YAPE
VTA-003950,2026-07-20,09:33:43,CLI-006,Carlos Mendoza,PROD-026,4,1.50,0.47,EFECTIVO
VTA-003950,2026-07-20,09:33:43,CLI-006,Carlos Mendoza,PROD-028,2,2.00,0.00,EFECTIVO
VTA-003951,2026-07-20,07:37:09,CLI-006,Carlos Mendoza,PROD-022,6,3.20,0.00,YAPE
VTA-003951,2026-07-20,07:37:09,CLI-006,Carlos Mendoza,PROD-011,4,4.50,0.00,YAPE
VTA-003951,2026-07-20,07:37:09,CLI-006,Carlos Mendoza,PROD-004,1,3.50,0.20,YAPE
VTA-003952,2026-07-21,07:25:21,CLI-017,Claudia Mendoza,PROD-028,3,2.00,0.00,EFECTIVO
VTA-003952,2026-07-21,07:25:21,CLI-017,Claudia Mendoza,PROD-004,3,3.50,0.00,EFECTIVO
VTA-003953,2026-07-21,09:47:54,CLI-005,Carmen Mendoza,PROD-029,1,2.80,0.00,PLIN
VTA-003953,2026-07-21,09:47:54,CLI-005,Carmen Mendoza,PROD-027,5,2.50,0.88,PLIN
VTA-003954,2026-07-21,21:22:16,CLI-013,Patricia Mendoza,PROD-014,4,9.50,0.00,PLIN
VTA-003955,2026-07-21,21:11:00,CLI-079,Diana Díaz,PROD-003,1,10.90,1.12,EFECTIVO
VTA-003955,2026-07-21,21:11:00,CLI-079,Diana Díaz,PROD-011,4,4.50,0.00,EFECTIVO
VTA-003956,2026-07-21,07:59:37,CLI-006,Carlos Mendoza,PROD-004,3,3.50,0.00,YAPE
VTA-003956,2026-07-21,07:59:37,CLI-006,Carlos Mendoza,PROD-007,3,3.50,0.00,YAPE
VTA-003956,2026-07-21,07:59:37,CLI-006,Carlos Mendoza,PROD-006,4,2.00,0.00,YAPE
VTA-003956,2026-07-21,07:59:37,CLI-006,Carlos Mendoza,PROD-013,3,2.20,0.00,YAPE
VTA-003956,2026-07-21,07:59:37,CLI-006,Carlos Mendoza,PROD-019,1,8.90,0.00,YAPE
VTA-003957,2026-07-21,13:37:17,CLI-047,Ana Castro,PROD-010,4,4.00,0.00,YAPE
VTA-003957,2026-07-21,13:37:17,CLI-047,Ana Castro,PROD-029,1,2.80,0.00,YAPE
VTA-003957,2026-07-21,13:37:17,CLI-047,Ana Castro,PROD-006,3,2.00,0.00,YAPE
VTA-003958,2026-07-21,20:53:43,CLI-062,José Díaz,PROD-009,1,5.90,0.00,YAPE
VTA-003958,2026-07-21,20:53:43,CLI-062,José Díaz,PROD-011,3,4.50,0.00,YAPE
VTA-003958,2026-07-21,20:53:43,CLI-062,José Díaz,PROD-010,2,4.00,0.00,YAPE
VTA-003958,2026-07-21,20:53:43,CLI-062,José Díaz,PROD-017,5,8.50,0.00,YAPE
VTA-003959,2026-07-21,07:53:07,CLI-010,Miguel Mendoza,PROD-029,3,2.80,0.58,EFECTIVO
VTA-003960,2026-07-21,12:51:37,CLI-051,Elena Castro,PROD-029,2,2.80,0.00,YAPE
VTA-003960,2026-07-21,12:51:37,CLI-051,Elena Castro,PROD-001,4,5.20,0.00,YAPE
VTA-003960,2026-07-21,12:51:37,CLI-051,Elena Castro,PROD-031,15,0.40,0.00,YAPE
VTA-003960,2026-07-21,12:51:37,CLI-051,Elena Castro,PROD-018,5,4.20,0.00,YAPE
VTA-003961,2026-07-21,14:07:22,CLI-010,Miguel Mendoza,PROD-002,5,4.80,0.00,EFECTIVO
VTA-003962,2026-07-21,21:13:41,CLI-070,Miguel Díaz,PROD-010,4,4.00,0.00,YAPE
VTA-003962,2026-07-21,21:13:41,CLI-070,Miguel Díaz,PROD-004,6,3.50,0.00,YAPE
VTA-003963,2026-07-21,10:41:58,CLI-008,Jorge Mendoza,PROD-001,2,5.20,0.00,PLIN
VTA-003963,2026-07-21,10:41:58,CLI-008,Jorge Mendoza,PROD-007,4,3.50,0.00,PLIN
VTA-003963,2026-07-21,10:41:58,CLI-008,Jorge Mendoza,PROD-027,4,2.50,0.00,PLIN
VTA-003964,2026-07-21,09:59:10,CLI-090,Miguel Rojas,PROD-034,4,4.50,0.00,EFECTIVO
VTA-003964,2026-07-21,09:59:10,CLI-090,Miguel Rojas,PROD-006,4,2.00,0.00,EFECTIVO
VTA-003964,2026-07-21,09:59:10,CLI-090,Miguel Rojas,PROD-029,3,2.80,0.00,EFECTIVO
VTA-003965,2026-07-21,12:54:34,CLI-014,Juan Mendoza,PROD-031,17,0.40,0.00,PLIN
VTA-003965,2026-07-21,12:54:34,CLI-014,Juan Mendoza,PROD-033,3,9.90,0.00,PLIN
VTA-003966,2026-07-21,15:08:50,CLI-070,Miguel Díaz,PROD-002,1,4.80,0.00,EFECTIVO
VTA-003966,2026-07-21,15:08:50,CLI-070,Miguel Díaz,PROD-010,3,4.00,0.00,EFECTIVO
VTA-003967,2026-07-21,13:19:38,CLI-009,Lucía Mendoza,PROD-028,5,2.00,0.00,PLIN
VTA-003968,2026-07-22,18:14:54,CLI-021,Rosa García,PROD-015,5,8.90,0.00,EFECTIVO
VTA-003968,2026-07-22,18:14:54,CLI-021,Rosa García,PROD-031,18,0.40,0.00,EFECTIVO
VTA-003969,2026-07-22,07:24:46,CLI-057,Claudia Castro,PROD-022,1,3.20,0.00,PLIN
VTA-003969,2026-07-22,07:24:46,CLI-057,Claudia Castro,PROD-010,2,4.00,0.00,PLIN
VTA-003970,2026-07-22,18:57:02,CLI-097,Claudia Rojas,PROD-006,5,2.00,0.00,EFECTIVO
VTA-003970,2026-07-22,18:57:02,CLI-097,Claudia Rojas,PROD-029,5,2.80,0.00,EFECTIVO
VTA-003971,2026-07-22,21:05:24,CLI-053,Patricia Castro,PROD-007,4,3.50,0.00,EFECTIVO
VTA-003972,2026-07-22,18:06:22,CLI-044,Luis Castro,PROD-001,2,5.20,0.00,YAPE
VTA-003972,2026-07-22,18:06:22,CLI-044,Luis Castro,PROD-008,4,3.20,0.00,YAPE
VTA-003972,2026-07-22,18:06:22,CLI-044,Luis Castro,PROD-014,5,9.50,0.00,YAPE
VTA-003973,2026-07-22,19:46:04,CLI-021,Rosa García,PROD-006,4,2.00,0.00,TARJETA
VTA-003973,2026-07-22,19:46:04,CLI-021,Rosa García,PROD-027,5,2.50,0.00,TARJETA
VTA-003973,2026-07-22,19:46:04,CLI-021,Rosa García,PROD-028,3,2.00,0.00,TARJETA
VTA-003973,2026-07-22,19:46:04,CLI-021,Rosa García,PROD-014,6,9.50,0.00,TARJETA
VTA-003974,2026-07-22,18:20:14,CLI-012,Pedro Mendoza,PROD-019,1,8.90,0.00,EFECTIVO
VTA-003974,2026-07-22,18:20:14,CLI-012,Pedro Mendoza,PROD-006,2,2.00,0.00,EFECTIVO
VTA-003974,2026-07-22,18:20:14,CLI-012,Pedro Mendoza,PROD-005,6,6.90,0.00,EFECTIVO
VTA-003975,2026-07-22,08:13:00,CLI-008,Jorge Mendoza,PROD-005,6,6.90,0.00,EFECTIVO
VTA-003976,2026-07-22,18:55:07,CLI-001,Rosa Mendoza,PROD-014,1,9.50,0.00,YAPE
VTA-003976,2026-07-22,18:55:07,CLI-001,Rosa Mendoza,PROD-011,6,4.50,0.00,YAPE
VTA-003976,2026-07-22,18:55:07,CLI-001,Rosa Mendoza,PROD-006,1,2.00,0.00,YAPE
VTA-003976,2026-07-22,18:55:07,CLI-001,Rosa Mendoza,PROD-004,3,3.50,0.00,YAPE
VTA-003977,2026-07-22,15:47:05,CLI-033,Patricia García,PROD-022,3,3.20,0.00,YAPE
VTA-003977,2026-07-22,15:47:05,CLI-033,Patricia García,PROD-026,2,1.50,0.00,YAPE
VTA-003978,2026-07-22,21:56:05,CLI-006,Carlos Mendoza,PROD-031,5,0.40,0.00,EFECTIVO
VTA-003978,2026-07-22,21:56:05,CLI-006,Carlos Mendoza,PROD-026,6,1.50,0.00,EFECTIVO
VTA-003978,2026-07-22,21:56:05,CLI-006,Carlos Mendoza,PROD-012,2,7.90,0.00,EFECTIVO
VTA-003979,2026-07-22,16:06:01,CLI-023,María García,PROD-031,8,0.40,0.00,TARJETA
VTA-003980,2026-07-22,18:19:17,CLI-002,José Mendoza,PROD-011,6,4.50,0.00,EFECTIVO
VTA-003980,2026-07-22,18:19:17,CLI-002,José Mendoza,PROD-031,3,0.40,0.00,EFECTIVO
VTA-003980,2026-07-22,18:19:17,CLI-002,José Mendoza,PROD-009,6,5.90,0.00,EFECTIVO
VTA-003981,2026-07-22,18:58:22,CLI-014,Juan Mendoza,PROD-010,2,4.00,0.00,TARJETA
VTA-003982,2026-07-22,13:25:37,CLI-012,Pedro Mendoza,PROD-026,5,1.50,0.00,PLIN
VTA-003983,2026-07-22,07:14:18,CLI-003,María Mendoza,PROD-014,5,9.50,0.00,PLIN
VTA-003984,2026-07-23,20:39:25,CLI-050,Miguel Castro,PROD-013,4,2.20,0.00,PLIN
VTA-003984,2026-07-23,20:39:25,CLI-050,Miguel Castro,PROD-029,4,2.80,0.00,PLIN
VTA-003985,2026-07-23,18:56:29,CLI-012,Pedro Mendoza,PROD-013,6,2.20,0.00,EFECTIVO
VTA-003986,2026-07-23,21:30:56,CLI-068,Jorge Díaz,PROD-017,3,8.50,0.52,EFECTIVO
VTA-003986,2026-07-23,21:30:56,CLI-068,Jorge Díaz,PROD-013,1,2.20,0.00,EFECTIVO
VTA-003987,2026-07-23,18:02:50,CLI-084,Luis Rojas,PROD-029,6,2.80,0.00,EFECTIVO
VTA-003987,2026-07-23,18:02:50,CLI-084,Luis Rojas,PROD-028,4,2.00,0.00,EFECTIVO
VTA-003988,2026-07-23,10:47:34,CLI-008,Jorge Mendoza,PROD-007,4,3.50,0.00,EFECTIVO
VTA-003989,2026-07-23,11:46:55,CLI-017,Claudia Mendoza,PROD-015,3,8.90,0.00,TARJETA
VTA-003989,2026-07-23,11:46:55,CLI-017,Claudia Mendoza,PROD-031,17,0.40,0.00,TARJETA
VTA-003990,2026-07-23,14:33:11,CLI-001,Rosa Mendoza,PROD-027,1,2.50,0.00,EFECTIVO
VTA-003991,2026-07-23,11:55:47,CLI-077,Claudia Díaz,PROD-020,1,6.50,0.00,PLIN
VTA-003991,2026-07-23,11:55:47,CLI-077,Claudia Díaz,PROD-031,3,0.40,0.13,PLIN
VTA-003991,2026-07-23,11:55:47,CLI-077,Claudia Díaz,PROD-003,5,10.90,8.15,PLIN
VTA-003991,2026-07-23,11:55:47,CLI-077,Claudia Díaz,PROD-012,5,7.90,0.00,PLIN
VTA-003992,2026-07-23,14:54:25,CLI-061,Rosa Díaz,PROD-006,3,2.00,0.00,YAPE
VTA-003992,2026-07-23,14:54:25,CLI-061,Rosa Díaz,PROD-007,3,3.50,0.00,YAPE
VTA-003992,2026-07-23,14:54:25,CLI-061,Rosa Díaz,PROD-022,5,3.20,0.00,YAPE
VTA-003993,2026-07-23,18:05:06,CLI-059,Diana Castro,PROD-006,4,2.00,0.00,YAPE
VTA-003994,2026-07-23,21:24:00,CLI-014,Juan Mendoza,PROD-022,3,3.20,0.00,PLIN
VTA-003994,2026-07-23,21:24:00,CLI-014,Juan Mendoza,PROD-023,1,7.50,0.00,PLIN
VTA-003995,2026-07-23,21:29:02,CLI-013,Patricia Mendoza,PROD-010,2,4.00,0.00,EFECTIVO
VTA-003995,2026-07-23,21:29:02,CLI-013,Patricia Mendoza,PROD-027,2,2.50,0.00,EFECTIVO
VTA-003996,2026-07-23,19:03:13,CLI-017,Claudia Mendoza,PROD-015,2,8.90,0.00,EFECTIVO
VTA-003997,2026-07-23,10:12:25,CLI-042,José Castro,PROD-005,3,6.90,0.00,PLIN
VTA-003997,2026-07-23,10:12:25,CLI-042,José Castro,PROD-023,5,7.50,0.00,PLIN
VTA-003998,2026-07-23,20:18:10,CLI-085,Carmen Rojas,PROD-027,3,2.50,0.86,PLIN
VTA-003999,2026-07-23,11:04:40,CLI-036,Víctor García,PROD-031,6,0.40,0.00,EFECTIVO
VTA-003999,2026-07-23,11:04:40,CLI-036,Víctor García,PROD-003,6,10.90,0.00,EFECTIVO
VTA-003999,2026-07-23,11:04:40,CLI-036,Víctor García,PROD-026,2,1.50,0.00,EFECTIVO
VTA-004000,2026-07-23,11:20:43,CLI-052,Pedro Castro,PROD-031,17,0.40,0.00,EFECTIVO
VTA-004000,2026-07-23,11:20:43,CLI-052,Pedro Castro,PROD-002,2,4.80,0.00,EFECTIVO
VTA-004001,2026-07-23,13:20:30,CLI-031,Elena García,PROD-031,10,0.40,0.00,PLIN
VTA-004001,2026-07-23,13:20:30,CLI-031,Elena García,PROD-005,3,6.90,0.00,PLIN
VTA-004001,2026-07-23,13:20:30,CLI-031,Elena García,PROD-012,3,7.90,0.00,PLIN
VTA-004002,2026-07-23,21:05:34,CLI-010,Miguel Mendoza,PROD-027,5,2.50,0.00,YAPE
VTA-004002,2026-07-23,21:05:34,CLI-010,Miguel Mendoza,PROD-031,7,0.40,0.40,YAPE
VTA-004003,2026-07-24,11:00:36,CLI-004,Luis Mendoza,PROD-008,5,3.20,0.00,EFECTIVO
VTA-004003,2026-07-24,11:00:36,CLI-004,Luis Mendoza,PROD-011,2,4.50,0.00,EFECTIVO
VTA-004004,2026-07-24,11:00:42,CLI-056,Víctor Castro,PROD-003,1,10.90,0.00,YAPE
VTA-004005,2026-07-24,13:15:27,CLI-054,Juan Castro,PROD-015,5,8.90,0.00,EFECTIVO
VTA-004005,2026-07-24,13:15:27,CLI-054,Juan Castro,PROD-002,1,4.80,0.00,EFECTIVO
VTA-004006,2026-07-24,18:34:42,CLI-014,Juan Mendoza,PROD-008,3,3.20,1.39,YAPE
VTA-004006,2026-07-24,18:34:42,CLI-014,Juan Mendoza,PROD-019,6,8.90,0.00,YAPE
VTA-004006,2026-07-24,18:34:42,CLI-014,Juan Mendoza,PROD-032,1,6.50,0.00,YAPE
VTA-004007,2026-07-24,11:02:46,CLI-013,Patricia Mendoza,PROD-006,5,2.00,0.00,TARJETA
VTA-004007,2026-07-24,11:02:46,CLI-013,Patricia Mendoza,PROD-004,3,3.50,0.50,TARJETA
VTA-004007,2026-07-24,11:02:46,CLI-013,Patricia Mendoza,PROD-007,5,3.50,0.00,TARJETA
VTA-004008,2026-07-24,13:39:24,CLI-073,Patricia Díaz,PROD-014,6,9.50,0.00,EFECTIVO
VTA-004008,2026-07-24,13:39:24,CLI-073,Patricia Díaz,PROD-007,3,3.50,0.00,EFECTIVO
VTA-004009,2026-07-24,08:25:32,CLI-014,Juan Mendoza,PROD-011,6,4.50,0.00,EFECTIVO
VTA-004009,2026-07-24,08:25:32,CLI-014,Juan Mendoza,PROD-031,14,0.40,0.00,EFECTIVO
VTA-004009,2026-07-24,08:25:32,CLI-014,Juan Mendoza,PROD-013,4,2.20,0.00,EFECTIVO
VTA-004010,2026-07-24,18:49:46,CLI-068,Jorge Díaz,PROD-008,4,3.20,1.83,TARJETA
VTA-004010,2026-07-24,18:49:46,CLI-068,Jorge Díaz,PROD-009,1,5.90,0.00,TARJETA
VTA-004011,2026-07-24,19:06:28,CLI-049,Lucía Castro,PROD-032,5,6.50,0.00,YAPE
VTA-004011,2026-07-24,19:06:28,CLI-049,Lucía Castro,PROD-026,1,1.50,0.00,YAPE
VTA-004011,2026-07-24,19:06:28,CLI-049,Lucía Castro,PROD-028,1,2.00,0.00,YAPE
VTA-004011,2026-07-24,19:06:28,CLI-049,Lucía Castro,PROD-005,4,6.90,0.00,YAPE
VTA-004012,2026-07-24,07:31:09,CLI-025,Carmen García,PROD-026,4,1.50,0.00,EFECTIVO
VTA-004013,2026-07-24,16:54:10,CLI-058,Renzo Castro,PROD-006,4,2.00,0.00,YAPE
VTA-004013,2026-07-24,16:54:10,CLI-058,Renzo Castro,PROD-010,5,4.00,1.30,YAPE
VTA-004014,2026-07-24,12:47:55,CLI-014,Juan Mendoza,PROD-001,1,5.20,0.00,YAPE
VTA-004014,2026-07-24,12:47:55,CLI-014,Juan Mendoza,PROD-007,6,3.50,0.00,YAPE
VTA-004014,2026-07-24,12:47:55,CLI-014,Juan Mendoza,PROD-028,2,2.00,0.00,YAPE
VTA-004015,2026-07-24,14:34:42,CLI-056,Víctor Castro,PROD-016,3,11.50,2.50,EFECTIVO
VTA-004015,2026-07-24,14:34:42,CLI-056,Víctor Castro,PROD-011,2,4.50,0.00,EFECTIVO
VTA-004016,2026-07-24,20:36:45,CLI-003,María Mendoza,PROD-031,8,0.40,0.00,YAPE
VTA-004017,2026-07-24,15:07:52,CLI-082,José Rojas,PROD-033,5,9.90,0.00,YAPE
VTA-004017,2026-07-24,15:07:52,CLI-082,José Rojas,PROD-004,5,3.50,0.00,YAPE
VTA-004017,2026-07-24,15:07:52,CLI-082,José Rojas,PROD-026,5,1.50,0.00,YAPE
VTA-004017,2026-07-24,15:07:52,CLI-082,José Rojas,PROD-003,1,10.90,0.00,YAPE
VTA-004017,2026-07-24,15:07:52,CLI-082,José Rojas,PROD-002,2,4.80,0.00,YAPE
VTA-004018,2026-07-24,08:24:39,CLI-050,Miguel Castro,PROD-015,2,8.90,0.00,EFECTIVO
VTA-004018,2026-07-24,08:24:39,CLI-050,Miguel Castro,PROD-014,3,9.50,0.00,EFECTIVO
VTA-004018,2026-07-24,08:24:39,CLI-050,Miguel Castro,PROD-019,4,8.90,0.00,EFECTIVO
VTA-004018,2026-07-24,08:24:39,CLI-050,Miguel Castro,PROD-006,5,2.00,0.00,EFECTIVO
VTA-004019,2026-07-24,20:05:41,CLI-010,Miguel Mendoza,PROD-028,4,2.00,0.00,EFECTIVO
VTA-004019,2026-07-24,20:05:41,CLI-010,Miguel Mendoza,PROD-011,6,4.50,0.00,EFECTIVO
VTA-004019,2026-07-24,20:05:41,CLI-010,Miguel Mendoza,PROD-026,5,1.50,0.68,EFECTIVO
VTA-004020,2026-07-24,17:04:18,CLI-029,Lucía García,PROD-002,6,4.80,0.00,YAPE
VTA-004020,2026-07-24,17:04:18,CLI-029,Lucía García,PROD-007,6,3.50,0.00,YAPE
VTA-004021,2026-07-24,09:07:10,CLI-010,Miguel Mendoza,PROD-028,4,2.00,0.00,YAPE
VTA-004021,2026-07-24,09:07:10,CLI-010,Miguel Mendoza,PROD-009,6,5.90,0.00,YAPE
VTA-004021,2026-07-24,09:07:10,CLI-010,Miguel Mendoza,PROD-004,1,3.50,0.00,YAPE
VTA-004021,2026-07-24,09:07:10,CLI-010,Miguel Mendoza,PROD-006,1,2.00,0.00,YAPE
VTA-004022,2026-07-24,14:08:29,CLI-048,Jorge Castro,PROD-011,4,4.50,0.00,PLIN
VTA-004022,2026-07-24,14:08:29,CLI-048,Jorge Castro,PROD-015,1,8.90,0.00,PLIN
VTA-004023,2026-07-24,09:22:49,CLI-057,Claudia Castro,PROD-011,5,4.50,0.00,EFECTIVO
VTA-004024,2026-07-25,11:43:10,CLI-009,Lucía Mendoza,PROD-006,4,2.00,0.00,TARJETA
VTA-004024,2026-07-25,11:43:10,CLI-009,Lucía Mendoza,PROD-004,1,3.50,0.00,TARJETA
VTA-004024,2026-07-25,11:43:10,CLI-009,Lucía Mendoza,PROD-014,5,9.50,0.00,TARJETA
VTA-004025,2026-07-25,09:51:52,CLI-007,Ana Mendoza,PROD-006,4,2.00,0.00,PLIN
VTA-004025,2026-07-25,09:51:52,CLI-007,Ana Mendoza,PROD-008,5,3.20,0.00,PLIN
VTA-004025,2026-07-25,09:51:52,CLI-007,Ana Mendoza,PROD-015,5,8.90,0.00,PLIN
VTA-004025,2026-07-25,09:51:52,CLI-007,Ana Mendoza,PROD-032,3,6.50,0.00,PLIN
VTA-004026,2026-07-25,14:43:30,CLI-004,Luis Mendoza,PROD-008,6,3.20,0.00,YAPE
VTA-004026,2026-07-25,14:43:30,CLI-004,Luis Mendoza,PROD-011,2,4.50,0.00,YAPE
VTA-004027,2026-07-25,15:32:07,CLI-060,Marco Castro,PROD-031,7,0.40,0.00,PLIN
VTA-004028,2026-07-25,20:24:14,CLI-083,María Rojas,PROD-027,6,2.50,0.00,EFECTIVO
VTA-004029,2026-07-25,11:39:09,CLI-020,Marco Mendoza,PROD-012,1,7.90,0.00,EFECTIVO
VTA-004029,2026-07-25,11:39:09,CLI-020,Marco Mendoza,PROD-008,4,3.20,0.00,EFECTIVO
VTA-004030,2026-07-25,12:43:12,CLI-016,Víctor Mendoza,PROD-010,3,4.00,0.00,PLIN
VTA-004030,2026-07-25,12:43:12,CLI-016,Víctor Mendoza,PROD-003,5,10.90,0.00,PLIN
VTA-004031,2026-07-25,09:28:52,CLI-038,Renzo García,PROD-010,1,4.00,0.00,PLIN
VTA-004031,2026-07-25,09:28:52,CLI-038,Renzo García,PROD-031,10,0.40,0.00,PLIN
VTA-004031,2026-07-25,09:28:52,CLI-038,Renzo García,PROD-017,2,8.50,0.00,PLIN
VTA-004031,2026-07-25,09:28:52,CLI-038,Renzo García,PROD-018,1,4.20,0.00,PLIN
VTA-004031,2026-07-25,09:28:52,CLI-038,Renzo García,PROD-019,1,8.90,0.00,PLIN
VTA-004032,2026-07-25,11:11:27,CLI-043,María Castro,PROD-031,15,0.40,0.00,EFECTIVO
VTA-004033,2026-07-25,08:06:18,CLI-044,Luis Castro,PROD-027,3,2.50,0.00,PLIN
VTA-004034,2026-07-25,07:50:12,CLI-009,Lucía Mendoza,PROD-005,5,6.90,0.00,EFECTIVO
VTA-004035,2026-07-25,10:53:38,CLI-049,Lucía Castro,PROD-008,4,3.20,0.00,EFECTIVO
VTA-004035,2026-07-25,10:53:38,CLI-049,Lucía Castro,PROD-011,6,4.50,0.00,EFECTIVO
VTA-004035,2026-07-25,10:53:38,CLI-049,Lucía Castro,PROD-001,1,5.20,0.00,EFECTIVO
VTA-004036,2026-07-25,09:18:51,CLI-068,Jorge Díaz,PROD-010,6,4.00,0.00,YAPE
VTA-004036,2026-07-25,09:18:51,CLI-068,Jorge Díaz,PROD-001,1,5.20,0.00,YAPE
VTA-004036,2026-07-25,09:18:51,CLI-068,Jorge Díaz,PROD-033,5,9.90,0.00,YAPE
VTA-004036,2026-07-25,09:18:51,CLI-068,Jorge Díaz,PROD-006,6,2.00,0.00,YAPE
VTA-004037,2026-07-25,11:20:00,CLI-002,José Mendoza,PROD-001,3,5.20,0.00,EFECTIVO
VTA-004038,2026-07-25,15:32:50,CLI-008,Jorge Mendoza,PROD-011,5,4.50,0.00,YAPE
VTA-004038,2026-07-25,15:32:50,CLI-008,Jorge Mendoza,PROD-016,2,11.50,0.00,YAPE
VTA-004038,2026-07-25,15:32:50,CLI-008,Jorge Mendoza,PROD-027,3,2.50,0.00,YAPE
VTA-004039,2026-07-25,18:35:41,CLI-087,Ana Rojas,PROD-031,13,0.40,0.00,EFECTIVO
VTA-004039,2026-07-25,18:35:41,CLI-087,Ana Rojas,PROD-018,5,4.20,0.00,EFECTIVO
VTA-004040,2026-07-25,10:54:17,CLI-040,Marco García,PROD-029,1,2.80,0.00,EFECTIVO
VTA-004040,2026-07-25,10:54:17,CLI-040,Marco García,PROD-002,2,4.80,0.00,EFECTIVO
VTA-004040,2026-07-25,10:54:17,CLI-040,Marco García,PROD-004,3,3.50,0.00,EFECTIVO
VTA-004041,2026-07-25,07:46:58,CLI-011,Elena Mendoza,PROD-026,2,1.50,0.00,PLIN
VTA-004041,2026-07-25,07:46:58,CLI-011,Elena Mendoza,PROD-003,1,10.90,0.00,PLIN
VTA-004042,2026-07-25,17:48:50,CLI-010,Miguel Mendoza,PROD-011,1,4.50,0.00,YAPE
VTA-004042,2026-07-25,17:48:50,CLI-010,Miguel Mendoza,PROD-026,3,1.50,0.00,YAPE
VTA-004043,2026-07-25,19:24:06,CLI-028,Jorge García,PROD-029,3,2.80,0.00,YAPE
VTA-004043,2026-07-25,19:24:06,CLI-028,Jorge García,PROD-034,1,4.50,0.00,YAPE
VTA-004043,2026-07-25,19:24:06,CLI-028,Jorge García,PROD-018,4,4.20,0.00,YAPE
VTA-004044,2026-07-25,11:00:08,CLI-048,Jorge Castro,PROD-031,16,0.40,0.00,YAPE
VTA-004045,2026-07-25,20:36:48,CLI-013,Patricia Mendoza,PROD-002,3,4.80,0.00,PLIN
VTA-004045,2026-07-25,20:36:48,CLI-013,Patricia Mendoza,PROD-005,2,6.90,0.00,PLIN
VTA-004046,2026-07-26,08:45:44,CLI-009,Lucía Mendoza,PROD-026,5,1.50,0.00,YAPE
VTA-004046,2026-07-26,08:45:44,CLI-009,Lucía Mendoza,PROD-011,1,4.50,0.66,YAPE
VTA-004046,2026-07-26,08:45:44,CLI-009,Lucía Mendoza,PROD-010,3,4.00,0.00,YAPE
VTA-004046,2026-07-26,08:45:44,CLI-009,Lucía Mendoza,PROD-028,2,2.00,0.00,YAPE
VTA-004046,2026-07-26,08:45:44,CLI-009,Lucía Mendoza,PROD-004,2,3.50,0.00,YAPE
VTA-004047,2026-07-26,18:07:37,CLI-007,Ana Mendoza,PROD-003,2,10.90,0.67,EFECTIVO
VTA-004047,2026-07-26,18:07:37,CLI-007,Ana Mendoza,PROD-026,6,1.50,0.00,EFECTIVO
VTA-004047,2026-07-26,18:07:37,CLI-007,Ana Mendoza,PROD-008,3,3.20,0.39,EFECTIVO
VTA-004048,2026-07-26,08:05:16,CLI-060,Marco Castro,PROD-002,3,4.80,0.00,YAPE
VTA-004048,2026-07-26,08:05:16,CLI-060,Marco Castro,PROD-007,3,3.50,0.00,YAPE
VTA-004049,2026-07-26,09:16:42,CLI-071,Elena Díaz,PROD-004,5,3.50,0.00,EFECTIVO
VTA-004050,2026-07-26,15:32:35,CLI-025,Carmen García,PROD-019,5,8.90,0.00,YAPE
VTA-004050,2026-07-26,15:32:35,CLI-025,Carmen García,PROD-027,6,2.50,0.00,YAPE
VTA-004051,2026-07-26,16:58:17,CLI-021,Rosa García,PROD-009,6,5.90,0.00,PLIN
VTA-004051,2026-07-26,16:58:17,CLI-021,Rosa García,PROD-031,3,0.40,0.00,PLIN
VTA-004052,2026-07-26,12:48:31,CLI-039,Diana García,PROD-016,2,11.50,0.00,EFECTIVO
VTA-004052,2026-07-26,12:48:31,CLI-039,Diana García,PROD-003,4,10.90,0.00,EFECTIVO
VTA-004052,2026-07-26,12:48:31,CLI-039,Diana García,PROD-031,5,0.40,0.00,EFECTIVO
VTA-004053,2026-07-26,09:52:38,CLI-004,Luis Mendoza,PROD-026,2,1.50,0.00,EFECTIVO
VTA-004054,2026-07-26,16:07:39,CLI-019,Diana Mendoza,PROD-027,4,2.50,0.00,PLIN
VTA-004054,2026-07-26,16:07:39,CLI-019,Diana Mendoza,PROD-028,3,2.00,0.00,PLIN
VTA-004055,2026-07-26,08:40:09,CLI-001,Rosa Mendoza,PROD-007,3,3.50,0.00,EFECTIVO
VTA-004056,2026-07-26,21:15:49,CLI-051,Elena Castro,PROD-006,4,2.00,0.00,YAPE
VTA-004057,2026-07-26,10:42:04,CLI-081,Rosa Rojas,PROD-016,2,11.50,0.00,EFECTIVO
VTA-004057,2026-07-26,10:42:04,CLI-081,Rosa Rojas,PROD-003,6,10.90,0.00,EFECTIVO
VTA-004057,2026-07-26,10:42:04,CLI-081,Rosa Rojas,PROD-031,15,0.40,0.00,EFECTIVO
VTA-004058,2026-07-26,15:33:38,CLI-034,Juan García,PROD-004,2,3.50,0.00,EFECTIVO
VTA-004059,2026-07-26,15:19:09,CLI-039,Diana García,PROD-002,4,4.80,0.00,TARJETA
VTA-004059,2026-07-26,15:19:09,CLI-039,Diana García,PROD-009,5,5.90,0.00,TARJETA
VTA-004059,2026-07-26,15:19:09,CLI-039,Diana García,PROD-031,19,0.40,0.00,TARJETA
VTA-004059,2026-07-26,15:19:09,CLI-039,Diana García,PROD-008,3,3.20,0.00,TARJETA
VTA-004060,2026-07-26,10:36:24,CLI-012,Pedro Mendoza,PROD-027,1,2.50,0.00,YAPE
VTA-004060,2026-07-26,10:36:24,CLI-012,Pedro Mendoza,PROD-009,2,5.90,0.00,YAPE
VTA-004061,2026-07-26,18:36:43,CLI-013,Patricia Mendoza,PROD-027,6,2.50,0.00,PLIN
VTA-004061,2026-07-26,18:36:43,CLI-013,Patricia Mendoza,PROD-032,5,6.50,0.00,PLIN
VTA-004061,2026-07-26,18:36:43,CLI-013,Patricia Mendoza,PROD-012,1,7.90,0.00,PLIN
VTA-004062,2026-07-26,18:07:32,CLI-050,Miguel Castro,PROD-027,6,2.50,0.00,EFECTIVO
VTA-004063,2026-07-26,11:31:15,CLI-097,Claudia Rojas,PROD-001,6,5.20,4.33,EFECTIVO
VTA-004064,2026-07-26,13:08:36,CLI-012,Pedro Mendoza,PROD-012,3,7.90,0.00,EFECTIVO
VTA-004064,2026-07-26,13:08:36,CLI-012,Pedro Mendoza,PROD-010,6,4.00,0.00,EFECTIVO
VTA-004064,2026-07-26,13:08:36,CLI-012,Pedro Mendoza,PROD-016,4,11.50,0.00,EFECTIVO
VTA-004065,2026-07-26,18:16:02,CLI-098,Renzo Rojas,PROD-013,5,2.20,0.00,EFECTIVO
VTA-004065,2026-07-26,18:16:02,CLI-098,Renzo Rojas,PROD-012,3,7.90,0.00,EFECTIVO
VTA-004066,2026-07-26,17:47:42,CLI-029,Lucía García,PROD-029,6,2.80,2.47,YAPE
VTA-004066,2026-07-26,17:47:42,CLI-029,Lucía García,PROD-008,3,3.20,0.00,YAPE
VTA-004066,2026-07-26,17:47:42,CLI-029,Lucía García,PROD-032,1,6.50,0.00,YAPE
VTA-004067,2026-07-26,14:28:39,CLI-043,María Castro,PROD-006,6,2.00,0.00,EFECTIVO
VTA-004067,2026-07-26,14:28:39,CLI-043,María Castro,PROD-004,4,3.50,0.00,EFECTIVO
VTA-004067,2026-07-26,14:28:39,CLI-043,María Castro,PROD-026,6,1.50,0.00,EFECTIVO
VTA-004068,2026-07-26,11:44:54,CLI-003,María Mendoza,PROD-027,2,2.50,0.00,PLIN
VTA-004068,2026-07-26,11:44:54,CLI-003,María Mendoza,PROD-013,1,2.20,0.00,PLIN
VTA-004068,2026-07-26,11:44:54,CLI-003,María Mendoza,PROD-008,1,3.20,0.00,PLIN
VTA-004069,2026-07-26,13:54:54,CLI-067,Ana Díaz,PROD-004,6,3.50,0.00,EFECTIVO
VTA-004069,2026-07-26,13:54:54,CLI-067,Ana Díaz,PROD-006,1,2.00,0.00,EFECTIVO
VTA-004069,2026-07-26,13:54:54,CLI-067,Ana Díaz,PROD-033,4,9.90,0.00,EFECTIVO
VTA-004070,2026-07-26,07:28:58,CLI-043,María Castro,PROD-026,6,1.50,0.00,TARJETA
VTA-004070,2026-07-26,07:28:58,CLI-043,María Castro,PROD-009,3,5.90,0.00,TARJETA
VTA-004070,2026-07-26,07:28:58,CLI-043,María Castro,PROD-010,4,4.00,0.00,TARJETA
VTA-004071,2026-07-26,08:35:01,CLI-006,Carlos Mendoza,PROD-006,4,2.00,0.00,YAPE
VTA-004071,2026-07-26,08:35:01,CLI-006,Carlos Mendoza,PROD-007,3,3.50,0.00,YAPE
VTA-004072,2026-07-27,09:29:58,CLI-052,Pedro Castro,PROD-026,5,1.50,0.00,YAPE
VTA-004072,2026-07-27,09:29:58,CLI-052,Pedro Castro,PROD-008,2,3.20,0.94,YAPE
VTA-004072,2026-07-27,09:29:58,CLI-052,Pedro Castro,PROD-028,3,2.00,0.00,YAPE
VTA-004073,2026-07-27,19:50:20,CLI-002,José Mendoza,PROD-003,2,10.90,0.00,EFECTIVO
VTA-004073,2026-07-27,19:50:20,CLI-002,José Mendoza,PROD-031,3,0.40,0.00,EFECTIVO
VTA-004073,2026-07-27,19:50:20,CLI-002,José Mendoza,PROD-014,1,9.50,0.00,EFECTIVO
VTA-004074,2026-07-27,07:10:18,CLI-012,Pedro Mendoza,PROD-010,2,4.00,0.00,PLIN
VTA-004074,2026-07-27,07:10:18,CLI-012,Pedro Mendoza,PROD-011,5,4.50,0.00,PLIN
VTA-004074,2026-07-27,07:10:18,CLI-012,Pedro Mendoza,PROD-003,6,10.90,4.86,PLIN
VTA-004075,2026-07-27,10:28:50,CLI-098,Renzo Rojas,PROD-014,3,9.50,0.00,EFECTIVO
VTA-004075,2026-07-27,10:28:50,CLI-098,Renzo Rojas,PROD-013,4,2.20,0.00,EFECTIVO
VTA-004075,2026-07-27,10:28:50,CLI-098,Renzo Rojas,PROD-022,3,3.20,0.00,EFECTIVO
VTA-004076,2026-07-27,19:43:01,CLI-004,Luis Mendoza,PROD-028,4,2.00,0.00,EFECTIVO
VTA-004076,2026-07-27,19:43:01,CLI-004,Luis Mendoza,PROD-029,4,2.80,0.00,EFECTIVO
VTA-004076,2026-07-27,19:43:01,CLI-004,Luis Mendoza,PROD-031,19,0.40,0.00,EFECTIVO
VTA-004076,2026-07-27,19:43:01,CLI-004,Luis Mendoza,PROD-005,3,6.90,0.00,EFECTIVO
VTA-004077,2026-07-27,12:15:30,CLI-056,Víctor Castro,PROD-026,3,1.50,0.00,PLIN
VTA-004077,2026-07-27,12:15:30,CLI-056,Víctor Castro,PROD-022,4,3.20,0.00,PLIN
VTA-004077,2026-07-27,12:15:30,CLI-056,Víctor Castro,PROD-012,1,7.90,0.00,PLIN
VTA-004078,2026-07-27,10:48:28,CLI-051,Elena Castro,PROD-006,6,2.00,0.00,TARJETA
VTA-004079,2026-07-27,16:44:41,CLI-006,Carlos Mendoza,PROD-019,5,8.90,0.00,TARJETA
VTA-004080,2026-07-27,21:54:07,CLI-067,Ana Díaz,PROD-026,1,1.50,0.00,YAPE
VTA-004080,2026-07-27,21:54:07,CLI-067,Ana Díaz,PROD-011,5,4.50,0.00,YAPE
VTA-004080,2026-07-27,21:54:07,CLI-067,Ana Díaz,PROD-001,5,5.20,0.00,YAPE
VTA-004081,2026-07-27,16:41:13,CLI-006,Carlos Mendoza,PROD-004,5,3.50,0.00,YAPE
VTA-004081,2026-07-27,16:41:13,CLI-006,Carlos Mendoza,PROD-007,4,3.50,0.00,YAPE
VTA-004082,2026-07-27,16:21:37,CLI-010,Miguel Mendoza,PROD-008,5,3.20,0.00,YAPE
VTA-004082,2026-07-27,16:21:37,CLI-010,Miguel Mendoza,PROD-001,1,5.20,0.00,YAPE
VTA-004083,2026-07-27,14:43:48,CLI-053,Patricia Castro,PROD-032,5,6.50,0.00,TARJETA
VTA-004083,2026-07-27,14:43:48,CLI-053,Patricia Castro,PROD-001,1,5.20,0.00,TARJETA
VTA-004084,2026-07-27,15:07:55,CLI-001,Rosa Mendoza,PROD-006,2,2.00,0.00,EFECTIVO
VTA-004084,2026-07-27,15:07:55,CLI-001,Rosa Mendoza,PROD-026,1,1.50,0.00,EFECTIVO
VTA-004085,2026-07-27,21:33:17,CLI-003,María Mendoza,PROD-010,6,4.00,0.00,YAPE
VTA-004086,2026-07-27,13:30:54,CLI-067,Ana Díaz,PROD-026,2,1.50,0.00,PLIN
VTA-004087,2026-07-27,18:50:22,CLI-059,Diana Castro,PROD-004,2,3.50,0.00,YAPE
VTA-004087,2026-07-27,18:50:22,CLI-059,Diana Castro,PROD-005,5,6.90,0.00,YAPE
VTA-004087,2026-07-27,18:50:22,CLI-059,Diana Castro,PROD-001,2,5.20,0.00,YAPE
VTA-004088,2026-07-27,09:44:28,CLI-040,Marco García,PROD-006,1,2.00,0.00,PLIN
VTA-004088,2026-07-27,09:44:28,CLI-040,Marco García,PROD-008,3,3.20,0.00,PLIN
VTA-004089,2026-07-27,21:42:43,CLI-025,Carmen García,PROD-027,6,2.50,0.00,YAPE
VTA-004089,2026-07-27,21:42:43,CLI-025,Carmen García,PROD-004,5,3.50,0.00,YAPE
VTA-004090,2026-07-27,15:18:42,CLI-019,Diana Mendoza,PROD-001,3,5.20,0.00,EFECTIVO
VTA-004090,2026-07-27,15:18:42,CLI-019,Diana Mendoza,PROD-013,1,2.20,0.00,EFECTIVO
VTA-004090,2026-07-27,15:18:42,CLI-019,Diana Mendoza,PROD-002,5,4.80,0.00,EFECTIVO
VTA-004090,2026-07-27,15:18:42,CLI-019,Diana Mendoza,PROD-009,2,5.90,0.00,EFECTIVO
VTA-004090,2026-07-27,15:18:42,CLI-019,Diana Mendoza,PROD-032,1,6.50,0.00,EFECTIVO
VTA-004091,2026-07-28,20:36:34,CLI-002,José Mendoza,PROD-026,1,1.50,0.04,EFECTIVO
VTA-004091,2026-07-28,20:36:34,CLI-002,José Mendoza,PROD-006,2,2.00,0.00,EFECTIVO
VTA-004091,2026-07-28,20:36:34,CLI-002,José Mendoza,PROD-002,6,4.80,0.00,EFECTIVO
VTA-004091,2026-07-28,20:36:34,CLI-002,José Mendoza,PROD-001,5,5.20,1.14,EFECTIVO
VTA-004092,2026-07-28,12:10:17,CLI-081,Rosa Rojas,PROD-023,6,7.50,0.00,EFECTIVO
VTA-004092,2026-07-28,12:10:17,CLI-081,Rosa Rojas,PROD-001,1,5.20,0.00,EFECTIVO
VTA-004093,2026-07-28,09:28:30,CLI-086,Carlos Rojas,PROD-007,6,3.50,0.00,PLIN
VTA-004094,2026-07-28,09:43:55,CLI-095,Milagros Rojas,PROD-026,4,1.50,0.00,EFECTIVO
VTA-004095,2026-07-28,17:13:00,CLI-006,Carlos Mendoza,PROD-010,1,4.00,0.00,EFECTIVO
VTA-004096,2026-07-28,07:38:06,CLI-098,Renzo Rojas,PROD-001,2,5.20,0.00,YAPE
VTA-004096,2026-07-28,07:38:06,CLI-098,Renzo Rojas,PROD-007,3,3.50,0.00,YAPE
VTA-004097,2026-07-28,10:55:57,CLI-075,Milagros Díaz,PROD-006,4,2.00,0.00,YAPE
VTA-004097,2026-07-28,10:55:57,CLI-075,Milagros Díaz,PROD-020,5,6.50,0.00,YAPE
VTA-004097,2026-07-28,10:55:57,CLI-075,Milagros Díaz,PROD-004,6,3.50,0.00,YAPE
VTA-004098,2026-07-28,16:52:41,CLI-047,Ana Castro,PROD-031,4,0.40,0.00,EFECTIVO
VTA-004098,2026-07-28,16:52:41,CLI-047,Ana Castro,PROD-026,3,1.50,0.00,EFECTIVO
VTA-004098,2026-07-28,16:52:41,CLI-047,Ana Castro,PROD-033,4,9.90,4.06,EFECTIVO
VTA-004098,2026-07-28,16:52:41,CLI-047,Ana Castro,PROD-010,6,4.00,0.00,EFECTIVO
VTA-004099,2026-07-28,21:27:20,CLI-015,Milagros Mendoza,PROD-005,6,6.90,0.00,YAPE
VTA-004100,2026-07-28,15:59:49,CLI-040,Marco García,PROD-023,5,7.50,0.00,EFECTIVO
VTA-004100,2026-07-28,15:59:49,CLI-040,Marco García,PROD-014,3,9.50,0.00,EFECTIVO
VTA-004100,2026-07-28,15:59:49,CLI-040,Marco García,PROD-027,5,2.50,0.00,EFECTIVO
VTA-004100,2026-07-28,15:59:49,CLI-040,Marco García,PROD-005,4,6.90,0.00,EFECTIVO
VTA-004101,2026-07-28,10:47:14,CLI-014,Juan Mendoza,PROD-007,3,3.50,0.00,EFECTIVO
VTA-004101,2026-07-28,10:47:14,CLI-014,Juan Mendoza,PROD-018,5,4.20,0.00,EFECTIVO
VTA-004101,2026-07-28,10:47:14,CLI-014,Juan Mendoza,PROD-006,6,2.00,0.00,EFECTIVO
VTA-004101,2026-07-28,10:47:14,CLI-014,Juan Mendoza,PROD-029,5,2.80,0.00,EFECTIVO
VTA-004101,2026-07-28,10:47:14,CLI-014,Juan Mendoza,PROD-027,6,2.50,0.00,EFECTIVO
VTA-004102,2026-07-28,21:54:16,CLI-046,Carlos Castro,PROD-004,2,3.50,0.00,YAPE
VTA-004102,2026-07-28,21:54:16,CLI-046,Carlos Castro,PROD-026,6,1.50,0.74,YAPE
VTA-004102,2026-07-28,21:54:16,CLI-046,Carlos Castro,PROD-006,2,2.00,0.00,YAPE
VTA-004103,2026-07-28,17:07:04,CLI-081,Rosa Rojas,PROD-002,1,4.80,0.00,EFECTIVO
VTA-004103,2026-07-28,17:07:04,CLI-081,Rosa Rojas,PROD-003,2,10.90,0.00,EFECTIVO
VTA-004103,2026-07-28,17:07:04,CLI-081,Rosa Rojas,PROD-014,6,9.50,0.00,EFECTIVO
VTA-004103,2026-07-28,17:07:04,CLI-081,Rosa Rojas,PROD-007,4,3.50,0.00,EFECTIVO
VTA-004103,2026-07-28,17:07:04,CLI-081,Rosa Rojas,PROD-027,3,2.50,0.65,EFECTIVO
VTA-004104,2026-07-28,09:22:07,CLI-021,Rosa García,PROD-001,2,5.20,0.58,EFECTIVO
VTA-004105,2026-07-28,13:25:14,CLI-015,Milagros Mendoza,PROD-006,4,2.00,0.00,EFECTIVO
VTA-004105,2026-07-28,13:25:14,CLI-015,Milagros Mendoza,PROD-008,1,3.20,0.00,EFECTIVO
VTA-004106,2026-07-28,16:15:38,CLI-049,Lucía Castro,PROD-034,6,4.50,0.00,EFECTIVO
VTA-004106,2026-07-28,16:15:38,CLI-049,Lucía Castro,PROD-013,5,2.20,1.26,EFECTIVO
VTA-004107,2026-07-28,13:44:43,CLI-047,Ana Castro,PROD-026,4,1.50,0.00,YAPE
VTA-004107,2026-07-28,13:44:43,CLI-047,Ana Castro,PROD-008,2,3.20,0.00,YAPE
VTA-004107,2026-07-28,13:44:43,CLI-047,Ana Castro,PROD-011,1,4.50,0.00,YAPE
VTA-004108,2026-07-28,16:16:20,CLI-026,Carlos García,PROD-007,5,3.50,0.00,YAPE
VTA-004109,2026-07-28,16:27:48,CLI-011,Elena Mendoza,PROD-026,5,1.50,0.00,EFECTIVO
VTA-004109,2026-07-28,16:27:48,CLI-011,Elena Mendoza,PROD-008,1,3.20,0.00,EFECTIVO
VTA-004109,2026-07-28,16:27:48,CLI-011,Elena Mendoza,PROD-007,1,3.50,0.00,EFECTIVO
VTA-004110,2026-07-29,07:38:06,CLI-065,Carmen Díaz,PROD-026,3,1.50,0.52,YAPE
VTA-004110,2026-07-29,07:38:06,CLI-065,Carmen Díaz,PROD-033,4,9.90,0.00,YAPE
VTA-004110,2026-07-29,07:38:06,CLI-065,Carmen Díaz,PROD-015,1,8.90,0.00,YAPE
VTA-004111,2026-07-29,16:04:05,CLI-011,Elena Mendoza,PROD-031,7,0.40,0.00,PLIN
VTA-004111,2026-07-29,16:04:05,CLI-011,Elena Mendoza,PROD-016,2,11.50,0.00,PLIN
VTA-004112,2026-07-29,18:14:01,CLI-035,Milagros García,PROD-033,5,9.90,0.00,EFECTIVO
VTA-004112,2026-07-29,18:14:01,CLI-035,Milagros García,PROD-029,3,2.80,0.00,EFECTIVO
VTA-004113,2026-07-29,13:14:19,CLI-051,Elena Castro,PROD-007,1,3.50,0.00,TARJETA
VTA-004114,2026-07-29,13:02:33,CLI-003,María Mendoza,PROD-009,1,5.90,0.00,PLIN
VTA-004114,2026-07-29,13:02:33,CLI-003,María Mendoza,PROD-032,2,6.50,0.00,PLIN
VTA-004114,2026-07-29,13:02:33,CLI-003,María Mendoza,PROD-013,1,2.20,0.00,PLIN
VTA-004114,2026-07-29,13:02:33,CLI-003,María Mendoza,PROD-028,6,2.00,0.00,PLIN
VTA-004114,2026-07-29,13:02:33,CLI-003,María Mendoza,PROD-022,5,3.20,0.00,PLIN
VTA-004115,2026-07-29,18:47:33,CLI-054,Juan Castro,PROD-005,3,6.90,0.00,PLIN
VTA-004116,2026-07-29,10:57:26,CLI-008,Jorge Mendoza,PROD-008,1,3.20,0.00,YAPE
VTA-004117,2026-07-29,16:15:50,CLI-040,Marco García,PROD-028,6,2.00,0.00,EFECTIVO
VTA-004117,2026-07-29,16:15:50,CLI-040,Marco García,PROD-020,4,6.50,0.00,EFECTIVO
VTA-004118,2026-07-29,08:48:14,CLI-097,Claudia Rojas,PROD-010,6,4.00,0.00,YAPE
VTA-004118,2026-07-29,08:48:14,CLI-097,Claudia Rojas,PROD-001,1,5.20,0.00,YAPE
VTA-004118,2026-07-29,08:48:14,CLI-097,Claudia Rojas,PROD-014,6,9.50,0.00,YAPE
VTA-004118,2026-07-29,08:48:14,CLI-097,Claudia Rojas,PROD-034,3,4.50,0.00,YAPE
VTA-004119,2026-07-29,18:09:24,CLI-022,José García,PROD-013,4,2.20,0.00,EFECTIVO
VTA-004119,2026-07-29,18:09:24,CLI-022,José García,PROD-010,4,4.00,0.00,EFECTIVO
VTA-004119,2026-07-29,18:09:24,CLI-022,José García,PROD-028,1,2.00,0.00,EFECTIVO
VTA-004119,2026-07-29,18:09:24,CLI-022,José García,PROD-026,3,1.50,0.00,EFECTIVO
VTA-004120,2026-07-29,14:24:13,CLI-064,Luis Díaz,PROD-026,1,1.50,0.00,EFECTIVO
VTA-004120,2026-07-29,14:24:13,CLI-064,Luis Díaz,PROD-002,4,4.80,0.00,EFECTIVO
VTA-004120,2026-07-29,14:24:13,CLI-064,Luis Díaz,PROD-003,1,10.90,0.47,EFECTIVO
VTA-004121,2026-07-29,10:22:41,CLI-025,Carmen García,PROD-017,4,8.50,1.18,PLIN
VTA-004121,2026-07-29,10:22:41,CLI-025,Carmen García,PROD-012,1,7.90,0.00,PLIN
VTA-004121,2026-07-29,10:22:41,CLI-025,Carmen García,PROD-028,1,2.00,0.00,PLIN
VTA-004122,2026-07-29,18:01:02,CLI-080,Marco Díaz,PROD-026,2,1.50,0.00,EFECTIVO
VTA-004123,2026-07-29,11:34:02,CLI-014,Juan Mendoza,PROD-032,3,6.50,0.00,YAPE
VTA-004123,2026-07-29,11:34:02,CLI-014,Juan Mendoza,PROD-031,14,0.40,0.00,YAPE
VTA-004123,2026-07-29,11:34:02,CLI-014,Juan Mendoza,PROD-008,4,3.20,0.00,YAPE
VTA-004124,2026-07-29,13:10:52,CLI-061,Rosa Díaz,PROD-027,1,2.50,0.33,YAPE
VTA-004124,2026-07-29,13:10:52,CLI-061,Rosa Díaz,PROD-019,5,8.90,0.00,YAPE
VTA-004124,2026-07-29,13:10:52,CLI-061,Rosa Díaz,PROD-031,3,0.40,0.00,YAPE
VTA-004125,2026-07-29,16:44:58,CLI-010,Miguel Mendoza,PROD-001,4,5.20,0.00,YAPE
VTA-004125,2026-07-29,16:44:58,CLI-010,Miguel Mendoza,PROD-004,1,3.50,0.30,YAPE
VTA-004126,2026-07-29,14:57:22,CLI-033,Patricia García,PROD-006,1,2.00,0.00,YAPE
VTA-004126,2026-07-29,14:57:22,CLI-033,Patricia García,PROD-027,6,2.50,0.00,YAPE
VTA-004127,2026-07-29,21:23:45,CLI-031,Elena García,PROD-019,6,8.90,0.00,EFECTIVO
VTA-004128,2026-07-29,15:39:04,CLI-030,Miguel García,PROD-007,1,3.50,0.00,PLIN
VTA-004129,2026-07-29,13:22:03,CLI-046,Carlos Castro,PROD-016,1,11.50,0.00,TARJETA
VTA-004129,2026-07-29,13:22:03,CLI-046,Carlos Castro,PROD-003,4,10.90,0.00,TARJETA
VTA-004130,2026-07-30,17:01:09,CLI-010,Miguel Mendoza,PROD-007,4,3.50,0.00,YAPE
VTA-004131,2026-07-30,16:08:50,CLI-040,Marco García,PROD-026,5,1.50,0.63,YAPE
VTA-004131,2026-07-30,16:08:50,CLI-040,Marco García,PROD-006,5,2.00,0.00,YAPE
VTA-004132,2026-07-30,12:46:37,CLI-029,Lucía García,PROD-028,4,2.00,0.00,PLIN
VTA-004132,2026-07-30,12:46:37,CLI-029,Lucía García,PROD-003,4,10.90,0.00,PLIN
VTA-004133,2026-07-30,10:33:08,CLI-071,Elena Díaz,PROD-004,1,3.50,0.14,EFECTIVO
VTA-004134,2026-07-30,09:31:52,CLI-013,Patricia Mendoza,PROD-007,2,3.50,0.00,EFECTIVO
VTA-004134,2026-07-30,09:31:52,CLI-013,Patricia Mendoza,PROD-027,5,2.50,0.00,EFECTIVO
VTA-004134,2026-07-30,09:31:52,CLI-013,Patricia Mendoza,PROD-001,4,5.20,0.00,EFECTIVO
VTA-004134,2026-07-30,09:31:52,CLI-013,Patricia Mendoza,PROD-029,2,2.80,0.00,EFECTIVO
VTA-004135,2026-07-30,21:49:05,CLI-084,Luis Rojas,PROD-007,3,3.50,0.00,YAPE
VTA-004136,2026-07-30,18:43:52,CLI-055,Milagros Castro,PROD-034,6,4.50,0.00,YAPE
VTA-004136,2026-07-30,18:43:52,CLI-055,Milagros Castro,PROD-001,3,5.20,0.00,YAPE
VTA-004137,2026-07-30,09:42:22,CLI-009,Lucía Mendoza,PROD-011,5,4.50,0.88,TARJETA
VTA-004137,2026-07-30,09:42:22,CLI-009,Lucía Mendoza,PROD-012,3,7.90,0.00,TARJETA
VTA-004137,2026-07-30,09:42:22,CLI-009,Lucía Mendoza,PROD-020,3,6.50,0.00,TARJETA
VTA-004138,2026-07-30,09:19:10,CLI-009,Lucía Mendoza,PROD-010,4,4.00,0.00,YAPE
VTA-004139,2026-07-30,17:34:44,CLI-065,Carmen Díaz,PROD-009,6,5.90,0.00,YAPE
VTA-004139,2026-07-30,17:34:44,CLI-065,Carmen Díaz,PROD-028,6,2.00,0.00,YAPE
VTA-004140,2026-07-30,14:40:51,CLI-070,Miguel Díaz,PROD-019,1,8.90,0.00,PLIN
VTA-004141,2026-07-30,09:10:42,CLI-016,Víctor Mendoza,PROD-026,4,1.50,0.70,EFECTIVO
VTA-004142,2026-07-30,07:04:24,CLI-059,Diana Castro,PROD-010,6,4.00,0.00,PLIN
VTA-004143,2026-07-30,09:37:04,CLI-046,Carlos Castro,PROD-029,1,2.80,0.00,PLIN
VTA-004143,2026-07-30,09:37:04,CLI-046,Carlos Castro,PROD-017,3,8.50,3.63,PLIN
VTA-004144,2026-07-30,14:31:11,CLI-034,Juan García,PROD-032,4,6.50,0.00,EFECTIVO
VTA-004144,2026-07-30,14:31:11,CLI-034,Juan García,PROD-031,15,0.40,0.00,EFECTIVO
VTA-004145,2026-07-30,11:03:26,CLI-003,María Mendoza,PROD-020,2,6.50,1.78,TARJETA
VTA-004145,2026-07-30,11:03:26,CLI-003,María Mendoza,PROD-006,1,2.00,0.00,TARJETA
VTA-004145,2026-07-30,11:03:26,CLI-003,María Mendoza,PROD-011,6,4.50,0.00,TARJETA
VTA-004146,2026-07-30,21:13:30,CLI-012,Pedro Mendoza,PROD-031,13,0.40,0.00,YAPE
VTA-004146,2026-07-30,21:13:30,CLI-012,Pedro Mendoza,PROD-026,5,1.50,0.00,YAPE
VTA-004147,2026-07-30,16:32:46,CLI-059,Diana Castro,PROD-026,4,1.50,0.00,PLIN
VTA-004147,2026-07-30,16:32:46,CLI-059,Diana Castro,PROD-006,5,2.00,0.00,PLIN
VTA-004147,2026-07-30,16:32:46,CLI-059,Diana Castro,PROD-015,3,8.90,0.00,PLIN
VTA-004147,2026-07-30,16:32:46,CLI-059,Diana Castro,PROD-019,2,8.90,0.00,PLIN
VTA-004148,2026-07-30,13:22:16,CLI-031,Elena García,PROD-008,6,3.20,0.00,YAPE
VTA-004148,2026-07-30,13:22:16,CLI-031,Elena García,PROD-029,6,2.80,0.00,YAPE
VTA-004148,2026-07-30,13:22:16,CLI-031,Elena García,PROD-001,4,5.20,0.00,YAPE
VTA-004148,2026-07-30,13:22:16,CLI-031,Elena García,PROD-004,3,3.50,0.00,YAPE
VTA-004149,2026-07-30,08:49:01,CLI-062,José Díaz,PROD-006,2,2.00,0.00,EFECTIVO
VTA-004150,2026-07-31,13:38:03,CLI-079,Diana Díaz,PROD-031,17,0.40,0.00,EFECTIVO
VTA-004150,2026-07-31,13:38:03,CLI-079,Diana Díaz,PROD-027,6,2.50,0.00,EFECTIVO
VTA-004151,2026-07-31,11:30:06,CLI-057,Claudia Castro,PROD-011,5,4.50,0.00,EFECTIVO
VTA-004151,2026-07-31,11:30:06,CLI-057,Claudia Castro,PROD-022,3,3.20,0.00,EFECTIVO
VTA-004151,2026-07-31,11:30:06,CLI-057,Claudia Castro,PROD-010,5,4.00,0.00,EFECTIVO
VTA-004152,2026-07-31,11:11:40,CLI-007,Ana Mendoza,PROD-026,6,1.50,0.00,EFECTIVO
VTA-004152,2026-07-31,11:11:40,CLI-007,Ana Mendoza,PROD-027,3,2.50,0.00,EFECTIVO
VTA-004152,2026-07-31,11:11:40,CLI-007,Ana Mendoza,PROD-029,1,2.80,0.00,EFECTIVO
VTA-004152,2026-07-31,11:11:40,CLI-007,Ana Mendoza,PROD-006,2,2.00,0.00,EFECTIVO
VTA-004152,2026-07-31,11:11:40,CLI-007,Ana Mendoza,PROD-018,2,4.20,0.00,EFECTIVO
VTA-004153,2026-07-31,10:05:33,CLI-028,Jorge García,PROD-028,1,2.00,0.00,EFECTIVO
VTA-004153,2026-07-31,10:05:33,CLI-028,Jorge García,PROD-002,1,4.80,0.00,EFECTIVO
VTA-004153,2026-07-31,10:05:33,CLI-028,Jorge García,PROD-016,3,11.50,0.00,EFECTIVO
VTA-004154,2026-07-31,17:24:15,CLI-003,María Mendoza,PROD-016,6,11.50,0.00,TARJETA
VTA-004154,2026-07-31,17:24:15,CLI-003,María Mendoza,PROD-029,5,2.80,0.00,TARJETA
VTA-004154,2026-07-31,17:24:15,CLI-003,María Mendoza,PROD-001,3,5.20,0.00,TARJETA
VTA-004155,2026-07-31,17:14:02,CLI-025,Carmen García,PROD-023,2,7.50,0.00,TARJETA
VTA-004155,2026-07-31,17:14:02,CLI-025,Carmen García,PROD-007,4,3.50,0.00,TARJETA
VTA-004156,2026-07-31,12:41:13,CLI-046,Carlos Castro,PROD-001,2,5.20,0.00,EFECTIVO
VTA-004157,2026-07-31,19:13:49,CLI-015,Milagros Mendoza,PROD-031,14,0.40,0.00,EFECTIVO
VTA-004158,2026-07-31,11:55:11,CLI-007,Ana Mendoza,PROD-018,2,4.20,0.00,YAPE
VTA-004158,2026-07-31,11:55:11,CLI-007,Ana Mendoza,PROD-023,4,7.50,0.00,YAPE
VTA-004159,2026-07-31,21:12:12,CLI-062,José Díaz,PROD-031,11,0.40,0.00,EFECTIVO
VTA-004159,2026-07-31,21:12:12,CLI-062,José Díaz,PROD-028,4,2.00,0.65,EFECTIVO
VTA-004159,2026-07-31,21:12:12,CLI-062,José Díaz,PROD-013,6,2.20,0.00,EFECTIVO
VTA-004160,2026-07-31,13:00:17,CLI-014,Juan Mendoza,PROD-003,6,10.90,0.00,PLIN
VTA-004160,2026-07-31,13:00:17,CLI-014,Juan Mendoza,PROD-011,3,4.50,0.00,PLIN
VTA-004161,2026-07-31,17:07:19,CLI-034,Juan García,PROD-032,5,6.50,0.00,YAPE
VTA-004161,2026-07-31,17:07:19,CLI-034,Juan García,PROD-008,1,3.20,0.00,YAPE
VTA-004162,2026-07-31,11:41:59,CLI-036,Víctor García,PROD-007,4,3.50,1.00,EFECTIVO
VTA-004163,2026-07-31,11:24:26,CLI-031,Elena García,PROD-018,2,4.20,0.00,PLIN
VTA-004163,2026-07-31,11:24:26,CLI-031,Elena García,PROD-002,4,4.80,0.00,PLIN
VTA-004163,2026-07-31,11:24:26,CLI-031,Elena García,PROD-007,2,3.50,0.00,PLIN
VTA-004164,2026-07-31,20:03:45,CLI-046,Carlos Castro,PROD-026,1,1.50,0.00,EFECTIVO
VTA-004164,2026-07-31,20:03:45,CLI-046,Carlos Castro,PROD-029,1,2.80,0.00,EFECTIVO
VTA-004165,2026-07-31,14:21:43,CLI-026,Carlos García,PROD-006,6,2.00,0.00,YAPE
VTA-004165,2026-07-31,14:21:43,CLI-026,Carlos García,PROD-019,3,8.90,0.00,YAPE
VTA-004166,2026-07-31,11:56:52,CLI-020,Marco Mendoza,PROD-031,5,0.40,0.00,TARJETA
VTA-004167,2026-07-31,08:02:48,CLI-041,Rosa Castro,PROD-003,6,10.90,0.00,EFECTIVO
VTA-004167,2026-07-31,08:02:48,CLI-041,Rosa Castro,PROD-023,6,7.50,0.00,EFECTIVO
VTA-004167,2026-07-31,08:02:48,CLI-041,Rosa Castro,PROD-026,2,1.50,0.00,EFECTIVO
VTA-004167,2026-07-31,08:02:48,CLI-041,Rosa Castro,PROD-013,2,2.20,0.00,EFECTIVO
VTA-004167,2026-07-31,08:02:48,CLI-041,Rosa Castro,PROD-008,3,3.20,0.00,EFECTIVO
VTA-004168,2026-07-31,15:16:38,CLI-004,Luis Mendoza,PROD-028,4,2.00,0.00,PLIN
VTA-004168,2026-07-31,15:16:38,CLI-004,Luis Mendoza,PROD-008,1,3.20,0.08,PLIN
VTA-004168,2026-07-31,15:16:38,CLI-004,Luis Mendoza,PROD-004,5,3.50,0.00,PLIN
VTA-004168,2026-07-31,15:16:38,CLI-004,Luis Mendoza,PROD-007,5,3.50,0.81,PLIN
VTA-004169,2026-07-31,11:55:49,CLI-052,Pedro Castro,PROD-001,5,5.20,0.00,YAPE
VTA-004170,2026-07-31,11:53:26,CLI-001,Rosa Mendoza,PROD-031,20,0.40,1.05,YAPE
VTA-004170,2026-07-31,11:53:26,CLI-001,Rosa Mendoza,PROD-008,1,3.20,0.00,YAPE
VTA-004170,2026-07-31,11:53:26,CLI-001,Rosa Mendoza,PROD-003,5,10.90,0.00,YAPE
VTA-004170,2026-07-31,11:53:26,CLI-001,Rosa Mendoza,PROD-022,3,3.20,0.00,YAPE
VTA-004170,2026-07-31,11:53:26,CLI-001,Rosa Mendoza,PROD-013,1,2.20,0.00,YAPE
VTA-004171,2026-08-01,19:17:33,CLI-077,Claudia Díaz,PROD-026,1,1.50,0.00,YAPE
VTA-004171,2026-08-01,19:17:33,CLI-077,Claudia Díaz,PROD-031,11,0.40,0.00,YAPE
VTA-004171,2026-08-01,19:17:33,CLI-077,Claudia Díaz,PROD-007,2,3.50,0.00,YAPE
VTA-004171,2026-08-01,19:17:33,CLI-077,Claudia Díaz,PROD-034,5,4.50,0.00,YAPE
VTA-004172,2026-08-01,14:53:37,CLI-065,Carmen Díaz,PROD-026,3,1.50,0.00,TARJETA
VTA-004172,2026-08-01,14:53:37,CLI-065,Carmen Díaz,PROD-004,3,3.50,0.00,TARJETA
VTA-004173,2026-08-01,08:46:13,CLI-059,Diana Castro,PROD-001,2,5.20,0.00,TARJETA
VTA-004173,2026-08-01,08:46:13,CLI-059,Diana Castro,PROD-008,2,3.20,0.00,TARJETA
VTA-004174,2026-08-01,12:01:57,CLI-003,María Mendoza,PROD-004,5,3.50,0.00,PLIN
VTA-004175,2026-08-01,13:02:55,CLI-091,Elena Rojas,PROD-007,2,3.50,0.00,PLIN
VTA-004175,2026-08-01,13:02:55,CLI-091,Elena Rojas,PROD-004,6,3.50,0.00,PLIN
VTA-004176,2026-08-01,17:36:12,CLI-043,María Castro,PROD-013,1,2.20,0.24,TARJETA
VTA-004176,2026-08-01,17:36:12,CLI-043,María Castro,PROD-009,6,5.90,0.00,TARJETA
VTA-004177,2026-08-01,17:54:00,CLI-028,Jorge García,PROD-029,6,2.80,0.00,EFECTIVO
VTA-004177,2026-08-01,17:54:00,CLI-028,Jorge García,PROD-026,5,1.50,0.00,EFECTIVO
VTA-004178,2026-08-01,20:16:38,CLI-002,José Mendoza,PROD-004,2,3.50,0.00,EFECTIVO
VTA-004178,2026-08-01,20:16:38,CLI-002,José Mendoza,PROD-005,5,6.90,0.00,EFECTIVO
VTA-004179,2026-08-01,08:46:37,CLI-079,Diana Díaz,PROD-009,2,5.90,0.00,TARJETA
VTA-004179,2026-08-01,08:46:37,CLI-079,Diana Díaz,PROD-001,1,5.20,0.00,TARJETA
VTA-004179,2026-08-01,08:46:37,CLI-079,Diana Díaz,PROD-006,2,2.00,0.00,TARJETA
VTA-004180,2026-08-01,18:07:15,CLI-015,Milagros Mendoza,PROD-012,6,7.90,0.00,EFECTIVO
VTA-004180,2026-08-01,18:07:15,CLI-015,Milagros Mendoza,PROD-034,4,4.50,0.00,EFECTIVO
VTA-004181,2026-08-01,20:02:31,CLI-014,Juan Mendoza,PROD-010,5,4.00,0.00,EFECTIVO
VTA-004181,2026-08-01,20:02:31,CLI-014,Juan Mendoza,PROD-007,3,3.50,0.00,EFECTIVO
VTA-004181,2026-08-01,20:02:31,CLI-014,Juan Mendoza,PROD-017,4,8.50,0.00,EFECTIVO
VTA-004182,2026-08-01,16:24:22,CLI-012,Pedro Mendoza,PROD-001,5,5.20,0.00,EFECTIVO
VTA-004182,2026-08-01,16:24:22,CLI-012,Pedro Mendoza,PROD-011,2,4.50,0.00,EFECTIVO
VTA-004182,2026-08-01,16:24:22,CLI-012,Pedro Mendoza,PROD-006,5,2.00,0.00,EFECTIVO
VTA-004183,2026-08-01,12:27:48,CLI-035,Milagros García,PROD-006,3,2.00,0.00,EFECTIVO
VTA-004184,2026-08-01,11:56:11,CLI-016,Víctor Mendoza,PROD-004,6,3.50,0.00,EFECTIVO
VTA-004184,2026-08-01,11:56:11,CLI-016,Víctor Mendoza,PROD-028,5,2.00,1.26,EFECTIVO
VTA-004184,2026-08-01,11:56:11,CLI-016,Víctor Mendoza,PROD-022,2,3.20,0.00,EFECTIVO
VTA-004185,2026-08-01,13:47:23,CLI-096,Víctor Rojas,PROD-011,1,4.50,0.00,YAPE
VTA-004185,2026-08-01,13:47:23,CLI-096,Víctor Rojas,PROD-018,1,4.20,0.00,YAPE
VTA-004186,2026-08-01,17:47:40,CLI-054,Juan Castro,PROD-005,5,6.90,0.00,EFECTIVO
VTA-004186,2026-08-01,17:47:40,CLI-054,Juan Castro,PROD-006,5,2.00,1.47,EFECTIVO
VTA-004187,2026-08-01,13:34:01,CLI-010,Miguel Mendoza,PROD-007,1,3.50,0.00,EFECTIVO
VTA-004187,2026-08-01,13:34:01,CLI-010,Miguel Mendoza,PROD-028,2,2.00,0.00,EFECTIVO
VTA-004187,2026-08-01,13:34:01,CLI-010,Miguel Mendoza,PROD-010,2,4.00,0.00,EFECTIVO
VTA-004187,2026-08-01,13:34:01,CLI-010,Miguel Mendoza,PROD-006,4,2.00,0.00,EFECTIVO
VTA-004187,2026-08-01,13:34:01,CLI-010,Miguel Mendoza,PROD-004,6,3.50,0.00,EFECTIVO
VTA-004188,2026-08-01,15:56:22,CLI-054,Juan Castro,PROD-002,3,4.80,0.00,TARJETA
VTA-004189,2026-08-01,16:15:35,CLI-058,Renzo Castro,PROD-003,6,10.90,1.45,TARJETA
VTA-004190,2026-08-01,17:48:47,CLI-084,Luis Rojas,PROD-006,5,2.00,0.00,PLIN
VTA-004190,2026-08-01,17:48:47,CLI-084,Luis Rojas,PROD-011,3,4.50,0.00,PLIN
VTA-004190,2026-08-01,17:48:47,CLI-084,Luis Rojas,PROD-002,1,4.80,0.00,PLIN
VTA-004191,2026-08-01,13:38:29,CLI-036,Víctor García,PROD-002,3,4.80,0.30,YAPE
VTA-004191,2026-08-01,13:38:29,CLI-036,Víctor García,PROD-031,20,0.40,0.00,YAPE
VTA-004191,2026-08-01,13:38:29,CLI-036,Víctor García,PROD-003,4,10.90,0.00,YAPE
VTA-004192,2026-08-01,20:10:40,CLI-064,Luis Díaz,PROD-031,9,0.40,0.22,EFECTIVO
VTA-004192,2026-08-01,20:10:40,CLI-064,Luis Díaz,PROD-007,6,3.50,0.00,EFECTIVO
VTA-004192,2026-08-01,20:10:40,CLI-064,Luis Díaz,PROD-013,5,2.20,0.00,EFECTIVO
VTA-004193,2026-08-02,16:15:16,CLI-010,Miguel Mendoza,PROD-008,6,3.20,0.00,EFECTIVO
VTA-004193,2026-08-02,16:15:16,CLI-010,Miguel Mendoza,PROD-011,1,4.50,0.00,EFECTIVO
VTA-004194,2026-08-02,14:08:21,CLI-017,Claudia Mendoza,PROD-007,4,3.50,0.00,PLIN
VTA-004194,2026-08-02,14:08:21,CLI-017,Claudia Mendoza,PROD-011,3,4.50,0.00,PLIN
VTA-004194,2026-08-02,14:08:21,CLI-017,Claudia Mendoza,PROD-029,5,2.80,0.00,PLIN
VTA-004195,2026-08-02,07:56:59,CLI-068,Jorge Díaz,PROD-002,4,4.80,0.00,YAPE
VTA-004195,2026-08-02,07:56:59,CLI-068,Jorge Díaz,PROD-029,2,2.80,0.00,YAPE
VTA-004196,2026-08-02,14:50:25,CLI-063,María Díaz,PROD-007,2,3.50,0.71,EFECTIVO
VTA-004196,2026-08-02,14:50:25,CLI-063,María Díaz,PROD-001,4,5.20,0.00,EFECTIVO
VTA-004196,2026-08-02,14:50:25,CLI-063,María Díaz,PROD-031,6,0.40,0.00,EFECTIVO
VTA-004197,2026-08-02,09:32:10,CLI-066,Carlos Díaz,PROD-015,3,8.90,0.00,YAPE
VTA-004197,2026-08-02,09:32:10,CLI-066,Carlos Díaz,PROD-033,2,9.90,0.00,YAPE
VTA-004197,2026-08-02,09:32:10,CLI-066,Carlos Díaz,PROD-031,20,0.40,0.00,YAPE
VTA-004197,2026-08-02,09:32:10,CLI-066,Carlos Díaz,PROD-004,4,3.50,0.00,YAPE
VTA-004197,2026-08-02,09:32:10,CLI-066,Carlos Díaz,PROD-029,6,2.80,1.17,YAPE
VTA-004198,2026-08-02,12:28:16,CLI-059,Diana Castro,PROD-003,4,10.90,0.00,EFECTIVO
VTA-004198,2026-08-02,12:28:16,CLI-059,Diana Castro,PROD-007,5,3.50,0.00,EFECTIVO
VTA-004199,2026-08-02,15:19:20,CLI-019,Diana Mendoza,PROD-016,3,11.50,0.00,EFECTIVO
VTA-004199,2026-08-02,15:19:20,CLI-019,Diana Mendoza,PROD-001,4,5.20,0.00,EFECTIVO
VTA-004200,2026-08-02,08:13:07,CLI-037,Claudia García,PROD-011,2,4.50,0.00,EFECTIVO
VTA-004200,2026-08-02,08:13:07,CLI-037,Claudia García,PROD-028,2,2.00,0.00,EFECTIVO
VTA-004200,2026-08-02,08:13:07,CLI-037,Claudia García,PROD-003,5,10.90,0.00,EFECTIVO
VTA-004201,2026-08-02,16:30:24,CLI-079,Diana Díaz,PROD-026,1,1.50,0.00,EFECTIVO
VTA-004201,2026-08-02,16:30:24,CLI-079,Diana Díaz,PROD-004,4,3.50,0.00,EFECTIVO
VTA-004201,2026-08-02,16:30:24,CLI-079,Diana Díaz,PROD-022,5,3.20,0.00,EFECTIVO
VTA-004201,2026-08-02,16:30:24,CLI-079,Diana Díaz,PROD-010,4,4.00,0.00,EFECTIVO
VTA-004201,2026-08-02,16:30:24,CLI-079,Diana Díaz,PROD-019,1,8.90,0.00,EFECTIVO
VTA-004202,2026-08-02,13:25:29,CLI-041,Rosa Castro,PROD-011,5,4.50,0.00,PLIN
VTA-004203,2026-08-02,12:10:47,CLI-039,Diana García,PROD-001,3,5.20,0.00,EFECTIVO
VTA-004204,2026-08-02,12:26:55,CLI-066,Carlos Díaz,PROD-002,2,4.80,0.00,YAPE
VTA-004204,2026-08-02,12:26:55,CLI-066,Carlos Díaz,PROD-026,3,1.50,0.00,YAPE
VTA-004204,2026-08-02,12:26:55,CLI-066,Carlos Díaz,PROD-011,2,4.50,0.00,YAPE
VTA-004204,2026-08-02,12:26:55,CLI-066,Carlos Díaz,PROD-006,6,2.00,0.00,YAPE
VTA-004204,2026-08-02,12:26:55,CLI-066,Carlos Díaz,PROD-008,2,3.20,0.00,YAPE
VTA-004205,2026-08-02,08:08:18,CLI-038,Renzo García,PROD-003,2,10.90,0.00,EFECTIVO
VTA-004205,2026-08-02,08:08:18,CLI-038,Renzo García,PROD-027,5,2.50,0.00,EFECTIVO
VTA-004206,2026-08-02,12:39:52,CLI-019,Diana Mendoza,PROD-011,5,4.50,0.00,YAPE
VTA-004206,2026-08-02,12:39:52,CLI-019,Diana Mendoza,PROD-031,18,0.40,0.00,YAPE
VTA-004207,2026-08-02,08:30:33,CLI-003,María Mendoza,PROD-028,5,2.00,0.00,EFECTIVO
VTA-004207,2026-08-02,08:30:33,CLI-003,María Mendoza,PROD-027,6,2.50,0.00,EFECTIVO
VTA-004207,2026-08-02,08:30:33,CLI-003,María Mendoza,PROD-009,6,5.90,0.00,EFECTIVO
VTA-004207,2026-08-02,08:30:33,CLI-003,María Mendoza,PROD-013,1,2.20,0.00,EFECTIVO
VTA-004208,2026-08-02,09:47:59,CLI-006,Carlos Mendoza,PROD-002,2,4.80,0.00,EFECTIVO
VTA-004209,2026-08-02,11:52:37,CLI-091,Elena Rojas,PROD-004,2,3.50,0.00,EFECTIVO
VTA-004210,2026-08-02,21:51:34,CLI-032,Pedro García,PROD-005,2,6.90,0.00,EFECTIVO
VTA-004210,2026-08-02,21:51:34,CLI-032,Pedro García,PROD-012,4,7.90,0.95,EFECTIVO
VTA-004211,2026-08-02,17:28:28,CLI-023,María García,PROD-004,1,3.50,0.00,EFECTIVO
VTA-004212,2026-08-02,10:16:19,CLI-014,Juan Mendoza,PROD-022,2,3.20,0.00,YAPE
VTA-004212,2026-08-02,10:16:19,CLI-014,Juan Mendoza,PROD-027,6,2.50,1.86,YAPE
VTA-004213,2026-08-02,09:26:51,CLI-013,Patricia Mendoza,PROD-034,2,4.50,0.47,EFECTIVO
VTA-004214,2026-08-02,08:00:52,CLI-070,Miguel Díaz,PROD-029,5,2.80,0.00,EFECTIVO
VTA-004214,2026-08-02,08:00:52,CLI-070,Miguel Díaz,PROD-010,3,4.00,0.00,EFECTIVO
VTA-004215,2026-08-02,16:37:51,CLI-046,Carlos Castro,PROD-018,4,4.20,0.00,EFECTIVO
VTA-004216,2026-08-02,10:00:41,CLI-053,Patricia Castro,PROD-013,3,2.20,0.00,TARJETA
VTA-004217,2026-08-02,08:44:11,CLI-055,Milagros Castro,PROD-027,3,2.50,0.00,YAPE
VTA-004218,2026-08-03,16:29:41,CLI-009,Lucía Mendoza,PROD-034,6,4.50,0.00,EFECTIVO
VTA-004219,2026-08-03,07:16:06,CLI-056,Víctor Castro,PROD-002,5,4.80,0.00,EFECTIVO
VTA-004219,2026-08-03,07:16:06,CLI-056,Víctor Castro,PROD-010,4,4.00,0.00,EFECTIVO
VTA-004219,2026-08-03,07:16:06,CLI-056,Víctor Castro,PROD-003,6,10.90,0.00,EFECTIVO
VTA-004219,2026-08-03,07:16:06,CLI-056,Víctor Castro,PROD-016,3,11.50,0.00,EFECTIVO
VTA-004219,2026-08-03,07:16:06,CLI-056,Víctor Castro,PROD-006,5,2.00,0.00,EFECTIVO
VTA-004220,2026-08-03,16:15:15,CLI-014,Juan Mendoza,PROD-023,4,7.50,0.00,YAPE
VTA-004221,2026-08-03,07:48:39,CLI-006,Carlos Mendoza,PROD-003,1,10.90,1.20,EFECTIVO
VTA-004221,2026-08-03,07:48:39,CLI-006,Carlos Mendoza,PROD-001,5,5.20,0.00,EFECTIVO
VTA-004222,2026-08-03,07:48:22,CLI-009,Lucía Mendoza,PROD-029,2,2.80,0.00,YAPE
VTA-004222,2026-08-03,07:48:22,CLI-009,Lucía Mendoza,PROD-034,2,4.50,0.00,YAPE
VTA-004222,2026-08-03,07:48:22,CLI-009,Lucía Mendoza,PROD-019,6,8.90,0.00,YAPE
VTA-004223,2026-08-03,09:47:57,CLI-088,Jorge Rojas,PROD-001,4,5.20,0.00,YAPE
VTA-004223,2026-08-03,09:47:57,CLI-088,Jorge Rojas,PROD-003,4,10.90,0.00,YAPE
VTA-004224,2026-08-03,09:31:38,CLI-010,Miguel Mendoza,PROD-013,1,2.20,0.00,YAPE
VTA-004224,2026-08-03,09:31:38,CLI-010,Miguel Mendoza,PROD-009,1,5.90,0.00,YAPE
VTA-004225,2026-08-03,20:34:06,CLI-007,Ana Mendoza,PROD-019,5,8.90,0.00,YAPE
VTA-004225,2026-08-03,20:34:06,CLI-007,Ana Mendoza,PROD-007,1,3.50,0.00,YAPE
VTA-004225,2026-08-03,20:34:06,CLI-007,Ana Mendoza,PROD-029,3,2.80,0.53,YAPE
VTA-004226,2026-08-03,10:17:50,CLI-011,Elena Mendoza,PROD-004,4,3.50,0.00,EFECTIVO
VTA-004226,2026-08-03,10:17:50,CLI-011,Elena Mendoza,PROD-013,2,2.20,0.48,EFECTIVO
VTA-004226,2026-08-03,10:17:50,CLI-011,Elena Mendoza,PROD-028,4,2.00,0.65,EFECTIVO
VTA-004226,2026-08-03,10:17:50,CLI-011,Elena Mendoza,PROD-032,1,6.50,0.00,EFECTIVO
VTA-004227,2026-08-03,07:31:36,CLI-095,Milagros Rojas,PROD-001,6,5.20,0.00,YAPE
VTA-004227,2026-08-03,07:31:36,CLI-095,Milagros Rojas,PROD-023,4,7.50,0.00,YAPE
VTA-004228,2026-08-03,08:21:04,CLI-027,Ana García,PROD-002,1,4.80,0.37,PLIN
VTA-004228,2026-08-03,08:21:04,CLI-027,Ana García,PROD-012,6,7.90,0.00,PLIN
VTA-004228,2026-08-03,08:21:04,CLI-027,Ana García,PROD-007,3,3.50,0.00,PLIN
VTA-004229,2026-08-03,12:52:22,CLI-049,Lucía Castro,PROD-003,6,10.90,6.98,YAPE
VTA-004229,2026-08-03,12:52:22,CLI-049,Lucía Castro,PROD-016,3,11.50,0.00,YAPE
VTA-004230,2026-08-03,16:35:31,CLI-011,Elena Mendoza,PROD-007,6,3.50,0.00,TARJETA
VTA-004230,2026-08-03,16:35:31,CLI-011,Elena Mendoza,PROD-028,2,2.00,0.00,TARJETA
VTA-004231,2026-08-03,10:14:11,CLI-074,Juan Díaz,PROD-004,3,3.50,0.00,YAPE
VTA-004231,2026-08-03,10:14:11,CLI-074,Juan Díaz,PROD-026,3,1.50,0.00,YAPE
VTA-004231,2026-08-03,10:14:11,CLI-074,Juan Díaz,PROD-019,1,8.90,0.00,YAPE
VTA-004232,2026-08-03,19:37:20,CLI-061,Rosa Díaz,PROD-027,3,2.50,0.00,EFECTIVO
VTA-004233,2026-08-03,08:18:14,CLI-090,Miguel Rojas,PROD-008,4,3.20,0.00,YAPE
VTA-004233,2026-08-03,08:18:14,CLI-090,Miguel Rojas,PROD-002,4,4.80,0.00,YAPE
VTA-004234,2026-08-03,12:57:18,CLI-024,Luis García,PROD-006,3,2.00,0.00,EFECTIVO
VTA-004234,2026-08-03,12:57:18,CLI-024,Luis García,PROD-029,5,2.80,0.00,EFECTIVO
VTA-004235,2026-08-03,14:21:50,CLI-012,Pedro Mendoza,PROD-007,3,3.50,0.00,EFECTIVO
VTA-004235,2026-08-03,14:21:50,CLI-012,Pedro Mendoza,PROD-013,4,2.20,0.00,EFECTIVO
VTA-004236,2026-08-03,08:15:51,CLI-030,Miguel García,PROD-026,1,1.50,0.21,YAPE
VTA-004237,2026-08-03,16:01:50,CLI-020,Marco Mendoza,PROD-029,3,2.80,0.00,EFECTIVO
VTA-004238,2026-08-04,12:17:01,CLI-064,Luis Díaz,PROD-001,3,5.20,0.00,YAPE
VTA-004239,2026-08-04,11:50:27,CLI-002,José Mendoza,PROD-026,5,1.50,0.00,EFECTIVO
VTA-004239,2026-08-04,11:50:27,CLI-002,José Mendoza,PROD-011,3,4.50,0.00,EFECTIVO
VTA-004239,2026-08-04,11:50:27,CLI-002,José Mendoza,PROD-007,6,3.50,0.61,EFECTIVO
VTA-004240,2026-08-04,18:37:04,CLI-079,Diana Díaz,PROD-006,2,2.00,0.00,EFECTIVO
VTA-004241,2026-08-04,14:00:21,CLI-005,Carmen Mendoza,PROD-028,6,2.00,0.00,EFECTIVO
VTA-004241,2026-08-04,14:00:21,CLI-005,Carmen Mendoza,PROD-002,1,4.80,0.00,EFECTIVO
VTA-004242,2026-08-04,13:57:42,CLI-003,María Mendoza,PROD-001,1,5.20,0.00,EFECTIVO
VTA-004242,2026-08-04,13:57:42,CLI-003,María Mendoza,PROD-006,6,2.00,0.00,EFECTIVO
VTA-004242,2026-08-04,13:57:42,CLI-003,María Mendoza,PROD-010,3,4.00,0.00,EFECTIVO
VTA-004243,2026-08-04,17:33:51,CLI-058,Renzo Castro,PROD-004,3,3.50,0.00,EFECTIVO
VTA-004243,2026-08-04,17:33:51,CLI-058,Renzo Castro,PROD-009,5,5.90,0.00,EFECTIVO
VTA-004243,2026-08-04,17:33:51,CLI-058,Renzo Castro,PROD-011,2,4.50,0.00,EFECTIVO
VTA-004244,2026-08-04,20:20:53,CLI-040,Marco García,PROD-033,3,9.90,0.00,YAPE
VTA-004244,2026-08-04,20:20:53,CLI-040,Marco García,PROD-002,3,4.80,0.00,YAPE
VTA-004245,2026-08-04,16:26:37,CLI-016,Víctor Mendoza,PROD-034,3,4.50,0.00,PLIN
VTA-004245,2026-08-04,16:26:37,CLI-016,Víctor Mendoza,PROD-003,3,10.90,0.00,PLIN
VTA-004245,2026-08-04,16:26:37,CLI-016,Víctor Mendoza,PROD-001,4,5.20,0.00,PLIN
VTA-004245,2026-08-04,16:26:37,CLI-016,Víctor Mendoza,PROD-011,5,4.50,0.00,PLIN
VTA-004245,2026-08-04,16:26:37,CLI-016,Víctor Mendoza,PROD-007,6,3.50,0.00,PLIN
VTA-004246,2026-08-04,14:12:14,CLI-081,Rosa Rojas,PROD-034,5,4.50,0.00,EFECTIVO
VTA-004246,2026-08-04,14:12:14,CLI-081,Rosa Rojas,PROD-002,3,4.80,0.00,EFECTIVO
VTA-004246,2026-08-04,14:12:14,CLI-081,Rosa Rojas,PROD-008,1,3.20,0.00,EFECTIVO
VTA-004246,2026-08-04,14:12:14,CLI-081,Rosa Rojas,PROD-026,5,1.50,0.38,EFECTIVO
VTA-004247,2026-08-04,09:46:09,CLI-037,Claudia García,PROD-031,11,0.40,0.00,TARJETA
VTA-004247,2026-08-04,09:46:09,CLI-037,Claudia García,PROD-028,4,2.00,0.00,TARJETA
VTA-004248,2026-08-04,08:35:57,CLI-008,Jorge Mendoza,PROD-028,3,2.00,0.00,YAPE
VTA-004248,2026-08-04,08:35:57,CLI-008,Jorge Mendoza,PROD-016,6,11.50,0.00,YAPE
VTA-004249,2026-08-04,15:11:03,CLI-012,Pedro Mendoza,PROD-011,6,4.50,0.00,EFECTIVO
VTA-004249,2026-08-04,15:11:03,CLI-012,Pedro Mendoza,PROD-006,4,2.00,0.00,EFECTIVO
VTA-004249,2026-08-04,15:11:03,CLI-012,Pedro Mendoza,PROD-003,5,10.90,0.00,EFECTIVO
VTA-004249,2026-08-04,15:11:03,CLI-012,Pedro Mendoza,PROD-026,4,1.50,0.56,EFECTIVO
VTA-004250,2026-08-04,20:52:25,CLI-040,Marco García,PROD-028,5,2.00,0.00,EFECTIVO
VTA-004250,2026-08-04,20:52:25,CLI-040,Marco García,PROD-022,4,3.20,1.32,EFECTIVO
VTA-004250,2026-08-04,20:52:25,CLI-040,Marco García,PROD-009,3,5.90,0.00,EFECTIVO
VTA-004251,2026-08-04,21:27:58,CLI-048,Jorge Castro,PROD-011,3,4.50,0.00,YAPE
VTA-004251,2026-08-04,21:27:58,CLI-048,Jorge Castro,PROD-005,2,6.90,0.93,YAPE
VTA-004252,2026-08-04,11:06:39,CLI-066,Carlos Díaz,PROD-003,4,10.90,0.00,TARJETA
VTA-004252,2026-08-04,11:06:39,CLI-066,Carlos Díaz,PROD-005,5,6.90,0.00,TARJETA
VTA-004252,2026-08-04,11:06:39,CLI-066,Carlos Díaz,PROD-009,3,5.90,0.00,TARJETA
VTA-004253,2026-08-04,16:09:45,CLI-069,Lucía Díaz,PROD-011,5,4.50,0.00,PLIN
VTA-004254,2026-08-04,08:51:09,CLI-025,Carmen García,PROD-019,4,8.90,0.00,TARJETA
VTA-004254,2026-08-04,08:51:09,CLI-025,Carmen García,PROD-006,6,2.00,0.00,TARJETA
VTA-004254,2026-08-04,08:51:09,CLI-025,Carmen García,PROD-026,2,1.50,0.00,TARJETA
VTA-004255,2026-08-04,08:39:56,CLI-064,Luis Díaz,PROD-008,3,3.20,0.00,TARJETA
VTA-004256,2026-08-05,16:51:36,CLI-040,Marco García,PROD-028,1,2.00,0.00,EFECTIVO
VTA-004256,2026-08-05,16:51:36,CLI-040,Marco García,PROD-011,5,4.50,0.00,EFECTIVO
VTA-004257,2026-08-05,16:45:10,CLI-020,Marco Mendoza,PROD-013,4,2.20,0.00,EFECTIVO
VTA-004258,2026-08-05,15:45:48,CLI-030,Miguel García,PROD-006,5,2.00,0.00,PLIN
VTA-004259,2026-08-05,10:52:34,CLI-063,María Díaz,PROD-026,2,1.50,0.00,EFECTIVO
VTA-004259,2026-08-05,10:52:34,CLI-063,María Díaz,PROD-004,3,3.50,0.00,EFECTIVO
VTA-004260,2026-08-05,12:37:47,CLI-091,Elena Rojas,PROD-019,2,8.90,0.00,YAPE
VTA-004260,2026-08-05,12:37:47,CLI-091,Elena Rojas,PROD-028,5,2.00,0.00,YAPE
VTA-004261,2026-08-05,15:21:45,CLI-083,María Rojas,PROD-009,5,5.90,0.00,EFECTIVO
VTA-004261,2026-08-05,15:21:45,CLI-083,María Rojas,PROD-031,13,0.40,0.00,EFECTIVO
VTA-004261,2026-08-05,15:21:45,CLI-083,María Rojas,PROD-007,3,3.50,0.00,EFECTIVO
VTA-004262,2026-08-05,07:13:18,CLI-011,Elena Mendoza,PROD-010,4,4.00,0.00,EFECTIVO
VTA-004263,2026-08-05,15:31:14,CLI-030,Miguel García,PROD-016,4,11.50,5.24,EFECTIVO
VTA-004263,2026-08-05,15:31:14,CLI-030,Miguel García,PROD-027,1,2.50,0.00,EFECTIVO
VTA-004263,2026-08-05,15:31:14,CLI-030,Miguel García,PROD-002,6,4.80,0.00,EFECTIVO
VTA-004263,2026-08-05,15:31:14,CLI-030,Miguel García,PROD-008,5,3.20,0.00,EFECTIVO
VTA-004263,2026-08-05,15:31:14,CLI-030,Miguel García,PROD-001,5,5.20,0.00,EFECTIVO
VTA-004264,2026-08-05,16:46:14,CLI-034,Juan García,PROD-023,5,7.50,0.00,EFECTIVO
VTA-004264,2026-08-05,16:46:14,CLI-034,Juan García,PROD-002,5,4.80,0.00,EFECTIVO
VTA-004264,2026-08-05,16:46:14,CLI-034,Juan García,PROD-006,3,2.00,0.90,EFECTIVO
VTA-004265,2026-08-05,15:22:35,CLI-013,Patricia Mendoza,PROD-017,4,8.50,0.00,EFECTIVO
VTA-004265,2026-08-05,15:22:35,CLI-013,Patricia Mendoza,PROD-034,1,4.50,0.00,EFECTIVO
VTA-004266,2026-08-05,21:13:07,CLI-005,Carmen Mendoza,PROD-015,2,8.90,0.82,TARJETA
VTA-004267,2026-08-05,19:58:17,CLI-024,Luis García,PROD-001,5,5.20,0.00,EFECTIVO
VTA-004268,2026-08-05,14:01:43,CLI-051,Elena Castro,PROD-032,6,6.50,0.00,YAPE
VTA-004268,2026-08-05,14:01:43,CLI-051,Elena Castro,PROD-033,6,9.90,0.00,YAPE
VTA-004269,2026-08-05,15:27:16,CLI-036,Víctor García,PROD-011,1,4.50,0.00,TARJETA
VTA-004269,2026-08-05,15:27:16,CLI-036,Víctor García,PROD-029,2,2.80,0.00,TARJETA
VTA-004269,2026-08-05,15:27:16,CLI-036,Víctor García,PROD-010,4,4.00,0.00,TARJETA
VTA-004270,2026-08-05,07:30:30,CLI-098,Renzo Rojas,PROD-013,3,2.20,0.96,EFECTIVO
VTA-004270,2026-08-05,07:30:30,CLI-098,Renzo Rojas,PROD-026,3,1.50,0.60,EFECTIVO
VTA-004270,2026-08-05,07:30:30,CLI-098,Renzo Rojas,PROD-032,2,6.50,0.00,EFECTIVO
VTA-004271,2026-08-06,21:45:49,CLI-040,Marco García,PROD-017,5,8.50,0.00,YAPE
VTA-004271,2026-08-06,21:45:49,CLI-040,Marco García,PROD-022,5,3.20,0.00,YAPE
VTA-004271,2026-08-06,21:45:49,CLI-040,Marco García,PROD-006,6,2.00,0.00,YAPE
VTA-004271,2026-08-06,21:45:49,CLI-040,Marco García,PROD-034,6,4.50,0.00,YAPE
VTA-004271,2026-08-06,21:45:49,CLI-040,Marco García,PROD-004,2,3.50,0.00,YAPE
VTA-004272,2026-08-06,21:11:02,CLI-005,Carmen Mendoza,PROD-031,7,0.40,0.00,EFECTIVO
VTA-004272,2026-08-06,21:11:02,CLI-005,Carmen Mendoza,PROD-002,4,4.80,0.00,EFECTIVO
VTA-004273,2026-08-06,11:22:58,CLI-020,Marco Mendoza,PROD-004,4,3.50,0.00,YAPE
VTA-004274,2026-08-06,15:29:55,CLI-047,Ana Castro,PROD-019,5,8.90,0.00,EFECTIVO
VTA-004274,2026-08-06,15:29:55,CLI-047,Ana Castro,PROD-014,5,9.50,0.00,EFECTIVO
VTA-004275,2026-08-06,10:22:28,CLI-021,Rosa García,PROD-033,3,9.90,2.75,EFECTIVO
VTA-004275,2026-08-06,10:22:28,CLI-021,Rosa García,PROD-014,1,9.50,0.00,EFECTIVO
VTA-004275,2026-08-06,10:22:28,CLI-021,Rosa García,PROD-007,5,3.50,1.05,EFECTIVO
VTA-004275,2026-08-06,10:22:28,CLI-021,Rosa García,PROD-012,5,7.90,0.00,EFECTIVO
VTA-004275,2026-08-06,10:22:28,CLI-021,Rosa García,PROD-011,1,4.50,0.00,EFECTIVO
VTA-004276,2026-08-06,13:29:58,CLI-010,Miguel Mendoza,PROD-002,2,4.80,0.00,EFECTIVO
VTA-004276,2026-08-06,13:29:58,CLI-010,Miguel Mendoza,PROD-016,1,11.50,0.00,EFECTIVO
VTA-004277,2026-08-06,17:24:30,CLI-061,Rosa Díaz,PROD-029,1,2.80,0.07,EFECTIVO
VTA-004277,2026-08-06,17:24:30,CLI-061,Rosa Díaz,PROD-020,5,6.50,0.00,EFECTIVO
VTA-004277,2026-08-06,17:24:30,CLI-061,Rosa Díaz,PROD-026,5,1.50,0.00,EFECTIVO
VTA-004277,2026-08-06,17:24:30,CLI-061,Rosa Díaz,PROD-028,3,2.00,0.00,EFECTIVO
VTA-004278,2026-08-06,07:40:53,CLI-065,Carmen Díaz,PROD-006,2,2.00,0.00,EFECTIVO
VTA-004279,2026-08-06,15:19:19,CLI-023,María García,PROD-026,2,1.50,0.00,EFECTIVO
VTA-004279,2026-08-06,15:19:19,CLI-023,María García,PROD-031,14,0.40,0.00,EFECTIVO
VTA-004280,2026-08-06,14:14:37,CLI-030,Miguel García,PROD-014,1,9.50,0.00,EFECTIVO
VTA-004280,2026-08-06,14:14:37,CLI-030,Miguel García,PROD-009,2,5.90,0.00,EFECTIVO
VTA-004281,2026-08-06,09:09:57,CLI-007,Ana Mendoza,PROD-011,5,4.50,0.00,EFECTIVO
VTA-004282,2026-08-06,10:22:05,CLI-026,Carlos García,PROD-004,4,3.50,0.00,PLIN
VTA-004283,2026-08-06,07:40:00,CLI-002,José Mendoza,PROD-001,1,5.20,0.00,YAPE
VTA-004283,2026-08-06,07:40:00,CLI-002,José Mendoza,PROD-008,6,3.20,0.00,YAPE
VTA-004284,2026-08-06,17:00:35,CLI-012,Pedro Mendoza,PROD-003,1,10.90,0.00,YAPE
VTA-004284,2026-08-06,17:00:35,CLI-012,Pedro Mendoza,PROD-017,6,8.50,0.00,YAPE
VTA-004285,2026-08-06,21:03:23,CLI-006,Carlos Mendoza,PROD-001,5,5.20,0.00,YAPE
VTA-004285,2026-08-06,21:03:23,CLI-006,Carlos Mendoza,PROD-012,4,7.90,0.00,YAPE
VTA-004285,2026-08-06,21:03:23,CLI-006,Carlos Mendoza,PROD-018,5,4.20,2.91,YAPE
VTA-004286,2026-08-06,16:12:35,CLI-047,Ana Castro,PROD-029,6,2.80,0.00,EFECTIVO
VTA-004286,2026-08-06,16:12:35,CLI-047,Ana Castro,PROD-002,2,4.80,0.00,EFECTIVO
VTA-004286,2026-08-06,16:12:35,CLI-047,Ana Castro,PROD-007,6,3.50,0.00,EFECTIVO
VTA-004287,2026-08-07,21:13:09,CLI-045,Carmen Castro,PROD-006,3,2.00,0.00,PLIN
VTA-004287,2026-08-07,21:13:09,CLI-045,Carmen Castro,PROD-018,6,4.20,0.00,PLIN
VTA-004287,2026-08-07,21:13:09,CLI-045,Carmen Castro,PROD-013,6,2.20,0.00,PLIN
VTA-004288,2026-08-07,15:23:26,CLI-049,Lucía Castro,PROD-029,6,2.80,0.00,EFECTIVO
VTA-004288,2026-08-07,15:23:26,CLI-049,Lucía Castro,PROD-010,4,4.00,0.00,EFECTIVO
VTA-004288,2026-08-07,15:23:26,CLI-049,Lucía Castro,PROD-034,2,4.50,0.00,EFECTIVO
VTA-004289,2026-08-07,18:23:40,CLI-028,Jorge García,PROD-006,4,2.00,0.00,TARJETA
VTA-004289,2026-08-07,18:23:40,CLI-028,Jorge García,PROD-019,5,8.90,0.00,TARJETA
VTA-004290,2026-08-07,11:45:43,CLI-046,Carlos Castro,PROD-008,3,3.20,0.00,YAPE
VTA-004290,2026-08-07,11:45:43,CLI-046,Carlos Castro,PROD-019,3,8.90,3.27,YAPE
VTA-004291,2026-08-07,13:01:30,CLI-015,Milagros Mendoza,PROD-011,6,4.50,0.00,YAPE
VTA-004291,2026-08-07,13:01:30,CLI-015,Milagros Mendoza,PROD-001,6,5.20,0.00,YAPE
VTA-004292,2026-08-07,20:05:14,CLI-005,Carmen Mendoza,PROD-001,2,5.20,0.00,PLIN
VTA-004293,2026-08-07,07:32:17,CLI-023,María García,PROD-007,5,3.50,0.00,YAPE
VTA-004294,2026-08-07,17:23:04,CLI-054,Juan Castro,PROD-004,1,3.50,0.00,PLIN
VTA-004295,2026-08-07,10:29:19,CLI-048,Jorge Castro,PROD-016,2,11.50,0.00,TARJETA
VTA-004295,2026-08-07,10:29:19,CLI-048,Jorge Castro,PROD-023,4,7.50,0.00,TARJETA
VTA-004296,2026-08-07,19:23:11,CLI-015,Milagros Mendoza,PROD-007,6,3.50,0.00,EFECTIVO
VTA-004296,2026-08-07,19:23:11,CLI-015,Milagros Mendoza,PROD-005,3,6.90,0.00,EFECTIVO
VTA-004296,2026-08-07,19:23:11,CLI-015,Milagros Mendoza,PROD-026,5,1.50,0.46,EFECTIVO
VTA-004296,2026-08-07,19:23:11,CLI-015,Milagros Mendoza,PROD-002,6,4.80,0.00,EFECTIVO
VTA-004297,2026-08-07,12:58:39,CLI-057,Claudia Castro,PROD-028,3,2.00,0.00,EFECTIVO
VTA-004297,2026-08-07,12:58:39,CLI-057,Claudia Castro,PROD-019,6,8.90,0.00,EFECTIVO
VTA-004297,2026-08-07,12:58:39,CLI-057,Claudia Castro,PROD-027,2,2.50,0.00,EFECTIVO
VTA-004298,2026-08-07,20:43:35,CLI-065,Carmen Díaz,PROD-023,6,7.50,0.00,EFECTIVO
VTA-004298,2026-08-07,20:43:35,CLI-065,Carmen Díaz,PROD-026,1,1.50,0.00,EFECTIVO
VTA-004298,2026-08-07,20:43:35,CLI-065,Carmen Díaz,PROD-005,2,6.90,0.90,EFECTIVO
VTA-004299,2026-08-07,19:12:08,CLI-057,Claudia Castro,PROD-026,6,1.50,0.00,TARJETA
VTA-004299,2026-08-07,19:12:08,CLI-057,Claudia Castro,PROD-007,1,3.50,0.00,TARJETA
VTA-004299,2026-08-07,19:12:08,CLI-057,Claudia Castro,PROD-015,5,8.90,0.00,TARJETA
VTA-004299,2026-08-07,19:12:08,CLI-057,Claudia Castro,PROD-004,5,3.50,0.00,TARJETA
VTA-004300,2026-08-07,19:23:55,CLI-033,Patricia García,PROD-012,3,7.90,0.00,YAPE
VTA-004300,2026-08-07,19:23:55,CLI-033,Patricia García,PROD-027,5,2.50,0.00,YAPE
VTA-004300,2026-08-07,19:23:55,CLI-033,Patricia García,PROD-028,5,2.00,0.00,YAPE
VTA-004301,2026-08-07,12:32:11,CLI-012,Pedro Mendoza,PROD-009,6,5.90,0.00,YAPE
VTA-004301,2026-08-07,12:32:11,CLI-012,Pedro Mendoza,PROD-026,3,1.50,0.00,YAPE
VTA-004301,2026-08-07,12:32:11,CLI-012,Pedro Mendoza,PROD-002,6,4.80,0.00,YAPE
VTA-004302,2026-08-07,09:28:23,CLI-005,Carmen Mendoza,PROD-027,1,2.50,0.28,TARJETA
VTA-004302,2026-08-07,09:28:23,CLI-005,Carmen Mendoza,PROD-026,1,1.50,0.00,TARJETA
VTA-004302,2026-08-07,09:28:23,CLI-005,Carmen Mendoza,PROD-013,5,2.20,0.00,TARJETA
VTA-004302,2026-08-07,09:28:23,CLI-005,Carmen Mendoza,PROD-010,6,4.00,1.22,TARJETA
VTA-004303,2026-08-07,08:01:29,CLI-020,Marco Mendoza,PROD-018,6,4.20,0.00,EFECTIVO
VTA-004303,2026-08-07,08:01:29,CLI-020,Marco Mendoza,PROD-002,1,4.80,0.48,EFECTIVO
VTA-004303,2026-08-07,08:01:29,CLI-020,Marco Mendoza,PROD-015,6,8.90,0.00,EFECTIVO
VTA-004303,2026-08-07,08:01:29,CLI-020,Marco Mendoza,PROD-027,4,2.50,0.00,EFECTIVO
VTA-004303,2026-08-07,08:01:29,CLI-020,Marco Mendoza,PROD-032,1,6.50,0.00,EFECTIVO
VTA-004304,2026-08-07,17:15:44,CLI-062,José Díaz,PROD-018,4,4.20,0.00,EFECTIVO
VTA-004305,2026-08-07,17:55:44,CLI-008,Jorge Mendoza,PROD-018,6,4.20,3.21,EFECTIVO
VTA-004306,2026-08-07,17:17:12,CLI-065,Carmen Díaz,PROD-001,1,5.20,0.00,YAPE
VTA-004306,2026-08-07,17:17:12,CLI-065,Carmen Díaz,PROD-020,4,6.50,0.00,YAPE
VTA-004306,2026-08-07,17:17:12,CLI-065,Carmen Díaz,PROD-008,3,3.20,0.00,YAPE
VTA-004306,2026-08-07,17:17:12,CLI-065,Carmen Díaz,PROD-027,2,2.50,0.00,YAPE
VTA-004306,2026-08-07,17:17:12,CLI-065,Carmen Díaz,PROD-019,1,8.90,0.00,YAPE
VTA-004307,2026-08-07,14:20:18,CLI-053,Patricia Castro,PROD-029,5,2.80,0.00,EFECTIVO
VTA-004307,2026-08-07,14:20:18,CLI-053,Patricia Castro,PROD-017,5,8.50,0.00,EFECTIVO
VTA-004307,2026-08-07,14:20:18,CLI-053,Patricia Castro,PROD-032,3,6.50,0.00,EFECTIVO
VTA-004307,2026-08-07,14:20:18,CLI-053,Patricia Castro,PROD-001,4,5.20,0.00,EFECTIVO
VTA-004308,2026-08-07,20:07:59,CLI-014,Juan Mendoza,PROD-015,2,8.90,0.00,EFECTIVO
VTA-004309,2026-08-07,16:37:28,CLI-005,Carmen Mendoza,PROD-005,2,6.90,0.00,EFECTIVO
VTA-004309,2026-08-07,16:37:28,CLI-005,Carmen Mendoza,PROD-022,2,3.20,0.00,EFECTIVO
VTA-004309,2026-08-07,16:37:28,CLI-005,Carmen Mendoza,PROD-013,3,2.20,0.00,EFECTIVO
VTA-004310,2026-08-07,16:36:17,CLI-005,Carmen Mendoza,PROD-008,3,3.20,0.00,PLIN
VTA-004310,2026-08-07,16:36:17,CLI-005,Carmen Mendoza,PROD-011,2,4.50,0.58,PLIN
VTA-004311,2026-08-07,10:30:52,CLI-024,Luis García,PROD-004,3,3.50,0.00,TARJETA
VTA-004311,2026-08-07,10:30:52,CLI-024,Luis García,PROD-011,5,4.50,0.00,TARJETA
VTA-004311,2026-08-07,10:30:52,CLI-024,Luis García,PROD-031,20,0.40,0.00,TARJETA
VTA-004311,2026-08-07,10:30:52,CLI-024,Luis García,PROD-029,4,2.80,0.00,TARJETA
VTA-004312,2026-08-08,20:54:11,CLI-022,José García,PROD-022,5,3.20,0.00,YAPE
VTA-004312,2026-08-08,20:54:11,CLI-022,José García,PROD-003,3,10.90,0.00,YAPE
VTA-004313,2026-08-08,19:31:57,CLI-005,Carmen Mendoza,PROD-031,15,0.40,0.00,EFECTIVO
VTA-004313,2026-08-08,19:31:57,CLI-005,Carmen Mendoza,PROD-009,1,5.90,0.00,EFECTIVO
VTA-004314,2026-08-08,07:35:43,CLI-011,Elena Mendoza,PROD-016,6,11.50,0.00,EFECTIVO
VTA-004314,2026-08-08,07:35:43,CLI-011,Elena Mendoza,PROD-006,2,2.00,0.00,EFECTIVO
VTA-004315,2026-08-08,13:54:59,CLI-060,Marco Castro,PROD-003,1,10.90,1.41,EFECTIVO
VTA-004316,2026-08-08,07:44:17,CLI-006,Carlos Mendoza,PROD-006,4,2.00,0.67,YAPE
VTA-004316,2026-08-08,07:44:17,CLI-006,Carlos Mendoza,PROD-011,6,4.50,0.00,YAPE
VTA-004316,2026-08-08,07:44:17,CLI-006,Carlos Mendoza,PROD-001,4,5.20,0.00,YAPE
VTA-004317,2026-08-08,20:02:34,CLI-012,Pedro Mendoza,PROD-028,3,2.00,0.00,PLIN
VTA-004318,2026-08-08,16:59:58,CLI-047,Ana Castro,PROD-019,5,8.90,0.00,PLIN
VTA-004319,2026-08-08,16:47:19,CLI-057,Claudia Castro,PROD-026,4,1.50,0.00,YAPE
VTA-004319,2026-08-08,16:47:19,CLI-057,Claudia Castro,PROD-022,6,3.20,0.00,YAPE
VTA-004319,2026-08-08,16:47:19,CLI-057,Claudia Castro,PROD-034,5,4.50,0.00,YAPE
VTA-004320,2026-08-08,15:02:54,CLI-079,Diana Díaz,PROD-029,2,2.80,0.00,EFECTIVO
VTA-004320,2026-08-08,15:02:54,CLI-079,Diana Díaz,PROD-001,5,5.20,0.00,EFECTIVO
VTA-004321,2026-08-08,18:16:21,CLI-039,Diana García,PROD-008,2,3.20,0.00,PLIN
VTA-004321,2026-08-08,18:16:21,CLI-039,Diana García,PROD-010,4,4.00,0.00,PLIN
VTA-004321,2026-08-08,18:16:21,CLI-039,Diana García,PROD-023,5,7.50,0.00,PLIN
VTA-004322,2026-08-08,07:21:58,CLI-100,Marco Rojas,PROD-008,3,3.20,0.00,YAPE
VTA-004322,2026-08-08,07:21:58,CLI-100,Marco Rojas,PROD-005,4,6.90,0.00,YAPE
VTA-004323,2026-08-08,19:09:43,CLI-013,Patricia Mendoza,PROD-001,1,5.20,0.00,TARJETA
VTA-004323,2026-08-08,19:09:43,CLI-013,Patricia Mendoza,PROD-028,6,2.00,0.00,TARJETA
VTA-004324,2026-08-08,13:25:59,CLI-002,José Mendoza,PROD-032,4,6.50,0.00,EFECTIVO
VTA-004324,2026-08-08,13:25:59,CLI-002,José Mendoza,PROD-019,2,8.90,0.00,EFECTIVO
VTA-004325,2026-08-08,13:39:33,CLI-069,Lucía Díaz,PROD-027,5,2.50,0.00,YAPE
VTA-004325,2026-08-08,13:39:33,CLI-069,Lucía Díaz,PROD-029,1,2.80,0.00,YAPE
VTA-004326,2026-08-08,10:05:01,CLI-079,Diana Díaz,PROD-022,6,3.20,0.00,YAPE
VTA-004327,2026-08-08,17:49:27,CLI-029,Lucía García,PROD-006,1,2.00,0.00,YAPE
VTA-004328,2026-08-08,07:53:14,CLI-006,Carlos Mendoza,PROD-031,17,0.40,0.00,EFECTIVO
VTA-004328,2026-08-08,07:53:14,CLI-006,Carlos Mendoza,PROD-013,5,2.20,0.00,EFECTIVO
VTA-004328,2026-08-08,07:53:14,CLI-006,Carlos Mendoza,PROD-027,1,2.50,0.00,EFECTIVO
VTA-004329,2026-08-08,07:45:06,CLI-011,Elena Mendoza,PROD-014,6,9.50,0.00,TARJETA
VTA-004330,2026-08-08,07:07:12,CLI-066,Carlos Díaz,PROD-017,2,8.50,0.00,TARJETA
VTA-004330,2026-08-08,07:07:12,CLI-066,Carlos Díaz,PROD-009,2,5.90,0.00,TARJETA
VTA-004330,2026-08-08,07:07:12,CLI-066,Carlos Díaz,PROD-031,8,0.40,0.31,TARJETA
VTA-004331,2026-08-08,16:48:33,CLI-017,Claudia Mendoza,PROD-019,6,8.90,0.00,PLIN
VTA-004331,2026-08-08,16:48:33,CLI-017,Claudia Mendoza,PROD-006,5,2.00,0.00,PLIN
VTA-004332,2026-08-08,10:35:39,CLI-056,Víctor Castro,PROD-010,2,4.00,0.00,YAPE
VTA-004332,2026-08-08,10:35:39,CLI-056,Víctor Castro,PROD-003,1,10.90,0.00,YAPE
VTA-004332,2026-08-08,10:35:39,CLI-056,Víctor Castro,PROD-034,5,4.50,0.78,YAPE
VTA-004333,2026-08-08,15:26:54,CLI-004,Luis Mendoza,PROD-002,5,4.80,0.00,PLIN
VTA-004333,2026-08-08,15:26:54,CLI-004,Luis Mendoza,PROD-031,2,0.40,0.00,PLIN
VTA-004334,2026-08-08,07:14:21,CLI-068,Jorge Díaz,PROD-009,3,5.90,0.00,PLIN
VTA-004335,2026-08-09,20:40:43,CLI-021,Rosa García,PROD-027,1,2.50,0.00,PLIN
VTA-004335,2026-08-09,20:40:43,CLI-021,Rosa García,PROD-011,1,4.50,0.00,PLIN
VTA-004335,2026-08-09,20:40:43,CLI-021,Rosa García,PROD-002,3,4.80,0.00,PLIN
VTA-004335,2026-08-09,20:40:43,CLI-021,Rosa García,PROD-003,4,10.90,0.00,PLIN
VTA-004336,2026-08-09,16:01:44,CLI-074,Juan Díaz,PROD-001,5,5.20,0.00,EFECTIVO
VTA-004337,2026-08-09,12:46:29,CLI-050,Miguel Castro,PROD-005,2,6.90,0.00,EFECTIVO
VTA-004337,2026-08-09,12:46:29,CLI-050,Miguel Castro,PROD-001,4,5.20,0.00,EFECTIVO
VTA-004338,2026-08-09,17:37:14,CLI-067,Ana Díaz,PROD-012,3,7.90,0.00,EFECTIVO
VTA-004339,2026-08-09,09:19:50,CLI-043,María Castro,PROD-010,5,4.00,0.00,YAPE
VTA-004339,2026-08-09,09:19:50,CLI-043,María Castro,PROD-022,5,3.20,0.00,YAPE
VTA-004340,2026-08-09,11:32:47,CLI-013,Patricia Mendoza,PROD-026,6,1.50,0.00,YAPE
VTA-004341,2026-08-09,21:47:55,CLI-010,Miguel Mendoza,PROD-011,4,4.50,0.00,EFECTIVO
VTA-004341,2026-08-09,21:47:55,CLI-010,Miguel Mendoza,PROD-016,3,11.50,0.00,EFECTIVO
VTA-004341,2026-08-09,21:47:55,CLI-010,Miguel Mendoza,PROD-010,4,4.00,0.00,EFECTIVO
VTA-004342,2026-08-09,16:49:11,CLI-004,Luis Mendoza,PROD-031,17,0.40,0.00,EFECTIVO
VTA-004342,2026-08-09,16:49:11,CLI-004,Luis Mendoza,PROD-016,1,11.50,0.00,EFECTIVO
VTA-004342,2026-08-09,16:49:11,CLI-004,Luis Mendoza,PROD-034,2,4.50,0.00,EFECTIVO
VTA-004343,2026-08-09,09:06:04,CLI-015,Milagros Mendoza,PROD-007,2,3.50,0.00,EFECTIVO
VTA-004344,2026-08-09,07:56:38,CLI-068,Jorge Díaz,PROD-028,2,2.00,0.00,YAPE
VTA-004344,2026-08-09,07:56:38,CLI-068,Jorge Díaz,PROD-006,2,2.00,0.00,YAPE
VTA-004345,2026-08-09,19:55:33,CLI-014,Juan Mendoza,PROD-026,5,1.50,0.00,EFECTIVO
VTA-004345,2026-08-09,19:55:33,CLI-014,Juan Mendoza,PROD-002,6,4.80,0.00,EFECTIVO
VTA-004346,2026-08-09,12:07:57,CLI-052,Pedro Castro,PROD-008,3,3.20,0.00,PLIN
VTA-004346,2026-08-09,12:07:57,CLI-052,Pedro Castro,PROD-016,3,11.50,0.00,PLIN
VTA-004346,2026-08-09,12:07:57,CLI-052,Pedro Castro,PROD-028,3,2.00,0.00,PLIN
VTA-004347,2026-08-09,12:23:30,CLI-078,Renzo Díaz,PROD-018,2,4.20,0.00,YAPE
VTA-004347,2026-08-09,12:23:30,CLI-078,Renzo Díaz,PROD-031,19,0.40,0.00,YAPE
VTA-004347,2026-08-09,12:23:30,CLI-078,Renzo Díaz,PROD-020,3,6.50,0.00,YAPE
VTA-004347,2026-08-09,12:23:30,CLI-078,Renzo Díaz,PROD-026,6,1.50,0.00,YAPE
VTA-004348,2026-08-09,07:05:33,CLI-066,Carlos Díaz,PROD-026,4,1.50,0.00,YAPE
VTA-004348,2026-08-09,07:05:33,CLI-066,Carlos Díaz,PROD-012,5,7.90,0.00,YAPE
VTA-004348,2026-08-09,07:05:33,CLI-066,Carlos Díaz,PROD-013,5,2.20,0.00,YAPE
VTA-004349,2026-08-09,13:58:11,CLI-009,Lucía Mendoza,PROD-019,4,8.90,0.00,YAPE
VTA-004349,2026-08-09,13:58:11,CLI-009,Lucía Mendoza,PROD-034,3,4.50,0.00,YAPE
VTA-004349,2026-08-09,13:58:11,CLI-009,Lucía Mendoza,PROD-010,3,4.00,0.00,YAPE
VTA-004350,2026-08-09,09:58:33,CLI-006,Carlos Mendoza,PROD-019,2,8.90,0.00,EFECTIVO
VTA-004350,2026-08-09,09:58:33,CLI-006,Carlos Mendoza,PROD-001,6,5.20,0.00,EFECTIVO
VTA-004350,2026-08-09,09:58:33,CLI-006,Carlos Mendoza,PROD-011,3,4.50,0.00,EFECTIVO
VTA-004350,2026-08-09,09:58:33,CLI-006,Carlos Mendoza,PROD-003,1,10.90,0.00,EFECTIVO
VTA-004351,2026-08-09,18:07:44,CLI-014,Juan Mendoza,PROD-031,19,0.40,0.00,PLIN
VTA-004351,2026-08-09,18:07:44,CLI-014,Juan Mendoza,PROD-027,2,2.50,0.00,PLIN
VTA-004352,2026-08-09,14:12:18,CLI-086,Carlos Rojas,PROD-027,2,2.50,0.00,YAPE
VTA-004352,2026-08-09,14:12:18,CLI-086,Carlos Rojas,PROD-016,1,11.50,0.00,YAPE
VTA-004352,2026-08-09,14:12:18,CLI-086,Carlos Rojas,PROD-018,5,4.20,0.00,YAPE
VTA-004353,2026-08-09,08:26:57,CLI-014,Juan Mendoza,PROD-004,4,3.50,0.00,YAPE
VTA-004353,2026-08-09,08:26:57,CLI-014,Juan Mendoza,PROD-005,5,6.90,0.00,YAPE
VTA-004354,2026-08-09,19:42:37,CLI-027,Ana García,PROD-004,3,3.50,0.00,YAPE
VTA-004355,2026-08-09,15:13:25,CLI-033,Patricia García,PROD-004,4,3.50,0.00,EFECTIVO
VTA-004355,2026-08-09,15:13:25,CLI-033,Patricia García,PROD-032,4,6.50,0.00,EFECTIVO
VTA-004355,2026-08-09,15:13:25,CLI-033,Patricia García,PROD-010,4,4.00,0.00,EFECTIVO
VTA-004356,2026-08-09,16:52:35,CLI-039,Diana García,PROD-034,2,4.50,0.00,EFECTIVO
VTA-004356,2026-08-09,16:52:35,CLI-039,Diana García,PROD-006,5,2.00,0.00,EFECTIVO
VTA-004356,2026-08-09,16:52:35,CLI-039,Diana García,PROD-016,1,11.50,0.00,EFECTIVO
VTA-004357,2026-08-09,08:04:07,CLI-008,Jorge Mendoza,PROD-001,4,5.20,0.00,PLIN
VTA-004358,2026-08-09,17:23:20,CLI-013,Patricia Mendoza,PROD-008,5,3.20,0.00,EFECTIVO
VTA-004359,2026-08-10,16:58:45,CLI-046,Carlos Castro,PROD-002,6,4.80,0.00,EFECTIVO
VTA-004359,2026-08-10,16:58:45,CLI-046,Carlos Castro,PROD-029,2,2.80,0.00,EFECTIVO
VTA-004359,2026-08-10,16:58:45,CLI-046,Carlos Castro,PROD-001,4,5.20,1.04,EFECTIVO
VTA-004359,2026-08-10,16:58:45,CLI-046,Carlos Castro,PROD-032,5,6.50,0.00,EFECTIVO
VTA-004359,2026-08-10,16:58:45,CLI-046,Carlos Castro,PROD-031,10,0.40,0.00,EFECTIVO
VTA-004360,2026-08-10,10:49:42,CLI-011,Elena Mendoza,PROD-031,8,0.40,0.00,PLIN
VTA-004361,2026-08-10,16:39:42,CLI-047,Ana Castro,PROD-003,6,10.90,0.00,YAPE
VTA-004361,2026-08-10,16:39:42,CLI-047,Ana Castro,PROD-012,5,7.90,0.00,YAPE
VTA-004362,2026-08-10,11:37:15,CLI-027,Ana García,PROD-011,5,4.50,0.00,TARJETA
VTA-004362,2026-08-10,11:37:15,CLI-027,Ana García,PROD-007,6,3.50,0.00,TARJETA
VTA-004362,2026-08-10,11:37:15,CLI-027,Ana García,PROD-006,4,2.00,0.00,TARJETA
VTA-004363,2026-08-10,10:53:56,CLI-014,Juan Mendoza,PROD-006,6,2.00,0.00,EFECTIVO
VTA-004364,2026-08-10,07:09:04,CLI-064,Luis Díaz,PROD-028,4,2.00,0.00,TARJETA
VTA-004365,2026-08-10,15:26:59,CLI-036,Víctor García,PROD-011,3,4.50,0.00,EFECTIVO
VTA-004365,2026-08-10,15:26:59,CLI-036,Víctor García,PROD-006,6,2.00,0.00,EFECTIVO
VTA-004365,2026-08-10,15:26:59,CLI-036,Víctor García,PROD-023,5,7.50,0.00,EFECTIVO
VTA-004365,2026-08-10,15:26:59,CLI-036,Víctor García,PROD-009,5,5.90,0.00,EFECTIVO
VTA-004366,2026-08-10,19:06:21,CLI-055,Milagros Castro,PROD-006,6,2.00,0.00,EFECTIVO
VTA-004367,2026-08-10,20:05:57,CLI-032,Pedro García,PROD-020,5,6.50,0.00,YAPE
VTA-004367,2026-08-10,20:05:57,CLI-032,Pedro García,PROD-001,2,5.20,0.00,YAPE
VTA-004368,2026-08-10,18:49:37,CLI-010,Miguel Mendoza,PROD-028,2,2.00,0.00,PLIN
VTA-004368,2026-08-10,18:49:37,CLI-010,Miguel Mendoza,PROD-031,18,0.40,0.00,PLIN
VTA-004368,2026-08-10,18:49:37,CLI-010,Miguel Mendoza,PROD-033,6,9.90,0.00,PLIN
VTA-004368,2026-08-10,18:49:37,CLI-010,Miguel Mendoza,PROD-001,6,5.20,0.00,PLIN
VTA-004369,2026-08-10,09:02:07,CLI-068,Jorge Díaz,PROD-027,3,2.50,0.35,PLIN
VTA-004369,2026-08-10,09:02:07,CLI-068,Jorge Díaz,PROD-026,4,1.50,0.00,PLIN
VTA-004370,2026-08-10,16:25:27,CLI-033,Patricia García,PROD-011,1,4.50,0.64,EFECTIVO
VTA-004371,2026-08-10,07:40:08,CLI-003,María Mendoza,PROD-005,1,6.90,0.00,EFECTIVO
VTA-004371,2026-08-10,07:40:08,CLI-003,María Mendoza,PROD-019,2,8.90,0.59,EFECTIVO
VTA-004372,2026-08-10,18:21:38,CLI-043,María Castro,PROD-015,2,8.90,0.00,TARJETA
VTA-004373,2026-08-10,07:40:00,CLI-004,Luis Mendoza,PROD-015,4,8.90,0.00,EFECTIVO
VTA-004373,2026-08-10,07:40:00,CLI-004,Luis Mendoza,PROD-022,3,3.20,0.00,EFECTIVO
VTA-004373,2026-08-10,07:40:00,CLI-004,Luis Mendoza,PROD-028,3,2.00,0.00,EFECTIVO
VTA-004374,2026-08-10,13:11:17,CLI-057,Claudia Castro,PROD-010,2,4.00,0.00,YAPE
VTA-004374,2026-08-10,13:11:17,CLI-057,Claudia Castro,PROD-004,4,3.50,0.00,YAPE
VTA-004375,2026-08-10,21:57:11,CLI-012,Pedro Mendoza,PROD-022,2,3.20,0.00,TARJETA
VTA-004375,2026-08-10,21:57:11,CLI-012,Pedro Mendoza,PROD-030,2,3.50,0.00,TARJETA
VTA-004376,2026-08-11,14:30:12,CLI-059,Diana Castro,PROD-019,4,8.90,0.00,YAPE
VTA-004377,2026-08-11,15:55:30,CLI-066,Carlos Díaz,PROD-027,4,2.50,0.00,PLIN
VTA-004378,2026-08-11,07:50:57,CLI-025,Carmen García,PROD-008,5,3.20,1.50,TARJETA
VTA-004378,2026-08-11,07:50:57,CLI-025,Carmen García,PROD-010,4,4.00,0.00,TARJETA
VTA-004379,2026-08-11,15:32:03,CLI-075,Milagros Díaz,PROD-016,5,11.50,0.00,PLIN
VTA-004380,2026-08-11,17:29:31,CLI-050,Miguel Castro,PROD-007,2,3.50,0.00,EFECTIVO
VTA-004380,2026-08-11,17:29:31,CLI-050,Miguel Castro,PROD-012,6,7.90,0.00,EFECTIVO
VTA-004380,2026-08-11,17:29:31,CLI-050,Miguel Castro,PROD-002,2,4.80,0.00,EFECTIVO
VTA-004381,2026-08-11,19:46:05,CLI-040,Marco García,PROD-008,6,3.20,0.00,YAPE
VTA-004381,2026-08-11,19:46:05,CLI-040,Marco García,PROD-003,1,10.90,0.30,YAPE
VTA-004382,2026-08-11,13:14:24,CLI-069,Lucía Díaz,PROD-019,4,8.90,0.00,EFECTIVO
VTA-004382,2026-08-11,13:14:24,CLI-069,Lucía Díaz,PROD-020,4,6.50,0.00,EFECTIVO
VTA-004383,2026-08-11,08:26:56,CLI-097,Claudia Rojas,PROD-020,4,6.50,0.00,EFECTIVO
VTA-004383,2026-08-11,08:26:56,CLI-097,Claudia Rojas,PROD-002,3,4.80,0.00,EFECTIVO
VTA-004384,2026-08-11,07:26:18,CLI-044,Luis Castro,PROD-017,5,8.50,0.00,YAPE
VTA-004385,2026-08-11,20:24:41,CLI-011,Elena Mendoza,PROD-020,2,6.50,0.00,EFECTIVO
VTA-004385,2026-08-11,20:24:41,CLI-011,Elena Mendoza,PROD-007,2,3.50,0.00,EFECTIVO
VTA-004385,2026-08-11,20:24:41,CLI-011,Elena Mendoza,PROD-016,5,11.50,0.00,EFECTIVO
VTA-004386,2026-08-11,15:29:57,CLI-038,Renzo García,PROD-003,4,10.90,5.49,YAPE
VTA-004386,2026-08-11,15:29:57,CLI-038,Renzo García,PROD-010,4,4.00,0.00,YAPE
VTA-004386,2026-08-11,15:29:57,CLI-038,Renzo García,PROD-007,6,3.50,0.00,YAPE
VTA-004387,2026-08-11,15:40:49,CLI-060,Marco Castro,PROD-010,3,4.00,0.00,EFECTIVO
VTA-004387,2026-08-11,15:40:49,CLI-060,Marco Castro,PROD-008,5,3.20,0.00,EFECTIVO
VTA-004388,2026-08-11,17:30:43,CLI-013,Patricia Mendoza,PROD-012,5,7.90,0.00,EFECTIVO
VTA-004388,2026-08-11,17:30:43,CLI-013,Patricia Mendoza,PROD-002,4,4.80,0.00,EFECTIVO
VTA-004389,2026-08-11,12:57:31,CLI-030,Miguel García,PROD-015,1,8.90,0.00,YAPE
VTA-004389,2026-08-11,12:57:31,CLI-030,Miguel García,PROD-003,5,10.90,0.00,YAPE
VTA-004390,2026-08-11,09:50:01,CLI-047,Ana Castro,PROD-026,6,1.50,0.00,YAPE
VTA-004391,2026-08-12,21:38:12,CLI-045,Carmen Castro,PROD-022,6,3.20,0.00,EFECTIVO
VTA-004391,2026-08-12,21:38:12,CLI-045,Carmen Castro,PROD-031,12,0.40,0.00,EFECTIVO
VTA-004391,2026-08-12,21:38:12,CLI-045,Carmen Castro,PROD-007,5,3.50,0.00,EFECTIVO
VTA-004392,2026-08-12,15:59:37,CLI-027,Ana García,PROD-027,6,2.50,0.00,EFECTIVO
VTA-004392,2026-08-12,15:59:37,CLI-027,Ana García,PROD-010,1,4.00,0.00,EFECTIVO
VTA-004392,2026-08-12,15:59:37,CLI-027,Ana García,PROD-016,2,11.50,0.00,EFECTIVO
VTA-004392,2026-08-12,15:59:37,CLI-027,Ana García,PROD-013,2,2.20,0.00,EFECTIVO
VTA-004393,2026-08-12,12:22:42,CLI-008,Jorge Mendoza,PROD-015,1,8.90,0.00,EFECTIVO
VTA-004393,2026-08-12,12:22:42,CLI-008,Jorge Mendoza,PROD-004,5,3.50,1.99,EFECTIVO
VTA-004393,2026-08-12,12:22:42,CLI-008,Jorge Mendoza,PROD-002,4,4.80,0.00,EFECTIVO
VTA-004393,2026-08-12,12:22:42,CLI-008,Jorge Mendoza,PROD-022,3,3.20,0.00,EFECTIVO
VTA-004393,2026-08-12,12:22:42,CLI-008,Jorge Mendoza,PROD-001,4,5.20,0.00,EFECTIVO
VTA-004394,2026-08-12,09:24:19,CLI-035,Milagros García,PROD-026,3,1.50,0.00,EFECTIVO
VTA-004394,2026-08-12,09:24:19,CLI-035,Milagros García,PROD-028,1,2.00,0.00,EFECTIVO
VTA-004394,2026-08-12,09:24:19,CLI-035,Milagros García,PROD-002,1,4.80,0.00,EFECTIVO
VTA-004395,2026-08-12,18:11:45,CLI-003,María Mendoza,PROD-034,2,4.50,0.00,PLIN
VTA-004395,2026-08-12,18:11:45,CLI-003,María Mendoza,PROD-008,5,3.20,0.00,PLIN
VTA-004395,2026-08-12,18:11:45,CLI-003,María Mendoza,PROD-002,6,4.80,0.00,PLIN
VTA-004395,2026-08-12,18:11:45,CLI-003,María Mendoza,PROD-031,2,0.40,0.00,PLIN
VTA-004396,2026-08-12,15:07:03,CLI-026,Carlos García,PROD-003,4,10.90,1.99,TARJETA
VTA-004396,2026-08-12,15:07:03,CLI-026,Carlos García,PROD-022,4,3.20,0.00,TARJETA
VTA-004396,2026-08-12,15:07:03,CLI-026,Carlos García,PROD-009,4,5.90,0.00,TARJETA
VTA-004396,2026-08-12,15:07:03,CLI-026,Carlos García,PROD-016,3,11.50,0.00,TARJETA
VTA-004397,2026-08-12,10:07:09,CLI-014,Juan Mendoza,PROD-023,4,7.50,0.00,EFECTIVO
VTA-004397,2026-08-12,10:07:09,CLI-014,Juan Mendoza,PROD-031,3,0.40,0.12,EFECTIVO
VTA-004397,2026-08-12,10:07:09,CLI-014,Juan Mendoza,PROD-028,4,2.00,0.00,EFECTIVO
VTA-004398,2026-08-12,21:41:55,CLI-040,Marco García,PROD-034,2,4.50,0.00,PLIN
VTA-004398,2026-08-12,21:41:55,CLI-040,Marco García,PROD-033,4,9.90,0.00,PLIN
VTA-004398,2026-08-12,21:41:55,CLI-040,Marco García,PROD-004,2,3.50,0.00,PLIN
VTA-004398,2026-08-12,21:41:55,CLI-040,Marco García,PROD-027,2,2.50,0.00,PLIN
VTA-004399,2026-08-12,11:01:17,CLI-006,Carlos Mendoza,PROD-005,6,6.90,0.00,EFECTIVO
VTA-004399,2026-08-12,11:01:17,CLI-006,Carlos Mendoza,PROD-014,5,9.50,0.00,EFECTIVO
VTA-004399,2026-08-12,11:01:17,CLI-006,Carlos Mendoza,PROD-022,6,3.20,0.00,EFECTIVO
VTA-004399,2026-08-12,11:01:17,CLI-006,Carlos Mendoza,PROD-011,6,4.50,1.84,EFECTIVO
VTA-004400,2026-08-12,17:39:57,CLI-002,José Mendoza,PROD-029,4,2.80,0.00,PLIN
VTA-004400,2026-08-12,17:39:57,CLI-002,José Mendoza,PROD-010,4,4.00,1.44,PLIN
VTA-004401,2026-08-12,12:44:01,CLI-055,Milagros Castro,PROD-010,6,4.00,0.00,EFECTIVO
VTA-004401,2026-08-12,12:44:01,CLI-055,Milagros Castro,PROD-034,2,4.50,0.00,EFECTIVO
VTA-004401,2026-08-12,12:44:01,CLI-055,Milagros Castro,PROD-008,5,3.20,0.00,EFECTIVO
VTA-004402,2026-08-12,20:11:34,CLI-031,Elena García,PROD-007,3,3.50,0.00,EFECTIVO
VTA-004402,2026-08-12,20:11:34,CLI-031,Elena García,PROD-006,5,2.00,0.00,EFECTIVO
VTA-004402,2026-08-12,20:11:34,CLI-031,Elena García,PROD-008,2,3.20,0.00,EFECTIVO
VTA-004403,2026-08-12,09:03:54,CLI-088,Jorge Rojas,PROD-011,2,4.50,0.00,YAPE
VTA-004403,2026-08-12,09:03:54,CLI-088,Jorge Rojas,PROD-009,6,5.90,0.00,YAPE
VTA-004403,2026-08-12,09:03:54,CLI-088,Jorge Rojas,PROD-012,3,7.90,1.97,YAPE
VTA-004404,2026-08-12,16:43:32,CLI-009,Lucía Mendoza,PROD-027,2,2.50,0.00,YAPE
VTA-004404,2026-08-12,16:43:32,CLI-009,Lucía Mendoza,PROD-002,6,4.80,0.00,YAPE
VTA-004405,2026-08-12,15:08:06,CLI-021,Rosa García,PROD-027,5,2.50,0.00,EFECTIVO
VTA-004405,2026-08-12,15:08:06,CLI-021,Rosa García,PROD-008,3,3.20,0.25,EFECTIVO
VTA-004406,2026-08-12,12:05:52,CLI-063,María Díaz,PROD-020,4,6.50,0.00,PLIN
VTA-004406,2026-08-12,12:05:52,CLI-063,María Díaz,PROD-012,2,7.90,0.00,PLIN
VTA-004406,2026-08-12,12:05:52,CLI-063,María Díaz,PROD-033,1,9.90,1.05,PLIN
VTA-004407,2026-08-13,14:56:18,CLI-011,Elena Mendoza,PROD-029,6,2.80,1.00,TARJETA
VTA-004407,2026-08-13,14:56:18,CLI-011,Elena Mendoza,PROD-034,4,4.50,1.59,TARJETA
VTA-004407,2026-08-13,14:56:18,CLI-011,Elena Mendoza,PROD-006,4,2.00,0.00,TARJETA
VTA-004408,2026-08-13,10:32:53,CLI-027,Ana García,PROD-001,2,5.20,0.00,EFECTIVO
VTA-004409,2026-08-13,12:10:49,CLI-068,Jorge Díaz,PROD-011,1,4.50,0.00,PLIN
VTA-004409,2026-08-13,12:10:49,CLI-068,Jorge Díaz,PROD-032,5,6.50,0.00,PLIN
VTA-004409,2026-08-13,12:10:49,CLI-068,Jorge Díaz,PROD-010,4,4.00,0.00,PLIN
VTA-004409,2026-08-13,12:10:49,CLI-068,Jorge Díaz,PROD-031,18,0.40,0.00,PLIN
VTA-004410,2026-08-13,19:56:09,CLI-003,María Mendoza,PROD-019,5,8.90,0.00,EFECTIVO
VTA-004411,2026-08-13,21:33:22,CLI-032,Pedro García,PROD-018,4,4.20,0.00,EFECTIVO
VTA-004411,2026-08-13,21:33:22,CLI-032,Pedro García,PROD-017,1,8.50,0.00,EFECTIVO
VTA-004411,2026-08-13,21:33:22,CLI-032,Pedro García,PROD-013,5,2.20,0.00,EFECTIVO
VTA-004412,2026-08-13,08:58:27,CLI-003,María Mendoza,PROD-026,6,1.50,0.00,YAPE
VTA-004412,2026-08-13,08:58:27,CLI-003,María Mendoza,PROD-007,2,3.50,0.00,YAPE
VTA-004412,2026-08-13,08:58:27,CLI-003,María Mendoza,PROD-028,6,2.00,0.00,YAPE
VTA-004412,2026-08-13,08:58:27,CLI-003,María Mendoza,PROD-012,3,7.90,0.00,YAPE
VTA-004413,2026-08-13,17:23:13,CLI-006,Carlos Mendoza,PROD-010,3,4.00,0.00,EFECTIVO
VTA-004414,2026-08-13,17:26:06,CLI-085,Carmen Rojas,PROD-017,3,8.50,1.98,YAPE
VTA-004414,2026-08-13,17:26:06,CLI-085,Carmen Rojas,PROD-027,2,2.50,0.00,YAPE
VTA-004415,2026-08-13,19:11:49,CLI-004,Luis Mendoza,PROD-019,5,8.90,0.00,TARJETA
VTA-004415,2026-08-13,19:11:49,CLI-004,Luis Mendoza,PROD-034,5,4.50,0.00,TARJETA
VTA-004416,2026-08-13,08:56:32,CLI-013,Patricia Mendoza,PROD-032,1,6.50,0.00,TARJETA
VTA-004417,2026-08-13,09:36:35,CLI-007,Ana Mendoza,PROD-017,3,8.50,0.00,EFECTIVO
VTA-004417,2026-08-13,09:36:35,CLI-007,Ana Mendoza,PROD-029,4,2.80,0.00,EFECTIVO
VTA-004417,2026-08-13,09:36:35,CLI-007,Ana Mendoza,PROD-006,6,2.00,0.00,EFECTIVO
VTA-004417,2026-08-13,09:36:35,CLI-007,Ana Mendoza,PROD-004,6,3.50,0.00,EFECTIVO
VTA-004418,2026-08-13,14:19:21,CLI-042,José Castro,PROD-013,5,2.20,0.00,YAPE
VTA-004419,2026-08-13,15:51:41,CLI-041,Rosa Castro,PROD-031,2,0.40,0.00,EFECTIVO
VTA-004419,2026-08-13,15:51:41,CLI-041,Rosa Castro,PROD-018,5,4.20,0.00,EFECTIVO
VTA-004420,2026-08-13,15:40:35,CLI-041,Rosa Castro,PROD-001,1,5.20,0.00,YAPE
VTA-004420,2026-08-13,15:40:35,CLI-041,Rosa Castro,PROD-029,3,2.80,0.87,YAPE
VTA-004420,2026-08-13,15:40:35,CLI-041,Rosa Castro,PROD-006,3,2.00,0.00,YAPE
VTA-004420,2026-08-13,15:40:35,CLI-041,Rosa Castro,PROD-003,5,10.90,0.00,YAPE
VTA-004420,2026-08-13,15:40:35,CLI-041,Rosa Castro,PROD-007,6,3.50,0.00,YAPE
VTA-004421,2026-08-13,07:04:10,CLI-018,Renzo Mendoza,PROD-008,5,3.20,2.11,YAPE
VTA-004421,2026-08-13,07:04:10,CLI-018,Renzo Mendoza,PROD-012,4,7.90,0.00,YAPE
VTA-004421,2026-08-13,07:04:10,CLI-018,Renzo Mendoza,PROD-011,2,4.50,0.00,YAPE
VTA-004422,2026-08-13,15:50:45,CLI-005,Carmen Mendoza,PROD-012,3,7.90,0.00,EFECTIVO
VTA-004423,2026-08-13,20:10:55,CLI-019,Diana Mendoza,PROD-018,2,4.20,0.00,YAPE
VTA-004423,2026-08-13,20:10:55,CLI-019,Diana Mendoza,PROD-015,6,8.90,0.00,YAPE
VTA-004423,2026-08-13,20:10:55,CLI-019,Diana Mendoza,PROD-023,5,7.50,2.18,YAPE
VTA-004423,2026-08-13,20:10:55,CLI-019,Diana Mendoza,PROD-032,3,6.50,0.00,YAPE
VTA-004424,2026-08-13,20:47:27,CLI-042,José Castro,PROD-006,2,2.00,0.00,YAPE
VTA-004424,2026-08-13,20:47:27,CLI-042,José Castro,PROD-019,1,8.90,0.00,YAPE
VTA-004424,2026-08-13,20:47:27,CLI-042,José Castro,PROD-034,3,4.50,0.00,YAPE
VTA-004424,2026-08-13,20:47:27,CLI-042,José Castro,PROD-003,5,10.90,0.00,YAPE
VTA-004424,2026-08-13,20:47:27,CLI-042,José Castro,PROD-002,6,4.80,0.00,YAPE
VTA-004425,2026-08-13,13:50:03,CLI-013,Patricia Mendoza,PROD-013,1,2.20,0.00,EFECTIVO
VTA-004425,2026-08-13,13:50:03,CLI-013,Patricia Mendoza,PROD-031,12,0.40,0.00,EFECTIVO
VTA-004426,2026-08-14,11:34:14,CLI-052,Pedro Castro,PROD-007,4,3.50,0.00,YAPE
VTA-004426,2026-08-14,11:34:14,CLI-052,Pedro Castro,PROD-031,6,0.40,0.00,YAPE
VTA-004427,2026-08-14,16:28:02,CLI-012,Pedro Mendoza,PROD-010,6,4.00,2.72,YAPE
VTA-004427,2026-08-14,16:28:02,CLI-012,Pedro Mendoza,PROD-011,4,4.50,0.00,YAPE
VTA-004427,2026-08-14,16:28:02,CLI-012,Pedro Mendoza,PROD-015,2,8.90,1.11,YAPE
VTA-004428,2026-08-14,18:20:55,CLI-052,Pedro Castro,PROD-004,3,3.50,0.34,EFECTIVO
VTA-004428,2026-08-14,18:20:55,CLI-052,Pedro Castro,PROD-026,2,1.50,0.00,EFECTIVO
VTA-004428,2026-08-14,18:20:55,CLI-052,Pedro Castro,PROD-002,4,4.80,0.00,EFECTIVO
VTA-004428,2026-08-14,18:20:55,CLI-052,Pedro Castro,PROD-007,6,3.50,0.00,EFECTIVO
VTA-004429,2026-08-14,18:01:17,CLI-063,María Díaz,PROD-022,5,3.20,0.00,YAPE
VTA-004429,2026-08-14,18:01:17,CLI-063,María Díaz,PROD-010,1,4.00,0.00,YAPE
VTA-004430,2026-08-14,12:25:49,CLI-085,Carmen Rojas,PROD-014,5,9.50,0.00,EFECTIVO
VTA-004430,2026-08-14,12:25:49,CLI-085,Carmen Rojas,PROD-001,2,5.20,0.00,EFECTIVO
VTA-004430,2026-08-14,12:25:49,CLI-085,Carmen Rojas,PROD-031,15,0.40,0.00,EFECTIVO
VTA-004431,2026-08-14,16:01:30,CLI-027,Ana García,PROD-031,9,0.40,0.00,PLIN
VTA-004431,2026-08-14,16:01:30,CLI-027,Ana García,PROD-003,1,10.90,0.00,PLIN
VTA-004431,2026-08-14,16:01:30,CLI-027,Ana García,PROD-016,3,11.50,0.00,PLIN
VTA-004431,2026-08-14,16:01:30,CLI-027,Ana García,PROD-022,6,3.20,1.64,PLIN
VTA-004432,2026-08-14,20:50:29,CLI-015,Milagros Mendoza,PROD-018,5,4.20,0.00,PLIN
VTA-004433,2026-08-14,19:55:41,CLI-070,Miguel Díaz,PROD-002,2,4.80,0.00,EFECTIVO
VTA-004434,2026-08-14,08:59:26,CLI-065,Carmen Díaz,PROD-008,4,3.20,0.00,YAPE
VTA-004434,2026-08-14,08:59:26,CLI-065,Carmen Díaz,PROD-019,1,8.90,0.00,YAPE
VTA-004434,2026-08-14,08:59:26,CLI-065,Carmen Díaz,PROD-029,5,2.80,0.00,YAPE
VTA-004435,2026-08-14,08:16:38,CLI-004,Luis Mendoza,PROD-019,1,8.90,0.00,EFECTIVO
VTA-004435,2026-08-14,08:16:38,CLI-004,Luis Mendoza,PROD-033,1,9.90,0.00,EFECTIVO
VTA-004436,2026-08-14,12:54:34,CLI-012,Pedro Mendoza,PROD-011,3,4.50,0.00,PLIN
VTA-004436,2026-08-14,12:54:34,CLI-012,Pedro Mendoza,PROD-018,1,4.20,0.00,PLIN
VTA-004436,2026-08-14,12:54:34,CLI-012,Pedro Mendoza,PROD-006,1,2.00,0.00,PLIN
VTA-004437,2026-08-14,07:41:41,CLI-005,Carmen Mendoza,PROD-007,1,3.50,0.00,PLIN
VTA-004437,2026-08-14,07:41:41,CLI-005,Carmen Mendoza,PROD-013,1,2.20,0.00,PLIN
VTA-004438,2026-08-14,13:25:37,CLI-061,Rosa Díaz,PROD-007,2,3.50,0.00,PLIN
VTA-004438,2026-08-14,13:25:37,CLI-061,Rosa Díaz,PROD-001,6,5.20,0.00,PLIN
VTA-004438,2026-08-14,13:25:37,CLI-061,Rosa Díaz,PROD-028,6,2.00,0.53,PLIN
VTA-004438,2026-08-14,13:25:37,CLI-061,Rosa Díaz,PROD-012,6,7.90,0.00,PLIN
VTA-004439,2026-08-14,18:44:32,CLI-007,Ana Mendoza,PROD-006,4,2.00,0.00,EFECTIVO
VTA-004439,2026-08-14,18:44:32,CLI-007,Ana Mendoza,PROD-013,4,2.20,1.29,EFECTIVO
VTA-004440,2026-08-14,17:33:05,CLI-021,Rosa García,PROD-008,3,3.20,0.00,EFECTIVO
VTA-004441,2026-08-14,11:24:37,CLI-053,Patricia Castro,PROD-012,3,7.90,0.00,PLIN
VTA-004441,2026-08-14,11:24:37,CLI-053,Patricia Castro,PROD-006,2,2.00,0.00,PLIN
VTA-004441,2026-08-14,11:24:37,CLI-053,Patricia Castro,PROD-013,4,2.20,0.00,PLIN
VTA-004441,2026-08-14,11:24:37,CLI-053,Patricia Castro,PROD-028,4,2.00,0.00,PLIN
VTA-004442,2026-08-14,12:32:45,CLI-014,Juan Mendoza,PROD-033,5,9.90,0.00,EFECTIVO
VTA-004442,2026-08-14,12:32:45,CLI-014,Juan Mendoza,PROD-007,1,3.50,0.00,EFECTIVO
VTA-004442,2026-08-14,12:32:45,CLI-014,Juan Mendoza,PROD-010,2,4.00,0.00,EFECTIVO
VTA-004443,2026-08-14,19:58:21,CLI-001,Rosa Mendoza,PROD-026,4,1.50,0.00,YAPE
VTA-004443,2026-08-14,19:58:21,CLI-001,Rosa Mendoza,PROD-001,6,5.20,0.00,YAPE
VTA-004443,2026-08-14,19:58:21,CLI-001,Rosa Mendoza,PROD-031,6,0.40,0.00,YAPE
VTA-004443,2026-08-14,19:58:21,CLI-001,Rosa Mendoza,PROD-019,4,8.90,0.00,YAPE
VTA-004444,2026-08-14,18:56:38,CLI-009,Lucía Mendoza,PROD-013,5,2.20,0.00,YAPE
VTA-004444,2026-08-14,18:56:38,CLI-009,Lucía Mendoza,PROD-007,4,3.50,0.00,YAPE
VTA-004444,2026-08-14,18:56:38,CLI-009,Lucía Mendoza,PROD-034,2,4.50,0.00,YAPE
VTA-004444,2026-08-14,18:56:38,CLI-009,Lucía Mendoza,PROD-002,3,4.80,0.00,YAPE
VTA-004445,2026-08-14,17:56:14,CLI-002,José Mendoza,PROD-010,6,4.00,0.00,EFECTIVO
VTA-004445,2026-08-14,17:56:14,CLI-002,José Mendoza,PROD-009,5,5.90,0.00,EFECTIVO
VTA-004446,2026-08-14,12:09:23,CLI-029,Lucía García,PROD-022,4,3.20,0.00,YAPE
VTA-004446,2026-08-14,12:09:23,CLI-029,Lucía García,PROD-001,5,5.20,0.00,YAPE
VTA-004447,2026-08-14,20:37:09,CLI-047,Ana Castro,PROD-034,2,4.50,0.59,YAPE
VTA-004447,2026-08-14,20:37:09,CLI-047,Ana Castro,PROD-001,2,5.20,0.00,YAPE
VTA-004447,2026-08-14,20:37:09,CLI-047,Ana Castro,PROD-027,5,2.50,0.00,YAPE
VTA-004447,2026-08-14,20:37:09,CLI-047,Ana Castro,PROD-006,4,2.00,0.00,YAPE
VTA-004447,2026-08-14,20:37:09,CLI-047,Ana Castro,PROD-013,4,2.20,0.00,YAPE
VTA-004448,2026-08-14,18:42:27,CLI-063,María Díaz,PROD-013,4,2.20,0.00,EFECTIVO
VTA-004449,2026-08-15,21:59:33,CLI-001,Rosa Mendoza,PROD-031,4,0.40,0.00,EFECTIVO
VTA-004449,2026-08-15,21:59:33,CLI-001,Rosa Mendoza,PROD-034,5,4.50,0.00,EFECTIVO
VTA-004450,2026-08-15,07:08:57,CLI-041,Rosa Castro,PROD-011,3,4.50,0.00,YAPE
VTA-004451,2026-08-15,10:38:27,CLI-072,Pedro Díaz,PROD-011,1,4.50,0.00,EFECTIVO
VTA-004451,2026-08-15,10:38:27,CLI-072,Pedro Díaz,PROD-017,4,8.50,0.00,EFECTIVO
VTA-004451,2026-08-15,10:38:27,CLI-072,Pedro Díaz,PROD-020,2,6.50,0.00,EFECTIVO
VTA-004451,2026-08-15,10:38:27,CLI-072,Pedro Díaz,PROD-033,4,9.90,0.00,EFECTIVO
VTA-004451,2026-08-15,10:38:27,CLI-072,Pedro Díaz,PROD-031,15,0.40,0.00,EFECTIVO
VTA-004452,2026-08-15,13:02:10,CLI-002,José Mendoza,PROD-004,2,3.50,0.59,YAPE
VTA-004453,2026-08-15,12:44:05,CLI-073,Patricia Díaz,PROD-027,5,2.50,0.00,YAPE
VTA-004453,2026-08-15,12:44:05,CLI-073,Patricia Díaz,PROD-028,5,2.00,0.00,YAPE
VTA-004453,2026-08-15,12:44:05,CLI-073,Patricia Díaz,PROD-006,3,2.00,0.00,YAPE
VTA-004453,2026-08-15,12:44:05,CLI-073,Patricia Díaz,PROD-016,2,11.50,0.00,YAPE
VTA-004454,2026-08-15,20:59:05,CLI-061,Rosa Díaz,PROD-034,5,4.50,0.00,PLIN
VTA-004455,2026-08-15,07:01:39,CLI-021,Rosa García,PROD-013,1,2.20,0.00,YAPE
VTA-004456,2026-08-15,12:09:23,CLI-032,Pedro García,PROD-012,5,7.90,0.00,TARJETA
VTA-004457,2026-08-15,21:20:54,CLI-052,Pedro Castro,PROD-012,2,7.90,0.00,EFECTIVO
VTA-004457,2026-08-15,21:20:54,CLI-052,Pedro Castro,PROD-013,2,2.20,0.00,EFECTIVO
VTA-004457,2026-08-15,21:20:54,CLI-052,Pedro Castro,PROD-027,6,2.50,0.00,EFECTIVO
VTA-004458,2026-08-15,16:15:01,CLI-020,Marco Mendoza,PROD-001,4,5.20,0.00,YAPE
VTA-004458,2026-08-15,16:15:01,CLI-020,Marco Mendoza,PROD-022,6,3.20,0.00,YAPE
VTA-004458,2026-08-15,16:15:01,CLI-020,Marco Mendoza,PROD-004,5,3.50,0.00,YAPE
VTA-004459,2026-08-15,10:03:26,CLI-021,Rosa García,PROD-008,2,3.20,0.00,EFECTIVO
VTA-004459,2026-08-15,10:03:26,CLI-021,Rosa García,PROD-032,3,6.50,0.00,EFECTIVO
VTA-004460,2026-08-15,21:59:04,CLI-028,Jorge García,PROD-014,3,9.50,0.00,TARJETA
VTA-004461,2026-08-15,13:02:56,CLI-074,Juan Díaz,PROD-028,6,2.00,0.00,EFECTIVO
VTA-004461,2026-08-15,13:02:56,CLI-074,Juan Díaz,PROD-005,5,6.90,0.00,EFECTIVO
VTA-004461,2026-08-15,13:02:56,CLI-074,Juan Díaz,PROD-006,3,2.00,0.00,EFECTIVO
VTA-004461,2026-08-15,13:02:56,CLI-074,Juan Díaz,PROD-019,1,8.90,0.00,EFECTIVO
VTA-004461,2026-08-15,13:02:56,CLI-074,Juan Díaz,PROD-031,20,0.40,0.00,EFECTIVO
VTA-004462,2026-08-15,12:23:59,CLI-048,Jorge Castro,PROD-016,5,11.50,4.92,YAPE
VTA-004463,2026-08-15,15:38:05,CLI-074,Juan Díaz,PROD-001,4,5.20,0.00,YAPE
VTA-004464,2026-08-15,19:21:27,CLI-036,Víctor García,PROD-015,4,8.90,2.80,PLIN
VTA-004465,2026-08-15,09:30:36,CLI-069,Lucía Díaz,PROD-015,6,8.90,0.00,PLIN
VTA-004465,2026-08-15,09:30:36,CLI-069,Lucía Díaz,PROD-001,5,5.20,0.00,PLIN
VTA-004465,2026-08-15,09:30:36,CLI-069,Lucía Díaz,PROD-006,2,2.00,0.00,PLIN
VTA-004465,2026-08-15,09:30:36,CLI-069,Lucía Díaz,PROD-027,1,2.50,0.00,PLIN
VTA-004466,2026-08-15,17:54:36,CLI-077,Claudia Díaz,PROD-031,4,0.40,0.00,YAPE
VTA-004467,2026-08-15,18:01:08,CLI-010,Miguel Mendoza,PROD-016,3,11.50,3.06,PLIN
VTA-004467,2026-08-15,18:01:08,CLI-010,Miguel Mendoza,PROD-027,1,2.50,0.00,PLIN
VTA-004468,2026-08-16,19:08:06,CLI-044,Luis Castro,PROD-034,3,4.50,0.00,TARJETA
VTA-004468,2026-08-16,19:08:06,CLI-044,Luis Castro,PROD-007,1,3.50,0.00,TARJETA
VTA-004469,2026-08-16,16:18:10,CLI-013,Patricia Mendoza,PROD-029,6,2.80,0.00,YAPE
VTA-004469,2026-08-16,16:18:10,CLI-013,Patricia Mendoza,PROD-022,4,3.20,0.00,YAPE
VTA-004469,2026-08-16,16:18:10,CLI-013,Patricia Mendoza,PROD-028,4,2.00,0.00,YAPE
VTA-004470,2026-08-16,14:50:54,CLI-035,Milagros García,PROD-031,12,0.40,0.71,TARJETA
VTA-004470,2026-08-16,14:50:54,CLI-035,Milagros García,PROD-006,5,2.00,0.00,TARJETA
VTA-004471,2026-08-16,17:33:30,CLI-004,Luis Mendoza,PROD-006,1,2.00,0.00,EFECTIVO
VTA-004472,2026-08-16,19:31:55,CLI-011,Elena Mendoza,PROD-027,3,2.50,0.00,EFECTIVO
VTA-004472,2026-08-16,19:31:55,CLI-011,Elena Mendoza,PROD-001,3,5.20,0.00,EFECTIVO
VTA-004473,2026-08-16,19:31:25,CLI-012,Pedro Mendoza,PROD-029,5,2.80,0.00,PLIN
VTA-004474,2026-08-16,20:14:09,CLI-056,Víctor Castro,PROD-028,3,2.00,0.00,YAPE
VTA-004475,2026-08-16,20:56:11,CLI-039,Diana García,PROD-026,5,1.50,0.00,EFECTIVO
VTA-004475,2026-08-16,20:56:11,CLI-039,Diana García,PROD-027,4,2.50,0.00,EFECTIVO
VTA-004475,2026-08-16,20:56:11,CLI-039,Diana García,PROD-016,4,11.50,0.00,EFECTIVO
VTA-004476,2026-08-16,17:38:34,CLI-016,Víctor Mendoza,PROD-027,5,2.50,0.00,PLIN
VTA-004477,2026-08-16,20:43:49,CLI-016,Víctor Mendoza,PROD-005,2,6.90,0.00,EFECTIVO
VTA-004478,2026-08-16,19:58:54,CLI-028,Jorge García,PROD-019,6,8.90,0.00,YAPE
VTA-004478,2026-08-16,19:58:54,CLI-028,Jorge García,PROD-026,3,1.50,0.00,YAPE
VTA-004479,2026-08-16,21:56:00,CLI-006,Carlos Mendoza,PROD-012,3,7.90,0.00,EFECTIVO
VTA-004479,2026-08-16,21:56:00,CLI-006,Carlos Mendoza,PROD-013,2,2.20,0.00,EFECTIVO
VTA-004480,2026-08-16,14:44:04,CLI-051,Elena Castro,PROD-023,1,7.50,0.00,YAPE
VTA-004480,2026-08-16,14:44:04,CLI-051,Elena Castro,PROD-003,4,10.90,4.57,YAPE
VTA-004481,2026-08-16,20:35:26,CLI-041,Rosa Castro,PROD-018,3,4.20,0.00,EFECTIVO
VTA-004481,2026-08-16,20:35:26,CLI-041,Rosa Castro,PROD-005,4,6.90,0.00,EFECTIVO
VTA-004481,2026-08-16,20:35:26,CLI-041,Rosa Castro,PROD-031,9,0.40,0.00,EFECTIVO
VTA-004482,2026-08-16,19:25:45,CLI-087,Ana Rojas,PROD-007,2,3.50,0.00,YAPE
VTA-004482,2026-08-16,19:25:45,CLI-087,Ana Rojas,PROD-002,6,4.80,0.00,YAPE
VTA-004482,2026-08-16,19:25:45,CLI-087,Ana Rojas,PROD-003,4,10.90,0.00,YAPE
VTA-004482,2026-08-16,19:25:45,CLI-087,Ana Rojas,PROD-016,6,11.50,0.00,YAPE
VTA-004482,2026-08-16,19:25:45,CLI-087,Ana Rojas,PROD-015,1,8.90,0.00,YAPE
VTA-004483,2026-08-16,14:23:34,CLI-009,Lucía Mendoza,PROD-015,6,8.90,0.00,TARJETA
VTA-004483,2026-08-16,14:23:34,CLI-009,Lucía Mendoza,PROD-029,1,2.80,0.30,TARJETA
VTA-004484,2026-08-16,18:53:31,CLI-011,Elena Mendoza,PROD-031,12,0.40,0.00,EFECTIVO
VTA-004485,2026-08-16,07:43:35,CLI-051,Elena Castro,PROD-010,5,4.00,0.00,TARJETA
VTA-004486,2026-08-16,20:09:04,CLI-060,Marco Castro,PROD-031,16,0.40,0.00,EFECTIVO
VTA-004486,2026-08-16,20:09:04,CLI-060,Marco Castro,PROD-013,4,2.20,0.00,EFECTIVO
VTA-004486,2026-08-16,20:09:04,CLI-060,Marco Castro,PROD-019,6,8.90,0.00,EFECTIVO
VTA-004486,2026-08-16,20:09:04,CLI-060,Marco Castro,PROD-007,6,3.50,0.00,EFECTIVO
VTA-004487,2026-08-16,13:56:48,CLI-060,Marco Castro,PROD-013,2,2.20,0.00,YAPE
VTA-004487,2026-08-16,13:56:48,CLI-060,Marco Castro,PROD-031,11,0.40,0.00,YAPE
VTA-004487,2026-08-16,13:56:48,CLI-060,Marco Castro,PROD-026,2,1.50,0.00,YAPE
VTA-004488,2026-08-16,16:08:35,CLI-022,José García,PROD-018,3,4.20,0.00,TARJETA
VTA-004488,2026-08-16,16:08:35,CLI-022,José García,PROD-019,2,8.90,0.00,TARJETA
VTA-004489,2026-08-16,15:02:03,CLI-019,Diana Mendoza,PROD-006,4,2.00,1.15,YAPE
VTA-004489,2026-08-16,15:02:03,CLI-019,Diana Mendoza,PROD-005,2,6.90,2.02,YAPE
VTA-004489,2026-08-16,15:02:03,CLI-019,Diana Mendoza,PROD-010,2,4.00,0.00,YAPE
VTA-004489,2026-08-16,15:02:03,CLI-019,Diana Mendoza,PROD-004,1,3.50,0.00,YAPE
VTA-004490,2026-08-16,21:30:17,CLI-011,Elena Mendoza,PROD-032,4,6.50,0.00,EFECTIVO
VTA-004490,2026-08-16,21:30:17,CLI-011,Elena Mendoza,PROD-022,3,3.20,0.00,EFECTIVO
VTA-004491,2026-08-16,17:17:29,CLI-034,Juan García,PROD-006,6,2.00,0.00,EFECTIVO
VTA-004492,2026-08-16,11:17:58,CLI-080,Marco Díaz,PROD-032,2,6.50,0.00,PLIN
VTA-004492,2026-08-16,11:17:58,CLI-080,Marco Díaz,PROD-009,3,5.90,0.00,PLIN
VTA-004493,2026-08-16,20:20:10,CLI-009,Lucía Mendoza,PROD-007,6,3.50,0.00,EFECTIVO
VTA-004493,2026-08-16,20:20:10,CLI-009,Lucía Mendoza,PROD-003,2,10.90,1.28,EFECTIVO
VTA-004494,2026-08-16,09:12:10,CLI-081,Rosa Rojas,PROD-003,6,10.90,0.00,EFECTIVO
VTA-004494,2026-08-16,09:12:10,CLI-081,Rosa Rojas,PROD-011,3,4.50,0.00,EFECTIVO
VTA-004495,2026-08-16,15:33:41,CLI-036,Víctor García,PROD-004,3,3.50,0.00,EFECTIVO
VTA-004496,2026-08-17,17:15:07,CLI-050,Miguel Castro,PROD-007,6,3.50,0.00,TARJETA
VTA-004496,2026-08-17,17:15:07,CLI-050,Miguel Castro,PROD-034,5,4.50,0.00,TARJETA
VTA-004496,2026-08-17,17:15:07,CLI-050,Miguel Castro,PROD-026,2,1.50,0.00,TARJETA
VTA-004496,2026-08-17,17:15:07,CLI-050,Miguel Castro,PROD-001,1,5.20,0.00,TARJETA
VTA-004497,2026-08-17,09:42:31,CLI-065,Carmen Díaz,PROD-034,4,4.50,0.00,EFECTIVO
VTA-004498,2026-08-17,10:41:53,CLI-054,Juan Castro,PROD-004,3,3.50,0.00,EFECTIVO
VTA-004499,2026-08-17,12:45:55,CLI-020,Marco Mendoza,PROD-015,6,8.90,6.74,TARJETA
VTA-004500,2026-08-17,15:57:23,CLI-052,Pedro Castro,PROD-028,5,2.00,0.00,PLIN
VTA-004500,2026-08-17,15:57:23,CLI-052,Pedro Castro,PROD-019,5,8.90,0.00,PLIN
VTA-004501,2026-08-17,14:04:11,CLI-023,María García,PROD-009,3,5.90,0.00,YAPE
VTA-004501,2026-08-17,14:04:11,CLI-023,María García,PROD-006,4,2.00,0.00,YAPE
VTA-004501,2026-08-17,14:04:11,CLI-023,María García,PROD-020,5,6.50,0.00,YAPE
VTA-004502,2026-08-17,15:48:26,CLI-054,Juan Castro,PROD-019,3,8.90,0.00,YAPE
VTA-004502,2026-08-17,15:48:26,CLI-054,Juan Castro,PROD-031,14,0.40,0.00,YAPE
VTA-004503,2026-08-17,16:27:32,CLI-011,Elena Mendoza,PROD-011,1,4.50,0.00,EFECTIVO
VTA-004503,2026-08-17,16:27:32,CLI-011,Elena Mendoza,PROD-013,5,2.20,0.00,EFECTIVO
VTA-004504,2026-08-17,13:43:09,CLI-053,Patricia Castro,PROD-031,17,0.40,0.00,PLIN
VTA-004505,2026-08-17,19:52:38,CLI-018,Renzo Mendoza,PROD-006,5,2.00,0.00,YAPE
VTA-004505,2026-08-17,19:52:38,CLI-018,Renzo Mendoza,PROD-001,3,5.20,0.00,YAPE
VTA-004505,2026-08-17,19:52:38,CLI-018,Renzo Mendoza,PROD-029,3,2.80,0.00,YAPE
VTA-004505,2026-08-17,19:52:38,CLI-018,Renzo Mendoza,PROD-002,3,4.80,0.00,YAPE
VTA-004505,2026-08-17,19:52:38,CLI-018,Renzo Mendoza,PROD-007,1,3.50,0.00,YAPE
VTA-004506,2026-08-17,07:57:54,CLI-025,Carmen García,PROD-029,5,2.80,0.00,EFECTIVO
VTA-004506,2026-08-17,07:57:54,CLI-025,Carmen García,PROD-027,2,2.50,0.36,EFECTIVO
VTA-004507,2026-08-17,20:09:42,CLI-091,Elena Rojas,PROD-005,6,6.90,0.00,EFECTIVO
VTA-004507,2026-08-17,20:09:42,CLI-091,Elena Rojas,PROD-027,3,2.50,0.00,EFECTIVO
VTA-004508,2026-08-18,10:58:21,CLI-069,Lucía Díaz,PROD-032,2,6.50,0.00,YAPE
VTA-004508,2026-08-18,10:58:21,CLI-069,Lucía Díaz,PROD-012,6,7.90,0.00,YAPE
VTA-004508,2026-08-18,10:58:21,CLI-069,Lucía Díaz,PROD-031,20,0.40,0.84,YAPE
VTA-004508,2026-08-18,10:58:21,CLI-069,Lucía Díaz,PROD-006,1,2.00,0.00,YAPE
VTA-004509,2026-08-18,08:49:50,CLI-014,Juan Mendoza,PROD-013,5,2.20,0.00,EFECTIVO
VTA-004509,2026-08-18,08:49:50,CLI-014,Juan Mendoza,PROD-004,6,3.50,0.00,EFECTIVO
VTA-004509,2026-08-18,08:49:50,CLI-014,Juan Mendoza,PROD-006,4,2.00,0.00,EFECTIVO
VTA-004509,2026-08-18,08:49:50,CLI-014,Juan Mendoza,PROD-007,3,3.50,0.00,EFECTIVO
VTA-004510,2026-08-18,17:38:48,CLI-010,Miguel Mendoza,PROD-010,6,4.00,0.00,EFECTIVO
VTA-004510,2026-08-18,17:38:48,CLI-010,Miguel Mendoza,PROD-031,2,0.40,0.00,EFECTIVO
VTA-004511,2026-08-18,13:45:15,CLI-055,Milagros Castro,PROD-012,6,7.90,0.00,PLIN
VTA-004512,2026-08-18,12:29:33,CLI-060,Marco Castro,PROD-004,2,3.50,0.00,YAPE
VTA-004512,2026-08-18,12:29:33,CLI-060,Marco Castro,PROD-031,18,0.40,0.00,YAPE
VTA-004513,2026-08-18,17:01:33,CLI-016,Víctor Mendoza,PROD-004,3,3.50,0.00,EFECTIVO
VTA-004513,2026-08-18,17:01:33,CLI-016,Víctor Mendoza,PROD-017,1,8.50,0.00,EFECTIVO
VTA-004513,2026-08-18,17:01:33,CLI-016,Víctor Mendoza,PROD-028,2,2.00,0.00,EFECTIVO
VTA-004513,2026-08-18,17:01:33,CLI-016,Víctor Mendoza,PROD-010,4,4.00,0.00,EFECTIVO
VTA-004514,2026-08-18,16:22:58,CLI-087,Ana Rojas,PROD-001,4,5.20,0.00,YAPE
VTA-004514,2026-08-18,16:22:58,CLI-087,Ana Rojas,PROD-011,1,4.50,0.00,YAPE
VTA-004514,2026-08-18,16:22:58,CLI-087,Ana Rojas,PROD-028,1,2.00,0.00,YAPE
VTA-004515,2026-08-18,16:37:11,CLI-038,Renzo García,PROD-004,5,3.50,0.00,EFECTIVO
VTA-004515,2026-08-18,16:37:11,CLI-038,Renzo García,PROD-010,2,4.00,0.00,EFECTIVO
VTA-004516,2026-08-18,10:32:40,CLI-027,Ana García,PROD-015,4,8.90,0.00,EFECTIVO
VTA-004516,2026-08-18,10:32:40,CLI-027,Ana García,PROD-010,1,4.00,0.39,EFECTIVO
VTA-004517,2026-08-18,14:21:29,CLI-034,Juan García,PROD-003,1,10.90,0.00,YAPE
VTA-004517,2026-08-18,14:21:29,CLI-034,Juan García,PROD-006,3,2.00,0.00,YAPE
VTA-004517,2026-08-18,14:21:29,CLI-034,Juan García,PROD-022,5,3.20,0.00,YAPE
VTA-004517,2026-08-18,14:21:29,CLI-034,Juan García,PROD-004,2,3.50,0.00,YAPE
VTA-004517,2026-08-18,14:21:29,CLI-034,Juan García,PROD-001,5,5.20,3.84,YAPE
VTA-004518,2026-08-18,10:21:04,CLI-017,Claudia Mendoza,PROD-028,1,2.00,0.00,YAPE
VTA-004518,2026-08-18,10:21:04,CLI-017,Claudia Mendoza,PROD-008,4,3.20,0.00,YAPE
VTA-004518,2026-08-18,10:21:04,CLI-017,Claudia Mendoza,PROD-018,3,4.20,0.00,YAPE
VTA-004518,2026-08-18,10:21:04,CLI-017,Claudia Mendoza,PROD-003,1,10.90,0.00,YAPE
VTA-004518,2026-08-18,10:21:04,CLI-017,Claudia Mendoza,PROD-013,1,2.20,0.00,YAPE
VTA-004519,2026-08-18,18:19:01,CLI-052,Pedro Castro,PROD-023,6,7.50,0.00,YAPE
VTA-004519,2026-08-18,18:19:01,CLI-052,Pedro Castro,PROD-007,5,3.50,0.00,YAPE
VTA-004519,2026-08-18,18:19:01,CLI-052,Pedro Castro,PROD-031,9,0.40,0.00,YAPE
VTA-004519,2026-08-18,18:19:01,CLI-052,Pedro Castro,PROD-033,4,9.90,0.00,YAPE
VTA-004520,2026-08-18,12:21:41,CLI-078,Renzo Díaz,PROD-026,3,1.50,0.00,EFECTIVO
VTA-004521,2026-08-19,10:54:44,CLI-036,Víctor García,PROD-017,4,8.50,0.00,YAPE
VTA-004522,2026-08-19,09:42:06,CLI-024,Luis García,PROD-013,4,2.20,0.00,YAPE
VTA-004522,2026-08-19,09:42:06,CLI-024,Luis García,PROD-032,4,6.50,0.00,YAPE
VTA-004523,2026-08-19,21:44:51,CLI-007,Ana Mendoza,PROD-010,5,4.00,1.13,EFECTIVO
VTA-004524,2026-08-19,17:52:01,CLI-036,Víctor García,PROD-007,1,3.50,0.00,YAPE
VTA-004524,2026-08-19,17:52:01,CLI-036,Víctor García,PROD-009,5,5.90,0.00,YAPE
VTA-004525,2026-08-19,16:18:40,CLI-048,Jorge Castro,PROD-034,2,4.50,0.00,EFECTIVO
VTA-004525,2026-08-19,16:18:40,CLI-048,Jorge Castro,PROD-011,2,4.50,0.00,EFECTIVO
VTA-004526,2026-08-19,20:11:32,CLI-007,Ana Mendoza,PROD-031,7,0.40,0.00,EFECTIVO
VTA-004526,2026-08-19,20:11:32,CLI-007,Ana Mendoza,PROD-018,6,4.20,0.00,EFECTIVO
VTA-004527,2026-08-19,15:28:32,CLI-057,Claudia Castro,PROD-012,6,7.90,0.00,EFECTIVO
VTA-004527,2026-08-19,15:28:32,CLI-057,Claudia Castro,PROD-003,2,10.90,0.00,EFECTIVO
VTA-004527,2026-08-19,15:28:32,CLI-057,Claudia Castro,PROD-007,5,3.50,0.00,EFECTIVO
VTA-004527,2026-08-19,15:28:32,CLI-057,Claudia Castro,PROD-031,6,0.40,0.00,EFECTIVO
VTA-004528,2026-08-19,21:20:23,CLI-015,Milagros Mendoza,PROD-032,1,6.50,0.00,EFECTIVO
VTA-004528,2026-08-19,21:20:23,CLI-015,Milagros Mendoza,PROD-004,6,3.50,0.00,EFECTIVO
VTA-004528,2026-08-19,21:20:23,CLI-015,Milagros Mendoza,PROD-026,3,1.50,0.00,EFECTIVO
VTA-004528,2026-08-19,21:20:23,CLI-015,Milagros Mendoza,PROD-016,1,11.50,0.29,EFECTIVO
VTA-004529,2026-08-19,18:22:14,CLI-038,Renzo García,PROD-001,4,5.20,0.00,EFECTIVO
VTA-004530,2026-08-19,21:09:56,CLI-070,Miguel Díaz,PROD-031,14,0.40,0.00,EFECTIVO
VTA-004530,2026-08-19,21:09:56,CLI-070,Miguel Díaz,PROD-022,3,3.20,0.00,EFECTIVO
VTA-004531,2026-08-19,19:48:06,CLI-007,Ana Mendoza,PROD-018,5,4.20,0.00,EFECTIVO
VTA-004531,2026-08-19,19:48:06,CLI-007,Ana Mendoza,PROD-014,1,9.50,0.00,EFECTIVO
VTA-004531,2026-08-19,19:48:06,CLI-007,Ana Mendoza,PROD-023,1,7.50,0.00,EFECTIVO
VTA-004531,2026-08-19,19:48:06,CLI-007,Ana Mendoza,PROD-003,3,10.90,0.00,EFECTIVO
VTA-004531,2026-08-19,19:48:06,CLI-007,Ana Mendoza,PROD-011,4,4.50,0.00,EFECTIVO
VTA-004532,2026-08-19,17:57:54,CLI-009,Lucía Mendoza,PROD-003,4,10.90,0.00,YAPE
VTA-004532,2026-08-19,17:57:54,CLI-009,Lucía Mendoza,PROD-001,3,5.20,0.00,YAPE
VTA-004533,2026-08-20,16:25:47,CLI-040,Marco García,PROD-017,1,8.50,0.00,EFECTIVO
VTA-004534,2026-08-20,21:17:47,CLI-029,Lucía García,PROD-028,1,2.00,0.00,EFECTIVO
VTA-004535,2026-08-20,11:42:47,CLI-001,Rosa Mendoza,PROD-026,6,1.50,0.00,EFECTIVO
VTA-004535,2026-08-20,11:42:47,CLI-001,Rosa Mendoza,PROD-007,6,3.50,0.00,EFECTIVO
VTA-004536,2026-08-20,16:46:25,CLI-056,Víctor Castro,PROD-013,5,2.20,0.00,EFECTIVO
VTA-004536,2026-08-20,16:46:25,CLI-056,Víctor Castro,PROD-007,4,3.50,0.00,EFECTIVO
VTA-004536,2026-08-20,16:46:25,CLI-056,Víctor Castro,PROD-031,17,0.40,0.00,EFECTIVO
VTA-004537,2026-08-20,15:44:02,CLI-048,Jorge Castro,PROD-008,6,3.20,0.00,EFECTIVO
VTA-004537,2026-08-20,15:44:02,CLI-048,Jorge Castro,PROD-019,6,8.90,2.32,EFECTIVO
VTA-004537,2026-08-20,15:44:02,CLI-048,Jorge Castro,PROD-034,4,4.50,0.00,EFECTIVO
VTA-004537,2026-08-20,15:44:02,CLI-048,Jorge Castro,PROD-031,12,0.40,0.00,EFECTIVO
VTA-004537,2026-08-20,15:44:02,CLI-048,Jorge Castro,PROD-014,2,9.50,0.00,EFECTIVO
VTA-004538,2026-08-20,17:46:20,CLI-037,Claudia García,PROD-012,4,7.90,0.00,PLIN
VTA-004538,2026-08-20,17:46:20,CLI-037,Claudia García,PROD-034,2,4.50,0.00,PLIN
VTA-004539,2026-08-20,07:01:55,CLI-025,Carmen García,PROD-003,4,10.90,0.00,EFECTIVO
VTA-004539,2026-08-20,07:01:55,CLI-025,Carmen García,PROD-007,2,3.50,0.00,EFECTIVO
VTA-004540,2026-08-20,21:17:27,CLI-012,Pedro Mendoza,PROD-011,4,4.50,0.00,YAPE
VTA-004540,2026-08-20,21:17:27,CLI-012,Pedro Mendoza,PROD-003,4,10.90,0.00,YAPE
VTA-004541,2026-08-20,14:38:54,CLI-067,Ana Díaz,PROD-015,1,8.90,0.00,EFECTIVO
VTA-004541,2026-08-20,14:38:54,CLI-067,Ana Díaz,PROD-033,6,9.90,0.00,EFECTIVO
VTA-004542,2026-08-20,18:58:47,CLI-070,Miguel Díaz,PROD-003,5,10.90,0.00,PLIN
VTA-004542,2026-08-20,18:58:47,CLI-070,Miguel Díaz,PROD-031,4,0.40,0.00,PLIN
VTA-004543,2026-08-20,18:34:00,CLI-057,Claudia Castro,PROD-006,1,2.00,0.00,EFECTIVO
VTA-004543,2026-08-20,18:34:00,CLI-057,Claudia Castro,PROD-018,2,4.20,0.00,EFECTIVO
VTA-004543,2026-08-20,18:34:00,CLI-057,Claudia Castro,PROD-001,1,5.20,0.00,EFECTIVO
VTA-004544,2026-08-20,16:25:51,CLI-068,Jorge Díaz,PROD-031,5,0.40,0.00,TARJETA
VTA-004544,2026-08-20,16:25:51,CLI-068,Jorge Díaz,PROD-007,1,3.50,0.24,TARJETA
VTA-004544,2026-08-20,16:25:51,CLI-068,Jorge Díaz,PROD-017,2,8.50,0.00,TARJETA
VTA-004544,2026-08-20,16:25:51,CLI-068,Jorge Díaz,PROD-026,5,1.50,0.46,TARJETA
VTA-004544,2026-08-20,16:25:51,CLI-068,Jorge Díaz,PROD-018,6,4.20,2.64,TARJETA
VTA-004545,2026-08-20,17:44:52,CLI-055,Milagros Castro,PROD-009,3,5.90,0.00,YAPE
VTA-004545,2026-08-20,17:44:52,CLI-055,Milagros Castro,PROD-011,6,4.50,0.00,YAPE
VTA-004545,2026-08-20,17:44:52,CLI-055,Milagros Castro,PROD-029,4,2.80,0.00,YAPE
VTA-004545,2026-08-20,17:44:52,CLI-055,Milagros Castro,PROD-007,2,3.50,0.00,YAPE
VTA-004546,2026-08-20,11:16:23,CLI-013,Patricia Mendoza,PROD-034,3,4.50,0.00,YAPE
VTA-004546,2026-08-20,11:16:23,CLI-013,Patricia Mendoza,PROD-004,5,3.50,0.00,YAPE
VTA-004547,2026-08-20,21:50:25,CLI-014,Juan Mendoza,PROD-028,5,2.00,0.00,PLIN
VTA-004547,2026-08-20,21:50:25,CLI-014,Juan Mendoza,PROD-027,4,2.50,0.00,PLIN
VTA-004547,2026-08-20,21:50:25,CLI-014,Juan Mendoza,PROD-018,1,4.20,0.00,PLIN
VTA-004547,2026-08-20,21:50:25,CLI-014,Juan Mendoza,PROD-031,6,0.40,0.00,PLIN
VTA-004547,2026-08-20,21:50:25,CLI-014,Juan Mendoza,PROD-005,4,6.90,0.00,PLIN
VTA-004548,2026-08-20,17:16:35,CLI-072,Pedro Díaz,PROD-031,19,0.40,0.00,EFECTIVO
VTA-004549,2026-08-20,12:49:13,CLI-081,Rosa Rojas,PROD-004,3,3.50,0.00,EFECTIVO
VTA-004550,2026-08-20,20:41:44,CLI-059,Diana Castro,PROD-022,2,3.20,0.00,EFECTIVO
VTA-004550,2026-08-20,20:41:44,CLI-059,Diana Castro,PROD-029,3,2.80,0.00,EFECTIVO
VTA-004550,2026-08-20,20:41:44,CLI-059,Diana Castro,PROD-031,10,0.40,0.00,EFECTIVO
VTA-004551,2026-08-20,18:02:05,CLI-005,Carmen Mendoza,PROD-032,5,6.50,2.48,PLIN
VTA-004552,2026-08-21,14:47:52,CLI-005,Carmen Mendoza,PROD-027,5,2.50,0.00,PLIN
VTA-004552,2026-08-21,14:47:52,CLI-005,Carmen Mendoza,PROD-013,1,2.20,0.15,PLIN
VTA-004552,2026-08-21,14:47:52,CLI-005,Carmen Mendoza,PROD-026,4,1.50,0.87,PLIN
VTA-004553,2026-08-21,08:54:40,CLI-034,Juan García,PROD-004,5,3.50,0.00,YAPE
VTA-004554,2026-08-21,12:19:43,CLI-043,María Castro,PROD-011,2,4.50,0.00,EFECTIVO
VTA-004554,2026-08-21,12:19:43,CLI-043,María Castro,PROD-013,4,2.20,0.00,EFECTIVO
VTA-004554,2026-08-21,12:19:43,CLI-043,María Castro,PROD-030,6,3.50,0.00,EFECTIVO
VTA-004555,2026-08-21,17:12:01,CLI-016,Víctor Mendoza,PROD-011,1,4.50,0.00,EFECTIVO
VTA-004555,2026-08-21,17:12:01,CLI-016,Víctor Mendoza,PROD-017,1,8.50,0.00,EFECTIVO
VTA-004555,2026-08-21,17:12:01,CLI-016,Víctor Mendoza,PROD-003,1,10.90,0.00,EFECTIVO
VTA-004555,2026-08-21,17:12:01,CLI-016,Víctor Mendoza,PROD-012,1,7.90,0.00,EFECTIVO
VTA-004556,2026-08-21,21:05:21,CLI-053,Patricia Castro,PROD-007,6,3.50,0.00,EFECTIVO
VTA-004556,2026-08-21,21:05:21,CLI-053,Patricia Castro,PROD-014,5,9.50,0.00,EFECTIVO
VTA-004556,2026-08-21,21:05:21,CLI-053,Patricia Castro,PROD-023,2,7.50,0.00,EFECTIVO
VTA-004557,2026-08-21,10:30:44,CLI-015,Milagros Mendoza,PROD-012,4,7.90,0.00,YAPE
VTA-004558,2026-08-21,14:32:43,CLI-036,Víctor García,PROD-008,1,3.20,0.00,YAPE
VTA-004558,2026-08-21,14:32:43,CLI-036,Víctor García,PROD-001,2,5.20,1.39,YAPE
VTA-004558,2026-08-21,14:32:43,CLI-036,Víctor García,PROD-023,6,7.50,0.00,YAPE
VTA-004559,2026-08-21,12:10:34,CLI-002,José Mendoza,PROD-002,6,4.80,0.00,EFECTIVO
VTA-004559,2026-08-21,12:10:34,CLI-002,José Mendoza,PROD-011,5,4.50,0.00,EFECTIVO
VTA-004560,2026-08-21,11:38:14,CLI-002,José Mendoza,PROD-002,2,4.80,0.00,YAPE
VTA-004560,2026-08-21,11:38:14,CLI-002,José Mendoza,PROD-011,3,4.50,0.00,YAPE
VTA-004561,2026-08-21,13:58:42,CLI-069,Lucía Díaz,PROD-013,6,2.20,0.00,EFECTIVO
VTA-004562,2026-08-21,19:51:09,CLI-013,Patricia Mendoza,PROD-012,1,7.90,0.00,EFECTIVO
VTA-004563,2026-08-21,12:15:14,CLI-053,Patricia Castro,PROD-002,4,4.80,0.00,EFECTIVO
VTA-004563,2026-08-21,12:15:14,CLI-053,Patricia Castro,PROD-007,4,3.50,0.00,EFECTIVO
VTA-004563,2026-08-21,12:15:14,CLI-053,Patricia Castro,PROD-016,3,11.50,0.00,EFECTIVO
VTA-004564,2026-08-21,15:11:22,CLI-021,Rosa García,PROD-031,2,0.40,0.00,YAPE
VTA-004564,2026-08-21,15:11:22,CLI-021,Rosa García,PROD-029,5,2.80,0.00,YAPE
VTA-004564,2026-08-21,15:11:22,CLI-021,Rosa García,PROD-019,6,8.90,0.00,YAPE
VTA-004564,2026-08-21,15:11:22,CLI-021,Rosa García,PROD-027,4,2.50,0.00,YAPE
VTA-004565,2026-08-21,07:17:01,CLI-060,Marco Castro,PROD-007,3,3.50,0.88,EFECTIVO
VTA-004565,2026-08-21,07:17:01,CLI-060,Marco Castro,PROD-031,8,0.40,0.00,EFECTIVO
VTA-004565,2026-08-21,07:17:01,CLI-060,Marco Castro,PROD-004,3,3.50,0.00,EFECTIVO
VTA-004566,2026-08-21,20:09:20,CLI-022,José García,PROD-027,5,2.50,0.00,TARJETA
VTA-004567,2026-08-21,09:55:36,CLI-056,Víctor Castro,PROD-006,5,2.00,0.00,EFECTIVO
VTA-004567,2026-08-21,09:55:36,CLI-056,Víctor Castro,PROD-001,6,5.20,0.00,EFECTIVO
VTA-004568,2026-08-21,13:22:54,CLI-020,Marco Mendoza,PROD-009,6,5.90,1.17,EFECTIVO
VTA-004568,2026-08-21,13:22:54,CLI-020,Marco Mendoza,PROD-001,2,5.20,0.00,EFECTIVO
VTA-004569,2026-08-21,21:30:23,CLI-046,Carlos Castro,PROD-026,4,1.50,0.48,EFECTIVO
VTA-004570,2026-08-21,11:28:16,CLI-069,Lucía Díaz,PROD-006,3,2.00,0.00,EFECTIVO
VTA-004570,2026-08-21,11:28:16,CLI-069,Lucía Díaz,PROD-028,3,2.00,0.00,EFECTIVO
VTA-004570,2026-08-21,11:28:16,CLI-069,Lucía Díaz,PROD-017,5,8.50,0.00,EFECTIVO
VTA-004570,2026-08-21,11:28:16,CLI-069,Lucía Díaz,PROD-022,3,3.20,0.00,EFECTIVO
VTA-004570,2026-08-21,11:28:16,CLI-069,Lucía Díaz,PROD-002,4,4.80,0.00,EFECTIVO
VTA-004571,2026-08-21,07:02:32,CLI-033,Patricia García,PROD-007,3,3.50,0.00,EFECTIVO
VTA-004571,2026-08-21,07:02:32,CLI-033,Patricia García,PROD-018,1,4.20,0.00,EFECTIVO
VTA-004571,2026-08-21,07:02:32,CLI-033,Patricia García,PROD-023,3,7.50,0.00,EFECTIVO
VTA-004571,2026-08-21,07:02:32,CLI-033,Patricia García,PROD-002,5,4.80,0.00,EFECTIVO
VTA-004571,2026-08-21,07:02:32,CLI-033,Patricia García,PROD-026,6,1.50,0.00,EFECTIVO
